source_id,source_slug,source_type,source_url,target_url,target_status,redirect_to,anchor
79615,can-a-supplier-force-my-company-into-liquidation,page,https://comdebstage.wpengine.com/liquidation/can-a-supplier-force-my-company-into-liquidation/,/winding-up-petitions/,200,,winding-up petition
79615,can-a-supplier-force-my-company-into-liquidation,page,https://comdebstage.wpengine.com/liquidation/can-a-supplier-force-my-company-into-liquidation/,/liquidation/what-happens-if-a-creditor-takes-me-to-court/,200,,court action by a creditor
79615,can-a-supplier-force-my-company-into-liquidation,page,https://comdebstage.wpengine.com/liquidation/can-a-supplier-force-my-company-into-liquidation/,/liquidation/creditors-voluntary-liquidation/,200,,a Creditors&#8217; Voluntary Liquidation
79606,what-happens-if-a-creditor-takes-me-to-court,page,https://comdebstage.wpengine.com/liquidation/what-happens-if-a-creditor-takes-me-to-court/,/winding-up-petitions/,200,,winding-up petition
79606,what-happens-if-a-creditor-takes-me-to-court,page,https://comdebstage.wpengine.com/liquidation/what-happens-if-a-creditor-takes-me-to-court/,/liquidation/ccj-when-going-insolvent/,200,,a CCJ against the company
79606,what-happens-if-a-creditor-takes-me-to-court,page,https://comdebstage.wpengine.com/liquidation/what-happens-if-a-creditor-takes-me-to-court/,/liquidation/creditors-voluntary-liquidation/,200,,act before a creditor forces liquidation
79553,can-directors-pay-themselves-before-liquidation,page,https://comdebstage.wpengine.com/liquidation/can-directors-pay-themselves-before-liquidation/,/liquidation/what-happens-to-directors-in-liquidation/,200,,a director&#8217;s position in liquidation
79553,can-directors-pay-themselves-before-liquidation,page,https://comdebstage.wpengine.com/liquidation/can-directors-pay-themselves-before-liquidation/,/liquidation/what-happens-if-a-director-resigns-before-liquidation/,200,,a director resigning before liquidation
79553,can-directors-pay-themselves-before-liquidation,page,https://comdebstage.wpengine.com/liquidation/can-directors-pay-themselves-before-liquidation/,/liquidation/what-happens-if-a-director-transfers-assets-before-insolvency/,200,,transactions at undervalue
79553,can-directors-pay-themselves-before-liquidation,page,https://comdebstage.wpengine.com/liquidation/can-directors-pay-themselves-before-liquidation/,https://comdebstage.wpengine.com/quick-quote/,200,,Get a Quote
79545,what-happens-if-a-director-transfers-assets-before-insolvency,page,https://comdebstage.wpengine.com/liquidation/what-happens-if-a-director-transfers-assets-before-insolvency/,/liquidation/what-happens-if-a-director-hides-company-assets/,200,,concealing company assets
79545,what-happens-if-a-director-transfers-assets-before-insolvency,page,https://comdebstage.wpengine.com/liquidation/what-happens-if-a-director-transfers-assets-before-insolvency/,/liquidation/can-directors-pay-themselves-before-liquidation/,200,,director payments before liquidation
79545,what-happens-if-a-director-transfers-assets-before-insolvency,page,https://comdebstage.wpengine.com/liquidation/what-happens-if-a-director-transfers-assets-before-insolvency/,/liquidation/director-conduct-review/,200,,the liquidator&#8217;s review of director conduct
79537,can-a-director-be-sued-personally-by-creditors,page,https://comdebstage.wpengine.com/liquidation/can-a-director-be-sued-personally-by-creditors/,/liquidation/what-happens-to-directors-in-liquidation/,200,,a director&#8217;s position in liquidation
79537,can-a-director-be-sued-personally-by-creditors,page,https://comdebstage.wpengine.com/liquidation/can-a-director-be-sued-personally-by-creditors/,/liquidation/can-directors-go-to-prison-for-company-debt/,200,,directors can go to prison for company debt
79537,can-a-director-be-sued-personally-by-creditors,page,https://comdebstage.wpengine.com/liquidation/can-a-director-be-sued-personally-by-creditors/,/liquidation/what-happens-if-a-director-hides-company-assets/,200,,concealing company assets
79529,what-happens-if-a-director-hides-company-assets,page,https://comdebstage.wpengine.com/liquidation/what-happens-if-a-director-hides-company-assets/,/liquidation/what-happens-if-a-director-transfers-assets-before-insolvency/,200,,transactions at undervalue
79529,what-happens-if-a-director-hides-company-assets,page,https://comdebstage.wpengine.com/liquidation/what-happens-if-a-director-hides-company-assets/,/liquidation/director-conduct-review/,200,,liquidator&#8217;s review of director conduct
79529,what-happens-if-a-director-hides-company-assets,page,https://comdebstage.wpengine.com/liquidation/what-happens-if-a-director-hides-company-assets/,/liquidation/can-a-director-be-sued-personally-by-creditors/,200,,a director can be sued personally
79515,can-directors-go-to-prison-for-company-debt,page,https://comdebstage.wpengine.com/liquidation/can-directors-go-to-prison-for-company-debt/,/liquidation/what-happens-to-directors-in-liquidation/,200,,what happens to directors in liquidation
79515,can-directors-go-to-prison-for-company-debt,page,https://comdebstage.wpengine.com/liquidation/can-directors-go-to-prison-for-company-debt/,/liquidation/can-a-director-be-sued-personally-by-creditors/,200,,personal claims against a director
79515,can-directors-go-to-prison-for-company-debt,page,https://comdebstage.wpengine.com/liquidation/can-directors-go-to-prison-for-company-debt/,/liquidation/whats-the-risk-of-being-disqualified-as-a-director/,200,,the risk of director disqualification
79507,what-happens-if-i-stop-paying-company-debts,page,https://comdebstage.wpengine.com/liquidation/what-happens-if-i-stop-paying-company-debts/,/liquidation/creditors-voluntary-liquidation/,200,,CVL
79507,what-happens-if-i-stop-paying-company-debts,page,https://comdebstage.wpengine.com/liquidation/what-happens-if-i-stop-paying-company-debts/,/winding-up-petitions/,200,,winding-up petition
79507,what-happens-if-i-stop-paying-company-debts,page,https://comdebstage.wpengine.com/liquidation/what-happens-if-i-stop-paying-company-debts/,/liquidation/what-happens-after-company-liquidation/,200,,what happens after liquidation
79489,seek-insolvency-advice-before-missing-payments,page,https://comdebstage.wpengine.com/liquidation/seek-insolvency-advice-before-missing-payments/,/liquidation/cant-afford-to-liquidate/,200,,cannot afford to liquidate
79489,seek-insolvency-advice-before-missing-payments,page,https://comdebstage.wpengine.com/liquidation/seek-insolvency-advice-before-missing-payments/,/liquidation/creditors-voluntary-liquidation/,200,,Creditors&#8217; Voluntary Liquidation
79489,seek-insolvency-advice-before-missing-payments,page,https://comdebstage.wpengine.com/liquidation/seek-insolvency-advice-before-missing-payments/,/liquidation/,200,,how company liquidation works
79480,when-should-a-director-stop-trading,page,https://comdebstage.wpengine.com/liquidation/when-should-a-director-stop-trading/,/liquidation/seek-insolvency-advice-before-missing-payments/,200,,getting insolvency advice early
79480,when-should-a-director-stop-trading,page,https://comdebstage.wpengine.com/liquidation/when-should-a-director-stop-trading/,/liquidation/creditors-voluntary-liquidation/,200,,CVL
79480,when-should-a-director-stop-trading,page,https://comdebstage.wpengine.com/liquidation/when-should-a-director-stop-trading/,/liquidation/what-happens-to-directors-in-liquidation/,200,,where directors stand in liquidation
79472,should-i-close-my-company-or-try-to-save-it,page,https://comdebstage.wpengine.com/liquidation/should-i-close-my-company-or-try-to-save-it/,/liquidation/alternatives-to-company-liquidation/,200,,options other than liquidation
79472,should-i-close-my-company-or-try-to-save-it,page,https://comdebstage.wpengine.com/liquidation/should-i-close-my-company-or-try-to-save-it/,/liquidation/,200,,how company liquidation works
79472,should-i-close-my-company-or-try-to-save-it,page,https://comdebstage.wpengine.com/liquidation/should-i-close-my-company-or-try-to-save-it/,/liquidation/creditors-voluntary-liquidation/,200,,CVL
79463,insolvency-myths-debunked,page,https://comdebstage.wpengine.com/liquidation/insolvency-myths-debunked/,/liquidation/,200,,what happens when a company enters liquidation
79463,insolvency-myths-debunked,page,https://comdebstage.wpengine.com/liquidation/insolvency-myths-debunked/,/liquidation/what-happens-to-directors-in-liquidation/,200,,what happens to directors in liquidation
79463,insolvency-myths-debunked,page,https://comdebstage.wpengine.com/liquidation/insolvency-myths-debunked/,/liquidation/uk-insolvency-flowchart/,200,,insolvency decision flowchart
79455,insolvency-vs-bankruptcy,page,https://comdebstage.wpengine.com/liquidation/insolvency-vs-bankruptcy/,/liquidation/compulsory-liquidation/,200,,compulsory liquidation
79455,insolvency-vs-bankruptcy,page,https://comdebstage.wpengine.com/liquidation/insolvency-vs-bankruptcy/,/liquidation/liquidation-vs-dissolution-strike-off/,200,,the difference between liquidation and strike off
79455,insolvency-vs-bankruptcy,page,https://comdebstage.wpengine.com/liquidation/insolvency-vs-bankruptcy/,/liquidation/,200,,Company liquidation
79445,list-of-liquidation-documents,page,https://comdebstage.wpengine.com/liquidation/list-of-liquidation-documents/,/liquidation/how-to-prepare-for-company-liquidation/,200,,how to prepare for liquidation
79445,list-of-liquidation-documents,page,https://comdebstage.wpengine.com/liquidation/list-of-liquidation-documents/,/liquidation/creditor-meetings-in-liquidation/,200,,what happens at the creditors&#8217; meeting
79445,list-of-liquidation-documents,page,https://comdebstage.wpengine.com/liquidation/list-of-liquidation-documents/,https://comdebstage.wpengine.com/quick-quote/,200,,Get a Quote
79436,directors-responsibilities-after-a-company-is-struck-off,page,https://comdebstage.wpengine.com/liquidation/company-strike-off-and-dissolution/directors-responsibilities-after-a-company-is-struck-off/,/liquidation/company-strike-off-and-dissolution/,200,,dissolution
79436,directors-responsibilities-after-a-company-is-struck-off,page,https://comdebstage.wpengine.com/liquidation/company-strike-off-and-dissolution/directors-responsibilities-after-a-company-is-struck-off/,/liquidation/company-strike-off-and-dissolution/can-i-be-sued-after-my-company-is-dissolved/,200,,claims after a company is dissolved
79436,directors-responsibilities-after-a-company-is-struck-off,page,https://comdebstage.wpengine.com/liquidation/company-strike-off-and-dissolution/directors-responsibilities-after-a-company-is-struck-off/,/liquidation/,200,,company liquidation
79423,insolvency-checklist,page,https://comdebstage.wpengine.com/liquidation/insolvency-checklist/,/liquidation/insolvency-myths-debunked/,200,,common insolvency myths
79423,insolvency-checklist,page,https://comdebstage.wpengine.com/liquidation/insolvency-checklist/,/liquidation/,200,,company liquidation
79423,insolvency-checklist,page,https://comdebstage.wpengine.com/liquidation/insolvency-checklist/,/liquidation/seek-insolvency-advice-before-missing-payments/,200,,speaking to an insolvency practitioner early
79412,uk-insolvency-flowchart,page,https://comdebstage.wpengine.com/liquidation/uk-insolvency-flowchart/,/liquidation/uk-insolvency-glossary/,200,,UK insolvency glossary
79412,uk-insolvency-flowchart,page,https://comdebstage.wpengine.com/liquidation/uk-insolvency-flowchart/,/liquidation/,200,,how company liquidation works
79412,uk-insolvency-flowchart,page,https://comdebstage.wpengine.com/liquidation/uk-insolvency-flowchart/,/liquidation/how-to-choose-the-right-insolvency-procedure/,200,,choosing the right insolvency procedure
79404,uk-insolvency-glossary,page,https://comdebstage.wpengine.com/liquidation/uk-insolvency-glossary/,/liquidation/insolvency-checklist/,200,,insolvency checklist
79404,uk-insolvency-glossary,page,https://comdebstage.wpengine.com/liquidation/uk-insolvency-glossary/,/liquidation/,200,,liquidation guide
79404,uk-insolvency-glossary,page,https://comdebstage.wpengine.com/liquidation/uk-insolvency-glossary/,/liquidation/compulsory-liquidation/,200,,compulsory liquidation
79396,director-conduct-review,page,https://comdebstage.wpengine.com/liquidation/director-conduct-review/,/liquidation/,200,,how company liquidation works
79396,director-conduct-review,page,https://comdebstage.wpengine.com/liquidation/director-conduct-review/,/liquidation/whats-the-risk-of-being-disqualified-as-a-director/,200,,the risk of director disqualification
79396,director-conduct-review,page,https://comdebstage.wpengine.com/liquidation/director-conduct-review/,/liquidation/what-happens-to-directors-in-liquidation/,200,,where directors stand in liquidation
79379,business-bank-account-in-liquidation,page,https://comdebstage.wpengine.com/liquidation/business-bank-account-in-liquidation/,/liquidation/,200,,how company liquidation works
79379,business-bank-account-in-liquidation,page,https://comdebstage.wpengine.com/liquidation/business-bank-account-in-liquidation/,/liquidation/liquidating-a-company-with-no-assets-or-bank-account-uk/,200,,liquidating a company with no assets
79379,business-bank-account-in-liquidation,page,https://comdebstage.wpengine.com/liquidation/business-bank-account-in-liquidation/,/liquidation/company-property-and-real-estate-in-liquidation/,200,,what happens to company property
79360,ccj-when-going-insolvent,page,https://comdebstage.wpengine.com/liquidation/ccj-when-going-insolvent/,/liquidation/,200,,how company liquidation works
79360,ccj-when-going-insolvent,page,https://comdebstage.wpengine.com/liquidation/ccj-when-going-insolvent/,/liquidation/bailiffs-high-court-enforcement-officers/,200,,bailiffs and high court enforcement officers
79360,ccj-when-going-insolvent,page,https://comdebstage.wpengine.com/liquidation/ccj-when-going-insolvent/,/winding-up-petitions/,200,,winding-up petition
79351,can-i-choose-my-liquidator,page,https://comdebstage.wpengine.com/liquidation/can-i-choose-my-liquidator/,/liquidation/liquidators-powers-and-duties/,200,,what a liquidator does
79351,can-i-choose-my-liquidator,page,https://comdebstage.wpengine.com/liquidation/can-i-choose-my-liquidator/,/liquidation/how-much-does-liquidation-cost/,200,,how much liquidation costs
79351,can-i-choose-my-liquidator,page,https://comdebstage.wpengine.com/liquidation/can-i-choose-my-liquidator/,/liquidation/how-to-choose-the-right-insolvency-procedure/,200,,choosing the right insolvency procedure
79342,hmrc-as-a-creditor-in-liquidation,page,https://comdebstage.wpengine.com/liquidation/hmrc-as-a-creditor-in-liquidation/,/liquidation/,200,,going through liquidation
79342,hmrc-as-a-creditor-in-liquidation,page,https://comdebstage.wpengine.com/liquidation/hmrc-as-a-creditor-in-liquidation/,/liquidation/which-creditors-get-paid-first/,200,,the order creditors are paid
79342,hmrc-as-a-creditor-in-liquidation,page,https://comdebstage.wpengine.com/liquidation/hmrc-as-a-creditor-in-liquidation/,/liquidation/paying-staff-but-not-hmrc-before-liquidation/,200,,paying staff but not HMRC
79322,winding-up-petition-vs-compulsory-liquidation,page,https://comdebstage.wpengine.com/liquidation/winding-up-petition-vs-compulsory-liquidation/,/winding-up-petitions/,200,,winding-up petition
79322,winding-up-petition-vs-compulsory-liquidation,page,https://comdebstage.wpengine.com/liquidation/winding-up-petition-vs-compulsory-liquidation/,/liquidation/compulsory-liquidation/,200,,compulsory liquidation
79322,winding-up-petition-vs-compulsory-liquidation,page,https://comdebstage.wpengine.com/liquidation/winding-up-petition-vs-compulsory-liquidation/,/liquidation/cva-vs-strike-off-vs-liquidation/,200,,"comparing CVA, strike off and liquidation"
79304,cva-vs-strike-off-vs-liquidation,page,https://comdebstage.wpengine.com/liquidation/cva-vs-strike-off-vs-liquidation/,/liquidation/insolvency-vs-bankruptcy/,200,,the difference between insolvency and bankruptcy
79304,cva-vs-strike-off-vs-liquidation,page,https://comdebstage.wpengine.com/liquidation/cva-vs-strike-off-vs-liquidation/,/liquidation/,200,,what liquidation involves
79304,cva-vs-strike-off-vs-liquidation,page,https://comdebstage.wpengine.com/liquidation/cva-vs-strike-off-vs-liquidation/,/liquidation/company-strike-off-and-dissolution/,200,,dissolution
79285,liquidating-a-group-company-or-holding-company-in-the-uk,page,https://comdebstage.wpengine.com/liquidation/liquidating-a-group-company-or-holding-company-in-the-uk/,/liquidation/liquidating-a-company-with-no-assets-or-bank-account-uk/,200,,liquidating a company with no assets
79285,liquidating-a-group-company-or-holding-company-in-the-uk,page,https://comdebstage.wpengine.com/liquidation/liquidating-a-group-company-or-holding-company-in-the-uk/,/liquidation/creditors-voluntary-liquidation/,200,,Creditors&#8217; Voluntary Liquidation
79285,liquidating-a-group-company-or-holding-company-in-the-uk,page,https://comdebstage.wpengine.com/liquidation/liquidating-a-group-company-or-holding-company-in-the-uk/,/liquidation/members-voluntary-liquidation/,200,,Members&#8217; Voluntary Liquidation
79285,liquidating-a-group-company-or-holding-company-in-the-uk,page,https://comdebstage.wpengine.com/liquidation/liquidating-a-group-company-or-holding-company-in-the-uk/,https://comdebstage.wpengine.com/quick-quote/,200,,Get a Quote
79276,can-you-liquidate-to-avoid-paying-suppliers,page,https://comdebstage.wpengine.com/liquidation/can-you-liquidate-to-avoid-paying-suppliers/,/liquidation/creditors-voluntary-liquidation/,200,,Creditors&#8217; Voluntary Liquidation (CVL)
79276,can-you-liquidate-to-avoid-paying-suppliers,page,https://comdebstage.wpengine.com/liquidation/can-you-liquidate-to-avoid-paying-suppliers/,/liquidation/which-creditors-get-paid-first/,200,,the order creditors are paid
79276,can-you-liquidate-to-avoid-paying-suppliers,page,https://comdebstage.wpengine.com/liquidation/can-you-liquidate-to-avoid-paying-suppliers/,/liquidation/should-i-close-my-company-or-try-to-save-it/,200,,whether to close or save the company
79266,can-i-liquidate-a-dormant-company,page,https://comdebstage.wpengine.com/liquidation/can-i-liquidate-a-dormant-company/,/liquidation/members-voluntary-liquidation/,200,,MVL
79266,can-i-liquidate-a-dormant-company,page,https://comdebstage.wpengine.com/liquidation/can-i-liquidate-a-dormant-company/,/liquidation/company-strike-off-and-dissolution/,200,,Striking off a company
79266,can-i-liquidate-a-dormant-company,page,https://comdebstage.wpengine.com/liquidation/can-i-liquidate-a-dormant-company/,/liquidation/can-i-liquidate-my-company-with-a-bounce-back-loan/,200,,liquidating a company with a Bounce Back Loan
79256,liquidating-a-company-with-no-assets-or-bank-account-uk,page,https://comdebstage.wpengine.com/liquidation/liquidating-a-company-with-no-assets-or-bank-account-uk/,/liquidation/creditors-voluntary-liquidation/,200,,Creditors&#8217; Voluntary Liquidation (CVL)
79256,liquidating-a-company-with-no-assets-or-bank-account-uk,page,https://comdebstage.wpengine.com/liquidation/liquidating-a-company-with-no-assets-or-bank-account-uk/,/liquidation/can-i-liquidate-a-dormant-company/,200,,closing a dormant company
79256,liquidating-a-company-with-no-assets-or-bank-account-uk,page,https://comdebstage.wpengine.com/liquidation/liquidating-a-company-with-no-assets-or-bank-account-uk/,/liquidation/cant-afford-to-liquidate/,200,,paying for liquidation when the company has no money
79246,can-i-liquidate-my-company-with-a-bounce-back-loan,page,https://comdebstage.wpengine.com/liquidation/can-i-liquidate-my-company-with-a-bounce-back-loan/,/liquidation/creditors-voluntary-liquidation/,200,,Creditors&#8217; Voluntary Liquidation
79246,can-i-liquidate-my-company-with-a-bounce-back-loan,page,https://comdebstage.wpengine.com/liquidation/can-i-liquidate-my-company-with-a-bounce-back-loan/,/liquidation/what-happens-to-directors-in-liquidation/,200,,what happens to directors in liquidation
79246,can-i-liquidate-my-company-with-a-bounce-back-loan,page,https://comdebstage.wpengine.com/liquidation/can-i-liquidate-my-company-with-a-bounce-back-loan/,/liquidation/can-i-start-a-new-company-after-liquidating-my-old-one/,200,,starting a new company after liquidation
79236,can-i-start-a-new-company-after-liquidating-my-old-one,page,https://comdebstage.wpengine.com/liquidation/can-i-start-a-new-company-after-liquidating-my-old-one/,/liquidation/what-happens-to-directors-in-liquidation/,200,,a director&#8217;s position in liquidation
79236,can-i-start-a-new-company-after-liquidating-my-old-one,page,https://comdebstage.wpengine.com/liquidation/can-i-start-a-new-company-after-liquidating-my-old-one/,/liquidation/whats-the-risk-of-being-disqualified-as-a-director/,200,,Director disqualification
78835,whats-the-risk-of-being-disqualified-as-a-director,page,https://comdebstage.wpengine.com/liquidation/whats-the-risk-of-being-disqualified-as-a-director/,/liquidation/what-happens-to-directors-in-liquidation/,200,,how a director is affected by liquidation
78835,whats-the-risk-of-being-disqualified-as-a-director,page,https://comdebstage.wpengine.com/liquidation/whats-the-risk-of-being-disqualified-as-a-director/,/liquidation/director-conduct-review/,200,,when a liquidator reviews what the directors did
78835,whats-the-risk-of-being-disqualified-as-a-director,page,https://comdebstage.wpengine.com/liquidation/whats-the-risk-of-being-disqualified-as-a-director/,/liquidation/can-directors-go-to-prison-for-company-debt/,200,,criminal liability for directors
78851,voluntary-liquidation,page,https://comdebstage.wpengine.com/liquidation/voluntary-liquidation/,/liquidation/creditors-voluntary-liquidation/,200,,a Creditors&#8217; Voluntary Liquidation
78851,voluntary-liquidation,page,https://comdebstage.wpengine.com/liquidation/voluntary-liquidation/,/liquidation/voluntary-vs-compulsory-liquidation/,200,,voluntary vs compulsory liquidation
78851,voluntary-liquidation,page,https://comdebstage.wpengine.com/liquidation/voluntary-liquidation/,/liquidation/members-voluntary-liquidation/,200,,MVL
78851,voluntary-liquidation,page,https://comdebstage.wpengine.com/liquidation/voluntary-liquidation/,/liquidation/compulsory-liquidation/,200,,compulsory liquidation
78851,voluntary-liquidation,page,https://comdebstage.wpengine.com/liquidation/voluntary-liquidation/,/liquidation/when-should-a-director-stop-trading/,200,,when to stop trading
78851,voluntary-liquidation,page,https://comdebstage.wpengine.com/liquidation/voluntary-liquidation/,/liquidation/,200,,liquidation
78825,paying-staff-but-not-hmrc-before-liquidation,page,https://comdebstage.wpengine.com/liquidation/paying-staff-but-not-hmrc-before-liquidation/,/liquidation/which-creditors-get-paid-first/,200,,the order creditors are paid
78825,paying-staff-but-not-hmrc-before-liquidation,page,https://comdebstage.wpengine.com/liquidation/paying-staff-but-not-hmrc-before-liquidation/,/liquidation/what-happens-to-employees/,200,,employee rights in liquidation
78825,paying-staff-but-not-hmrc-before-liquidation,page,https://comdebstage.wpengine.com/liquidation/paying-staff-but-not-hmrc-before-liquidation/,/liquidation/what-happens-if-i-stop-paying-company-debts/,200,,if you stop paying company debts
78825,paying-staff-but-not-hmrc-before-liquidation,page,https://comdebstage.wpengine.com/liquidation/paying-staff-but-not-hmrc-before-liquidation/,https://comdebstage.wpengine.com/quick-quote/,200,,Get a Quote
78812,redundancy-payments-for-directors-in-an-mvl,page,https://comdebstage.wpengine.com/liquidation/redundancy-payments-for-directors-in-an-mvl/,/liquidation/members-voluntary-liquidation/,200,,MVL
78812,redundancy-payments-for-directors-in-an-mvl,page,https://comdebstage.wpengine.com/liquidation/redundancy-payments-for-directors-in-an-mvl/,/liquidation/what-happens-to-employees/,200,,how liquidation affects employees
78812,redundancy-payments-for-directors-in-an-mvl,page,https://comdebstage.wpengine.com/liquidation/redundancy-payments-for-directors-in-an-mvl/,/director-redundancy/,200,,director redundancy
78812,redundancy-payments-for-directors-in-an-mvl,page,https://comdebstage.wpengine.com/liquidation/redundancy-payments-for-directors-in-an-mvl/,https://comdebstage.wpengine.com/quick-quote/,200,,Get a Quote
78797,what-happens-if-a-director-resigns-before-liquidation,page,https://comdebstage.wpengine.com/liquidation/what-happens-if-a-director-resigns-before-liquidation/,/liquidation/what-happens-to-directors-in-liquidation/,200,,how a director is affected by liquidation
78797,what-happens-if-a-director-resigns-before-liquidation,page,https://comdebstage.wpengine.com/liquidation/what-happens-if-a-director-resigns-before-liquidation/,/liquidation/when-should-a-director-stop-trading/,200,,when a director should stop trading
78797,what-happens-if-a-director-resigns-before-liquidation,page,https://comdebstage.wpengine.com/liquidation/what-happens-if-a-director-resigns-before-liquidation/,/liquidation/can-directors-pay-themselves-before-liquidation/,200,,directors paying themselves before liquidation
78781,can-i-be-sued-after-my-company-is-dissolved,page,https://comdebstage.wpengine.com/liquidation/company-strike-off-and-dissolution/can-i-be-sued-after-my-company-is-dissolved/,/liquidation/company-strike-off-and-dissolution/directors-responsibilities-after-a-company-is-struck-off/,200,,a director&#8217;s responsibilities after strike off
78781,can-i-be-sued-after-my-company-is-dissolved,page,https://comdebstage.wpengine.com/liquidation/company-strike-off-and-dissolution/can-i-be-sued-after-my-company-is-dissolved/,/liquidation/what-happens-to-directors-in-liquidation/,200,,what happens to directors in liquidation
78781,can-i-be-sued-after-my-company-is-dissolved,page,https://comdebstage.wpengine.com/liquidation/company-strike-off-and-dissolution/can-i-be-sued-after-my-company-is-dissolved/,/liquidation/company-strike-off-and-dissolution/,200,,Striking off a company
78771,liquidating-a-charity-or-non-profit,page,https://comdebstage.wpengine.com/liquidation/liquidating-a-charity-or-non-profit/,/liquidation/creditors-voluntary-liquidation/,200,,creditors&#8217; voluntary liquidation (CVL)
78771,liquidating-a-charity-or-non-profit,page,https://comdebstage.wpengine.com/liquidation/liquidating-a-charity-or-non-profit/,/liquidation/liquidating-a-limited-liability-partnership/,200,,liquidating an LLP
78771,liquidating-a-charity-or-non-profit,page,https://comdebstage.wpengine.com/liquidation/liquidating-a-charity-or-non-profit/,/liquidation/members-voluntary-liquidation/,200,,Members&#8217; Voluntary Liquidation
78756,liquidating-a-limited-liability-partnership,page,https://comdebstage.wpengine.com/liquidation/liquidating-a-limited-liability-partnership/,/liquidation/liquidating-a-group-company-or-holding-company-in-the-uk/,200,,liquidating a group company
78756,liquidating-a-limited-liability-partnership,page,https://comdebstage.wpengine.com/liquidation/liquidating-a-limited-liability-partnership/,/liquidation/creditors-voluntary-liquidation/,200,,Creditors&#8217; Voluntary Liquidation
78756,liquidating-a-limited-liability-partnership,page,https://comdebstage.wpengine.com/liquidation/liquidating-a-limited-liability-partnership/,/liquidation/voluntary-liquidation/,200,,voluntary liquidation
78707,company-restoration-after-liquidation,page,https://comdebstage.wpengine.com/liquidation/company-restoration-after-liquidation/,/liquidation/,200,,liquidation hub
78707,company-restoration-after-liquidation,page,https://comdebstage.wpengine.com/liquidation/company-restoration-after-liquidation/,/liquidation/what-happens-after-company-liquidation/,200,,what happens once the company has been liquidated
78707,company-restoration-after-liquidation,page,https://comdebstage.wpengine.com/liquidation/company-restoration-after-liquidation/,https://comdebstage.wpengine.com/quick-quote/,200,,Get a Quote
78690,liquidation-deadlines-and-time-limits,page,https://comdebstage.wpengine.com/liquidation/liquidation-deadlines-and-time-limits/,/liquidation/,200,,how company liquidation works
78690,liquidation-deadlines-and-time-limits,page,https://comdebstage.wpengine.com/liquidation/liquidation-deadlines-and-time-limits/,/liquidation/how-to-prepare-for-company-liquidation/,200,,preparing for liquidation
78690,liquidation-deadlines-and-time-limits,page,https://comdebstage.wpengine.com/liquidation/liquidation-deadlines-and-time-limits/,/liquidation/timeline/,200,,the stages of a liquidation
78673,liquidators-powers-and-duties,page,https://comdebstage.wpengine.com/liquidation/liquidators-powers-and-duties/,/liquidation/how-to-challenge-a-liquidators-decisions-or-fees/,200,,if you disagree with a liquidator&#8217;s decision or fees
78673,liquidators-powers-and-duties,page,https://comdebstage.wpengine.com/liquidation/liquidators-powers-and-duties/,/liquidation/creditor-meetings-in-liquidation/,200,,the creditors&#8217; meeting
78673,liquidators-powers-and-duties,page,https://comdebstage.wpengine.com/liquidation/liquidators-powers-and-duties/,/liquidation/,200,,company liquidation
78673,liquidators-powers-and-duties,page,https://comdebstage.wpengine.com/liquidation/liquidators-powers-and-duties/,https://comdebstage.wpengine.com/quick-quote/,200,,Get a Quote
78654,how-to-challenge-a-liquidators-decisions-or-fees,page,https://comdebstage.wpengine.com/liquidation/how-to-challenge-a-liquidators-decisions-or-fees/,/liquidation/liquidators-powers-and-duties/,200,,what a liquidator does
78654,how-to-challenge-a-liquidators-decisions-or-fees,page,https://comdebstage.wpengine.com/liquidation/how-to-challenge-a-liquidators-decisions-or-fees/,/liquidation/can-i-choose-my-liquidator/,200,,choosing your liquidator
78635,creditor-meetings-in-liquidation,page,https://comdebstage.wpengine.com/liquidation/creditor-meetings-in-liquidation/,/liquidation/creditors-voluntary-liquidation/,200,,a Creditors&#8217; Voluntary Liquidation
78635,creditor-meetings-in-liquidation,page,https://comdebstage.wpengine.com/liquidation/creditor-meetings-in-liquidation/,/liquidation/how-to-prove-your-debt-in-company-liquidation/,200,,submitting a claim in a liquidation
78635,creditor-meetings-in-liquidation,page,https://comdebstage.wpengine.com/liquidation/creditor-meetings-in-liquidation/,/liquidation/liquidators-powers-and-duties/,200,,what a liquidator does
78613,how-to-prove-your-debt-in-company-liquidation,page,https://comdebstage.wpengine.com/liquidation/how-to-prove-your-debt-in-company-liquidation/,/liquidation/which-creditors-get-paid-first/,200,,the order creditors are paid
78613,how-to-prove-your-debt-in-company-liquidation,page,https://comdebstage.wpengine.com/liquidation/how-to-prove-your-debt-in-company-liquidation/,/liquidation/liquidators-powers-and-duties/,200,,what a liquidator does
78613,how-to-prove-your-debt-in-company-liquidation,page,https://comdebstage.wpengine.com/liquidation/how-to-prove-your-debt-in-company-liquidation/,/liquidation/creditor-meetings-in-liquidation/,200,,creditor meetings in liquidation
78596,company-vehicles-and-equipment-in-liquidation,page,https://comdebstage.wpengine.com/liquidation/company-vehicles-and-equipment-in-liquidation/,/liquidation/intellectual-property-and-trading-assets-in-liquidation/,200,,intellectual property and trading assets
78596,company-vehicles-and-equipment-in-liquidation,page,https://comdebstage.wpengine.com/liquidation/company-vehicles-and-equipment-in-liquidation/,/liquidation/,200,,how company liquidation works
78596,company-vehicles-and-equipment-in-liquidation,page,https://comdebstage.wpengine.com/liquidation/company-vehicles-and-equipment-in-liquidation/,/liquidation/company-property-and-real-estate-in-liquidation/,200,,company property in liquidation
78578,intellectual-property-and-trading-assets-in-liquidation,page,https://comdebstage.wpengine.com/liquidation/intellectual-property-and-trading-assets-in-liquidation/,/liquidation/leases-and-contracts-in-liquidation/,200,,leases and contracts in liquidation
78578,intellectual-property-and-trading-assets-in-liquidation,page,https://comdebstage.wpengine.com/liquidation/intellectual-property-and-trading-assets-in-liquidation/,/liquidation/company-vehicles-and-equipment-in-liquidation/,200,,vehicles and equipment in a liquidation
78578,intellectual-property-and-trading-assets-in-liquidation,page,https://comdebstage.wpengine.com/liquidation/intellectual-property-and-trading-assets-in-liquidation/,/liquidation/,200,,the company liquidation process
78560,company-property-and-real-estate-in-liquidation,page,https://comdebstage.wpengine.com/liquidation/company-property-and-real-estate-in-liquidation/,/liquidation/,200,,what happens when a company enters liquidation
78560,company-property-and-real-estate-in-liquidation,page,https://comdebstage.wpengine.com/liquidation/company-property-and-real-estate-in-liquidation/,/liquidation/company-vehicles-and-equipment-in-liquidation/,200,,vehicles and equipment in a liquidation
78560,company-property-and-real-estate-in-liquidation,page,https://comdebstage.wpengine.com/liquidation/company-property-and-real-estate-in-liquidation/,/liquidation/which-creditors-get-paid-first/,200,,the order creditors are paid
78560,company-property-and-real-estate-in-liquidation,page,https://comdebstage.wpengine.com/liquidation/company-property-and-real-estate-in-liquidation/,https://comdebstage.wpengine.com/quick-quote/,200,,Get a Quote
78191,leases-and-contracts-in-liquidation,page,https://comdebstage.wpengine.com/liquidation/leases-and-contracts-in-liquidation/,/liquidation/,200,,how company liquidation works
78191,leases-and-contracts-in-liquidation,page,https://comdebstage.wpengine.com/liquidation/leases-and-contracts-in-liquidation/,/liquidation/liquidators-powers-and-duties/,200,,the liquidator&#8217;s role
78191,leases-and-contracts-in-liquidation,page,https://comdebstage.wpengine.com/liquidation/leases-and-contracts-in-liquidation/,/liquidation/company-pensions-and-liquidation/,200,,what happens to pensions when a company is liquidated
78163,company-pensions-and-liquidation,page,https://comdebstage.wpengine.com/liquidation/company-pensions-and-liquidation/,/liquidation/what-happens-to-employees/,200,,how liquidation affects employees
78163,company-pensions-and-liquidation,page,https://comdebstage.wpengine.com/liquidation/company-pensions-and-liquidation/,/liquidation/which-creditors-get-paid-first/,200,,creditor payment priority
78163,company-pensions-and-liquidation,page,https://comdebstage.wpengine.com/liquidation/company-pensions-and-liquidation/,https://comdebstage.wpengine.com/quick-quote/,200,,Get a Quote
78102,how-to-choose-the-right-insolvency-procedure,page,https://comdebstage.wpengine.com/liquidation/how-to-choose-the-right-insolvency-procedure/,/liquidation/creditors-voluntary-liquidation/,200,,A creditors&#8217; voluntary liquidation
78102,how-to-choose-the-right-insolvency-procedure,page,https://comdebstage.wpengine.com/liquidation/how-to-choose-the-right-insolvency-procedure/,/liquidation/timeline/,200,,liquidation timeline
78102,how-to-choose-the-right-insolvency-procedure,page,https://comdebstage.wpengine.com/liquidation/how-to-choose-the-right-insolvency-procedure/,/liquidation/alternatives-to-company-liquidation/,200,,alternatives to liquidation
78102,how-to-choose-the-right-insolvency-procedure,page,https://comdebstage.wpengine.com/liquidation/how-to-choose-the-right-insolvency-procedure/,/liquidation/,200,,how company liquidation works
77916,voluntary-vs-compulsory-liquidation,page,https://comdebstage.wpengine.com/liquidation/voluntary-vs-compulsory-liquidation/,/liquidation/winding-up-petition-vs-compulsory-liquidation/,200,,how a winding-up petition becomes compulsory liquidation
77916,voluntary-vs-compulsory-liquidation,page,https://comdebstage.wpengine.com/liquidation/voluntary-vs-compulsory-liquidation/,/liquidation/voluntary-liquidation/,200,,voluntary liquidation
77916,voluntary-vs-compulsory-liquidation,page,https://comdebstage.wpengine.com/liquidation/voluntary-vs-compulsory-liquidation/,/liquidation/compulsory-liquidation/,200,,Compulsory liquidation
77883,liquidation-vs-dissolution-strike-off,page,https://comdebstage.wpengine.com/liquidation/liquidation-vs-dissolution-strike-off/,/liquidation/voluntary-vs-compulsory-liquidation/,200,,voluntary vs compulsory liquidation
77883,liquidation-vs-dissolution-strike-off,page,https://comdebstage.wpengine.com/liquidation/liquidation-vs-dissolution-strike-off/,/closing-a-limited-company/,200,,company closure options
77883,liquidation-vs-dissolution-strike-off,page,https://comdebstage.wpengine.com/liquidation/liquidation-vs-dissolution-strike-off/,/liquidation/company-strike-off-and-dissolution/,200,,Dissolving a company
77814,how-to-prepare-for-company-liquidation,page,https://comdebstage.wpengine.com/liquidation/how-to-prepare-for-company-liquidation/,/liquidation/,200,,how company liquidation works
77814,how-to-prepare-for-company-liquidation,page,https://comdebstage.wpengine.com/liquidation/how-to-prepare-for-company-liquidation/,/liquidation/list-of-liquidation-documents/,200,,documents needed for liquidation
77814,how-to-prepare-for-company-liquidation,page,https://comdebstage.wpengine.com/liquidation/how-to-prepare-for-company-liquidation/,/liquidation/timeline/,200,,how long liquidation takes
77960,cant-afford-to-liquidate,page,https://comdebstage.wpengine.com/liquidation/cant-afford-to-liquidate/,/liquidation/creditors-voluntary-liquidation/,200,,CVL
77960,cant-afford-to-liquidate,page,https://comdebstage.wpengine.com/liquidation/cant-afford-to-liquidate/,/liquidation/how-much-does-liquidation-cost/,200,,how much liquidation costs
77960,cant-afford-to-liquidate,page,https://comdebstage.wpengine.com/liquidation/cant-afford-to-liquidate/,/liquidation/can-you-liquidate-to-avoid-paying-suppliers/,200,,use liquidation to avoid supplier debts
77739,which-creditors-get-paid-first,page,https://comdebstage.wpengine.com/liquidation/which-creditors-get-paid-first/,/liquidation/hmrc-as-a-creditor-in-liquidation/,200,,HMRC&#8217;s preferential creditor status
77739,which-creditors-get-paid-first,page,https://comdebstage.wpengine.com/liquidation/which-creditors-get-paid-first/,/liquidation/how-to-prove-your-debt-in-company-liquidation/,200,,proving a debt in liquidation
77739,which-creditors-get-paid-first,page,https://comdebstage.wpengine.com/liquidation/which-creditors-get-paid-first/,/liquidation/creditors-voluntary-liquidation/,200,,a Creditors&#8217; Voluntary Liquidation
77339,guides-resources-hub,page,https://comdebstage.wpengine.com/guides-resources-hub/,/insolvency/what-is-an-insolvency-practitioner/,200,,Insolvency Practitioner Explained
77339,guides-resources-hub,page,https://comdebstage.wpengine.com/guides-resources-hub/,/insolvency/what-is-the-insolvency-service/,200,,Insolvency Service Explained
77339,guides-resources-hub,page,https://comdebstage.wpengine.com/guides-resources-hub/,/insolvency/insolvent-company-investigations/,200,,Insolvency Investigations Explained
77339,guides-resources-hub,page,https://comdebstage.wpengine.com/guides-resources-hub/,/insolvency/what-is-a-creditor/,200,,Understanding Creditors
77339,guides-resources-hub,page,https://comdebstage.wpengine.com/guides-resources-hub/,/insolvency/lpa-receivership/,200,,LPA Receiverships Explained
77339,guides-resources-hub,page,https://comdebstage.wpengine.com/guides-resources-hub/,/director-redundancy/,200,,Director Redundancy Pay Guide
77339,guides-resources-hub,page,https://comdebstage.wpengine.com/guides-resources-hub/,/insolvency/what-happens-if-a-company-cannot-pay-its-debts/,200,,What Happens if a Company Cannot Pay Debts?
77339,guides-resources-hub,page,https://comdebstage.wpengine.com/guides-resources-hub/,/insolvency/limited-company-bankruptcy/,200,,Company Bankruptcy Explained
77339,guides-resources-hub,page,https://comdebstage.wpengine.com/guides-resources-hub/,/liquidation/company-strike-off-and-dissolution/,200,,Strike Off &amp; Dissolution
77339,guides-resources-hub,page,https://comdebstage.wpengine.com/guides-resources-hub/,/insolvency/cease-trading/,200,,What Does it Mean When a Company Has Ceased Trading?
77339,guides-resources-hub,page,https://comdebstage.wpengine.com/guides-resources-hub/,/insolvency/validation-order/,200,,Validation Orders
77339,guides-resources-hub,page,https://comdebstage.wpengine.com/guides-resources-hub/,/insolvency/what-to-do-about-customer-insolvency/,200,,Customer Insolvency
77339,guides-resources-hub,page,https://comdebstage.wpengine.com/guides-resources-hub/,/insolvency/insolvent-company-owes-me-money/,200,,When an Insolvent Company Owes You Money
77339,guides-resources-hub,page,https://comdebstage.wpengine.com/guides-resources-hub/,/insolvency/what-is-an-individual-voluntary-arrangement/,200,,Individual Voluntary Arrangements (IVA)
77339,guides-resources-hub,page,https://comdebstage.wpengine.com/guides-resources-hub/,/sample-letters/cease-trading-template/,200,,Cease Trading – Template Letter
77339,guides-resources-hub,page,https://comdebstage.wpengine.com/guides-resources-hub/,/sample-letters/hold-action-on-my-account/,200,,Hold Action on my Account While I Get Advice – Template Letter
77339,guides-resources-hub,page,https://comdebstage.wpengine.com/guides-resources-hub/,/sample-letters/i-cannot-afford-to-repay-my-debt/,200,,I Cannot Afford to Repay my Debt – Template Letter
77339,guides-resources-hub,page,https://comdebstage.wpengine.com/guides-resources-hub/,/sample-letters/i-have-no-knowledge-of-this-debt/,200,,I Have No Knowledge of this Debt – Template Letter
77339,guides-resources-hub,page,https://comdebstage.wpengine.com/guides-resources-hub/,/sample-letters/i-need-more-information-about-this-debt/,200,,I Need More Information About this Debt – Template Letter
77339,guides-resources-hub,page,https://comdebstage.wpengine.com/guides-resources-hub/,/sample-letters/request-a-reduced-monthly-payment/,200,,Request a Reduced Monthly Payment – Template Letter
77339,guides-resources-hub,page,https://comdebstage.wpengine.com/guides-resources-hub/,/sample-letters/tell-debt-collector-to-stop-contacting-you/,200,,Tell Debt Collector to Stop Contacting You – Template Letter
77339,guides-resources-hub,page,https://comdebstage.wpengine.com/guides-resources-hub/,/sample-letters/write-off-my-debt/,200,,Write Off My Debt – Template Letter
77278,company-strike-off-and-dissolution,page,https://comdebstage.wpengine.com/liquidation/company-strike-off-and-dissolution/,/liquidation/creditors-voluntary-liquidation/,200,,a Creditors&#8217; Voluntary Liquidation
77278,company-strike-off-and-dissolution,page,https://comdebstage.wpengine.com/liquidation/company-strike-off-and-dissolution/,/liquidation/,200,,liquidation
77278,company-strike-off-and-dissolution,page,https://comdebstage.wpengine.com/liquidation/company-strike-off-and-dissolution/,/liquidation/liquidation-vs-dissolution-strike-off/,200,,the difference between liquidation and strike off
77278,company-strike-off-and-dissolution,page,https://comdebstage.wpengine.com/liquidation/company-strike-off-and-dissolution/,/insolvency/insolvency-test/,200,,insolvency test
77278,company-strike-off-and-dissolution,page,https://comdebstage.wpengine.com/liquidation/company-strike-off-and-dissolution/,/closing-a-limited-company/,200,,closing a limited company
77248,sector-insolvency-hub,page,https://comdebstage.wpengine.com/sector-insolvency-hub/,/hospitality-restaurant-insolvency/,200,,Hospitality &amp; Restaurant Insolvency
77248,sector-insolvency-hub,page,https://comdebstage.wpengine.com/sector-insolvency-hub/,/insolvency/retail-industry-insolvency-trends/,200,,Retail Insolvency
77248,sector-insolvency-hub,page,https://comdebstage.wpengine.com/sector-insolvency-hub/,/charity-non-profit-insolvency/,200,,Charity &amp; Non-Profit Insolvency
77248,sector-insolvency-hub,page,https://comdebstage.wpengine.com/sector-insolvency-hub/,/care-home-insolvency/,200,,Care Home Insolvency
77248,sector-insolvency-hub,page,https://comdebstage.wpengine.com/sector-insolvency-hub/,/energy-provider-insolvency/,200,,Energy Provider Insolvency
77248,sector-insolvency-hub,page,https://comdebstage.wpengine.com/sector-insolvency-hub/,/manufacturing-insolvency/,200,,Manufacturing Insolvency
77248,sector-insolvency-hub,page,https://comdebstage.wpengine.com/sector-insolvency-hub/,/construction-insolvency/,200,,Construction Insolvency
77248,sector-insolvency-hub,page,https://comdebstage.wpengine.com/sector-insolvency-hub/,/transport-haulage-insolvency/,200,,Transport &amp; Haulage Insolvency
77248,sector-insolvency-hub,page,https://comdebstage.wpengine.com/sector-insolvency-hub/,/professional-services-insolvency/,200,,Professional Services Insolvency
77097,bailiffs-high-court-enforcement-officers,page,https://comdebstage.wpengine.com/liquidation/bailiffs-high-court-enforcement-officers/,/liquidation/what-happens-to-directors-in-liquidation/,200,,a director&#8217;s position in liquidation
77097,bailiffs-high-court-enforcement-officers,page,https://comdebstage.wpengine.com/liquidation/bailiffs-high-court-enforcement-officers/,/winding-up-petitions/,200,,winding-up petitions
77097,bailiffs-high-court-enforcement-officers,page,https://comdebstage.wpengine.com/liquidation/bailiffs-high-court-enforcement-officers/,/liquidation/can-a-supplier-force-my-company-into-liquidation/,200,,being forced into liquidation by a supplier
76904,am-i-solvent,page,https://comdebstage.wpengine.com/liquidation/am-i-solvent/,/liquidation/,200,,liquidation hub
76904,am-i-solvent,page,https://comdebstage.wpengine.com/liquidation/am-i-solvent/,/liquidation/seek-insolvency-advice-before-missing-payments/,200,,take advice before missing payments
76904,am-i-solvent,page,https://comdebstage.wpengine.com/liquidation/am-i-solvent/,/liquidation/voluntary-liquidation/,200,,voluntary liquidation routes
76904,am-i-solvent,page,https://comdebstage.wpengine.com/liquidation/am-i-solvent/,https://comdebstage.wpengine.com/quick-quote/,200,,Get a Quote
75111,overdrawn-directors-loan-accounts,page,https://comdebstage.wpengine.com/advice/overdrawn-directors-loan-accounts/,/advice/are-directors-personally-liable-for-company-debts/,200,,Are Directors Personally Liable for Company Debts?
75111,overdrawn-directors-loan-accounts,page,https://comdebstage.wpengine.com/advice/overdrawn-directors-loan-accounts/,/liquidation/which-creditors-get-paid-first/,200,,Which Creditors Get Paid First in Liquidation?
75111,overdrawn-directors-loan-accounts,page,https://comdebstage.wpengine.com/advice/overdrawn-directors-loan-accounts/,/liquidation/what-happens-to-directors-in-liquidation/,200,,What Happens to Directors During Liquidation
75111,overdrawn-directors-loan-accounts,page,https://comdebstage.wpengine.com/advice/overdrawn-directors-loan-accounts/,/liquidation/creditors-voluntary-liquidation/,200,,Creditors&#8217; Voluntary Liquidation
75111,overdrawn-directors-loan-accounts,page,https://comdebstage.wpengine.com/advice/overdrawn-directors-loan-accounts/,/advice/can-a-director-be-made-bankrupt-if-a-business-fails/,200,,Can a Director Be Made Bankrupt
75111,overdrawn-directors-loan-accounts,page,https://comdebstage.wpengine.com/advice/overdrawn-directors-loan-accounts/,/advice/directors-disqualification/,200,,Director Disqualification
75111,overdrawn-directors-loan-accounts,page,https://comdebstage.wpengine.com/advice/overdrawn-directors-loan-accounts/,/insolvency/insolvency-test/,200,,30-Second Insolvency Test
73778,alternatives-to-company-liquidation,page,https://comdebstage.wpengine.com/liquidation/alternatives-to-company-liquidation/,/liquidation/,200,,how company liquidation works
73778,alternatives-to-company-liquidation,page,https://comdebstage.wpengine.com/liquidation/alternatives-to-company-liquidation/,/liquidation/am-i-solvent/,200,,whether the company is solvent
73778,alternatives-to-company-liquidation,page,https://comdebstage.wpengine.com/liquidation/alternatives-to-company-liquidation/,/liquidation/creditors-voluntary-liquidation/,200,,close the company through a CVL
71514,directors-duties-to-creditors,page,https://comdebstage.wpengine.com/advice/directors-duties-to-creditors/,https://comdebstage.wpengine.com/quick-quote/,200,,Get a Quote
68207,are-directors-personally-liable-for-company-debts,page,https://comdebstage.wpengine.com/advice/are-directors-personally-liable-for-company-debts/,/liquidation/what-happens-to-directors-in-liquidation/,200,,What Happens to Directors During Liquidation
68207,are-directors-personally-liable-for-company-debts,page,https://comdebstage.wpengine.com/advice/are-directors-personally-liable-for-company-debts/,/liquidation/when-should-a-director-stop-trading/,200,,When to Stop Trading
68207,are-directors-personally-liable-for-company-debts,page,https://comdebstage.wpengine.com/advice/are-directors-personally-liable-for-company-debts/,/advice/directors-disqualification/,200,,Director Disqualification
68207,are-directors-personally-liable-for-company-debts,page,https://comdebstage.wpengine.com/advice/are-directors-personally-liable-for-company-debts/,/hmrc/personal-liability-notices/,200,,HMRC Personal Liability Notices
68207,are-directors-personally-liable-for-company-debts,page,https://comdebstage.wpengine.com/advice/are-directors-personally-liable-for-company-debts/,/advice/directors-personal-guarantees/,200,,Directors&#8217; Personal Guarantees
68207,are-directors-personally-liable-for-company-debts,page,https://comdebstage.wpengine.com/advice/are-directors-personally-liable-for-company-debts/,/advice/can-a-director-be-made-bankrupt-if-a-business-fails/,200,,Can a Director Be Made Bankrupt
68207,are-directors-personally-liable-for-company-debts,page,https://comdebstage.wpengine.com/advice/are-directors-personally-liable-for-company-debts/,/insolvency/insolvency-test/,200,,30-Second Insolvency Test
68153,advice,page,https://comdebstage.wpengine.com/advice/,/advice/can-a-director-be-made-bankrupt-if-a-business-fails/,200,,Can a Director be Made Bankrupt if a Business Fails?
68153,advice,page,https://comdebstage.wpengine.com/advice/,/advice/can-personal-assets-of-directors-be-seized-from-a-ltd-company/,200,,Can Personal Assets of Directors be Seized from a Ltd Company?
68153,advice,page,https://comdebstage.wpengine.com/advice/,/advice/losing-house-if-company-goes-bust/,200,,If my Limited Company Goes Bust Will I Lose my House?
68153,advice,page,https://comdebstage.wpengine.com/advice/,/advice/the-risks-of-signing-a-personal-guarantee/,200,,What are the Risks of Signing a Personal Guarantee?
68153,advice,page,https://comdebstage.wpengine.com/advice/,/advice/personal-guarantee-insurance/,200,,Personal Guarantee Insurance (PGI)
68153,advice,page,https://comdebstage.wpengine.com/advice/,/advice/unenforceable-personal-guarantee/,200,,What is an Unenforceable Personal Guarantee?
68153,advice,page,https://comdebstage.wpengine.com/advice/,/advice/writing-off-a-directors-loan-account/,200,,Can I Write Off an Overdrawn Director’s Loan Account?
68153,advice,page,https://comdebstage.wpengine.com/advice/,/advice/how-to-legally-take-money-out-of-a-limited-company/,200,,How to Legally Take Money out of a Limited Company
68153,advice,page,https://comdebstage.wpengine.com/advice/,/advice/what-are-the-duties-and-responsibilities-of-a-company-director/,200,,Duties and Responsibilities of a Company Director
68153,advice,page,https://comdebstage.wpengine.com/advice/,/advice/what-is-the-companies-act-2006/,200,,What is The Companies Act 2006?
68153,advice,page,https://comdebstage.wpengine.com/advice/,/advice/what-are-a-company-directors-duties-to-avoid-and-disclose-conflicts-of-interest/,200,,Company Director’s Duties to Avoid and Disclose Conflicts of Interest
68153,advice,page,https://comdebstage.wpengine.com/advice/,/advice/directors-duties-to-creditors/,200,,What are a Directors’ Duties to Creditors?
68153,advice,page,https://comdebstage.wpengine.com/advice/,/advice/what-is-a-directors-responsibility-for-accountancy-errors/,200,,What is a Director’s Responsibility for Accountancy Errors?
68153,advice,page,https://comdebstage.wpengine.com/advice/,/advice/misfeasance/,200,,What is Misfeasance?
68153,advice,page,https://comdebstage.wpengine.com/advice/,/advice/insolvency-advice-for-directors/,200,,Insolvency Advice for Company Directors
68153,advice,page,https://comdebstage.wpengine.com/advice/,/advice/debt-management-guide/,200,,How to Manage Business Debt
68153,advice,page,https://comdebstage.wpengine.com/advice/,/advice/frozen-bank-account/,200,,My Company Bank Account is Frozen
68153,advice,page,https://comdebstage.wpengine.com/advice/,/advice/overdrawn-directors-loan-accounts/,200,,Can I Close My Company With An Overdrawn Director’s Loan?
68153,advice,page,https://comdebstage.wpengine.com/advice/,/insolvency/preferential-non-preferential-creditors/,200,,What is a Preferential and Non-Preferential Creditor?
68153,advice,page,https://comdebstage.wpengine.com/advice/,/advice/what-are-fixed-and-floating-charges/,200,,What are Fixed and Floating Charges?
68153,advice,page,https://comdebstage.wpengine.com/advice/,/advice/the-risks-of-signing-a-personal-guarantee/,200,,What Happens to Personal Guarantees in Liquidation?
68153,advice,page,https://comdebstage.wpengine.com/advice/,/advice/directors-disqualification/,200,,When Can a Director be Disqualified?
68153,advice,page,https://comdebstage.wpengine.com/advice/,/advice/what-are-phoenix-companies/,200,,What is a Phoenix Company and are They Legal?
68153,advice,page,https://comdebstage.wpengine.com/advice/,/advice/what-is-limited-liability/,200,,What Does Limited Liability Mean?
68153,advice,page,https://comdebstage.wpengine.com/advice/,/advice/can-director-criminal-record/,200,,Can a Director have a Criminal Record?
68153,advice,page,https://comdebstage.wpengine.com/advice/,/advice/are-directors-personally-liable-for-company-debts/,200,,Are Directors Responsible for Company Debts?
68153,advice,page,https://comdebstage.wpengine.com/advice/,/advice/hmrcs-ir35-investigations-different/,200,,What Happens in an HMRC IR35 Investigation?
68153,advice,page,https://comdebstage.wpengine.com/advice/,/advice/preventing-company-director-disputes/,200,,Company Director Disputes
68153,advice,page,https://comdebstage.wpengine.com/advice/,/advice/funding-options-for-smes-in-the-uk/,200,,Funding Options for SMEs in the UK
68153,advice,page,https://comdebstage.wpengine.com/advice/,/advice/get-free-business-debt-advice/,200,,How to Get Free Business Debt Advice
68101,dealing-with-creditor-pressure,page,https://comdebstage.wpengine.com/insolvency/dealing-with-creditor-pressure/,/debt-creditor-pressure-hub/,200,,Debt and creditor pressure hub
68101,dealing-with-creditor-pressure,page,https://comdebstage.wpengine.com/insolvency/dealing-with-creditor-pressure/,/company-rescue-solutions/,200,,Company rescue solutions hub
68101,dealing-with-creditor-pressure,page,https://comdebstage.wpengine.com/insolvency/dealing-with-creditor-pressure/,/company-rescue-solutions/company-voluntary-arrangement/director-guarantees-in-a-cva/,200,,Director guarantees in a CVA
68101,dealing-with-creditor-pressure,page,https://comdebstage.wpengine.com/insolvency/dealing-with-creditor-pressure/,/mental-health-debt-stress-support/,200,,Mental health and debt stress support
65614,closing-a-limited-company,page,https://comdebstage.wpengine.com/closing-a-limited-company/,/liquidation/company-strike-off-and-dissolution/,200,,file a DS01 form
65614,closing-a-limited-company,page,https://comdebstage.wpengine.com/closing-a-limited-company/,/liquidation/members-voluntary-liquidation/,200,,A Members&#8217; Voluntary Liquidation
65614,closing-a-limited-company,page,https://comdebstage.wpengine.com/closing-a-limited-company/,/liquidation/creditors-voluntary-liquidation/,200,,A Creditors&#8217; Voluntary Liquidation
65614,closing-a-limited-company,page,https://comdebstage.wpengine.com/closing-a-limited-company/,/liquidation/,200,,Company Liquidation
65614,closing-a-limited-company,page,https://comdebstage.wpengine.com/closing-a-limited-company/,/liquidation/creditors-voluntary-liquidation/,200,,Creditors&#8217; Voluntary Liquidation
65614,closing-a-limited-company,page,https://comdebstage.wpengine.com/closing-a-limited-company/,/liquidation/members-voluntary-liquidation/,200,,Members&#8217; Voluntary Liquidation
65614,closing-a-limited-company,page,https://comdebstage.wpengine.com/closing-a-limited-company/,/liquidation/company-strike-off-and-dissolution/,200,,Strike-Off and Dissolution
65614,closing-a-limited-company,page,https://comdebstage.wpengine.com/closing-a-limited-company/,/company-rescue-solutions/company-voluntary-arrangement/,200,,Company Voluntary Arrangement
65614,closing-a-limited-company,page,https://comdebstage.wpengine.com/closing-a-limited-company/,/winding-up-petitions/,200,,Winding-Up Petitions
65614,closing-a-limited-company,page,https://comdebstage.wpengine.com/closing-a-limited-company/,/insolvency/insolvency-test/,200,,30-Second Insolvency Test
65483,company-administration,page,https://comdebstage.wpengine.com/company-administration/,/liquidation/,200,,Company Liquidation
65483,company-administration,page,https://comdebstage.wpengine.com/company-administration/,/company-rescue-solutions/company-voluntary-arrangement/,200,,Company Voluntary Arrangement
65483,company-administration,page,https://comdebstage.wpengine.com/company-administration/,/liquidation/compulsory-liquidation/,200,,Compulsory Liquidation
65483,company-administration,page,https://comdebstage.wpengine.com/company-administration/,/winding-up-petitions/,200,,Winding-Up Petitions
65483,company-administration,page,https://comdebstage.wpengine.com/company-administration/,/liquidation/what-happens-to-directors-in-liquidation/,200,,What Happens to Directors During Liquidation
65483,company-administration,page,https://comdebstage.wpengine.com/company-administration/,/liquidation/what-happens-to-employees/,200,,What Happens to Employees in Liquidation
65483,company-administration,page,https://comdebstage.wpengine.com/company-administration/,/insolvency/insolvency-test/,200,,30-Second Insolvency Test
65238,what-happens-after-company-liquidation,page,https://comdebstage.wpengine.com/liquidation/what-happens-after-company-liquidation/,/liquidation/,200,,formal company liquidation
65238,what-happens-after-company-liquidation,page,https://comdebstage.wpengine.com/liquidation/what-happens-after-company-liquidation/,/liquidation/what-happens-to-directors-in-liquidation/,200,,a director&#8217;s position in liquidation
65238,what-happens-after-company-liquidation,page,https://comdebstage.wpengine.com/liquidation/what-happens-after-company-liquidation/,/liquidation/redundancy-payments-for-directors-in-an-mvl/,200,,redundancy a director can claim within an MVL
57472,contact-us,page,https://comdebstage.wpengine.com/contact-us/,/privacy-policy/,200,,privacy policy.
55052,home-2022,page,https://comdebstage.wpengine.com/,https://comdebstage.wpengine.com/contact-us/,200,,Get Help Now
55052,home-2022,page,https://comdebstage.wpengine.com/,https://comdebstage.wpengine.com/sectors/construction/,200,,Construction
55052,home-2022,page,https://comdebstage.wpengine.com/,https://comdebstage.wpengine.com/sectors/retail/,200,,Retail
55052,home-2022,page,https://comdebstage.wpengine.com/,https://comdebstage.wpengine.com/sectors/leisure/,200,,Leisure
55052,home-2022,page,https://comdebstage.wpengine.com/,https://comdebstage.wpengine.com/sectors/restaurants/,200,,Restaurants
54552,quick-quote,page,https://comdebstage.wpengine.com/quick-quote/,https://comdebstage.wpengine.com/,200,,
54064,express-liquidation,page,https://comdebstage.wpengine.com/express-liquidation/,https://comdebstage.wpengine.com/,200,,
54064,express-liquidation,page,https://comdebstage.wpengine.com/express-liquidation/,/insolvency-calculator/,200,,30 Second Insolvency Test
53253,sample-letters,page,https://comdebstage.wpengine.com/sample-letters/,/sample-letters/i-need-more-information-about-this-debt/,200,,I Need More Information About This Debt
53253,sample-letters,page,https://comdebstage.wpengine.com/sample-letters/,sample-letters/i-need-more-information-about-this-debt/,200,,I Have No Knowledge of This Debt
53253,sample-letters,page,https://comdebstage.wpengine.com/sample-letters/,/sample-letters/write-off-my-debt/,200,,Write Off my Debt
53253,sample-letters,page,https://comdebstage.wpengine.com/sample-letters/,/sample-letters/hold-action-on-my-account/,200,,Hold Action on my Account
53253,sample-letters,page,https://comdebstage.wpengine.com/sample-letters/,/sample-letters/i-cannot-afford-to-repay-my-debt/,200,,I Cannot Afford to Repay my Debt
53253,sample-letters,page,https://comdebstage.wpengine.com/sample-letters/,/sample-letters/request-a-reduced-monthly-payment/,200,,Request a Reduced Monthly Payment
53253,sample-letters,page,https://comdebstage.wpengine.com/sample-letters/,/sample-letters/tell-debt-collector-to-stop-contacting-you/,200,,Tell a Debt Collector to Stop Contacting Me
53253,sample-letters,page,https://comdebstage.wpengine.com/sample-letters/,/sample-letters/cease-trading-template/,200,,Inform a Creditor That Company Has Ceased Trading
53253,sample-letters,page,https://comdebstage.wpengine.com/sample-letters/,/sample-letters/write-off-my-debt/,200,,Write Off my Debt
52771,what-is-the-companies-act-2006,page,https://comdebstage.wpengine.com/advice/what-is-the-companies-act-2006/,https://comdebstage.wpengine.com/quick-quote/,200,,Get a Quote
7674,creditors-voluntary-liquidation,page,https://comdebstage.wpengine.com/liquidation/creditors-voluntary-liquidation/,/director-redundancy/,200,,director redundancy
7674,creditors-voluntary-liquidation,page,https://comdebstage.wpengine.com/liquidation/creditors-voluntary-liquidation/,/liquidation/compulsory-liquidation/,200,,compulsory liquidation
7674,creditors-voluntary-liquidation,page,https://comdebstage.wpengine.com/liquidation/creditors-voluntary-liquidation/,/liquidation/how-much-does-liquidation-cost/,200,,liquidation costs
7674,creditors-voluntary-liquidation,page,https://comdebstage.wpengine.com/liquidation/creditors-voluntary-liquidation/,/liquidation/,200,,Company Liquidation
7674,creditors-voluntary-liquidation,page,https://comdebstage.wpengine.com/liquidation/creditors-voluntary-liquidation/,/liquidation/compulsory-liquidation/,200,,Compulsory Liquidation
7674,creditors-voluntary-liquidation,page,https://comdebstage.wpengine.com/liquidation/creditors-voluntary-liquidation/,/liquidation/members-voluntary-liquidation/,200,,Members&#8217; Voluntary Liquidation
7674,creditors-voluntary-liquidation,page,https://comdebstage.wpengine.com/liquidation/creditors-voluntary-liquidation/,/company-rescue-solutions/company-voluntary-arrangement/,200,,Company Voluntary Arrangement
7674,creditors-voluntary-liquidation,page,https://comdebstage.wpengine.com/liquidation/creditors-voluntary-liquidation/,/company-administration/,200,,Company Administration
7674,creditors-voluntary-liquidation,page,https://comdebstage.wpengine.com/liquidation/creditors-voluntary-liquidation/,/winding-up-petitions/,200,,Winding-Up Petitions
7674,creditors-voluntary-liquidation,page,https://comdebstage.wpengine.com/liquidation/creditors-voluntary-liquidation/,/liquidation/what-happens-to-employees/,200,,Employees in Liquidation
7674,creditors-voluntary-liquidation,page,https://comdebstage.wpengine.com/liquidation/creditors-voluntary-liquidation/,/liquidation/what-happens-to-directors-in-liquidation/,200,,What Happens to Directors During Liquidation
7674,creditors-voluntary-liquidation,page,https://comdebstage.wpengine.com/liquidation/creditors-voluntary-liquidation/,/insolvency/insolvency-test/,200,,30-Second Insolvency Test
46579,bounce-back-loan-fraud,page,https://comdebstage.wpengine.com/bounce-back-loan-support-hub/bounce-back-loan-fraud/,https://comdebstage.wpengine.com/quick-quote/,200,,Get a Quote
46579,bounce-back-loan-fraud,page,https://comdebstage.wpengine.com/bounce-back-loan-support-hub/bounce-back-loan-fraud/,https://comdebstage.wpengine.com/quick-quote/,200,,Get a Quote
46579,bounce-back-loan-fraud,page,https://comdebstage.wpengine.com/bounce-back-loan-support-hub/bounce-back-loan-fraud/,https://comdebstage.wpengine.com/quick-quote/,200,,Get a Quote
46222,what-happens-to-directors-in-liquidation,page,https://comdebstage.wpengine.com/liquidation/what-happens-to-directors-in-liquidation/,/liquidation/,200,,company liquidation
46222,what-happens-to-directors-in-liquidation,page,https://comdebstage.wpengine.com/liquidation/what-happens-to-directors-in-liquidation/,/liquidation/director-conduct-review/,200,,the liquidator&#8217;s review of director conduct
46222,what-happens-to-directors-in-liquidation,page,https://comdebstage.wpengine.com/liquidation/what-happens-to-directors-in-liquidation/,/liquidation/creditors-voluntary-liquidation/,200,,CVL
43758,bounce-back-loan-support-hub,page,https://comdebstage.wpengine.com/bounce-back-loan-support-hub/,/bounce-back-loan-support-hub/bounce-back-loan-fraud/,200,,Bounce Back Loan Fraud &amp; Misuse
43758,bounce-back-loan-support-hub,page,https://comdebstage.wpengine.com/bounce-back-loan-support-hub/,/bounce-back-loan-support-hub/dissolving-a-company-with-bounce-back-loan/,200,,Can I Dissolve a Company with a Bounce Back Loan?
43758,bounce-back-loan-support-hub,page,https://comdebstage.wpengine.com/bounce-back-loan-support-hub/,/bounce-back-loan-support-hub/can-i-lose-my-house-with-a-bounce-back-loan/,200,,Can I Lose My House with a Bounce Back Loan?
43758,bounce-back-loan-support-hub,page,https://comdebstage.wpengine.com/bounce-back-loan-support-hub/,/bounce-back-loan-support-hub/what-happens-if-i-default/,200,,Can&#8217;t Repay a Bounce Back Loan?
43758,bounce-back-loan-support-hub,page,https://comdebstage.wpengine.com/bounce-back-loan-support-hub/,/bounce-back-loan-support-hub/directors-liability-for-bounce-back-loans/,200,,Personal Liability for Bounce Back Loans
43758,bounce-back-loan-support-hub,page,https://comdebstage.wpengine.com/bounce-back-loan-support-hub/,/bounce-back-loan-support-hub/cant-pay-coronavirus-business-interruption-loan-cbils/,200,,Can’t Repay a CBILS Loan?
43758,bounce-back-loan-support-hub,page,https://comdebstage.wpengine.com/bounce-back-loan-support-hub/,/advice/personal-liability-for-cbils-loans/,200,,Director Liability for CBILS Loans
43675,what-happens-if-i-default,page,https://comdebstage.wpengine.com/bounce-back-loan-support-hub/what-happens-if-i-default/,https://comdebstage.wpengine.com/quick-quote/,200,,Get a Quote
43675,what-happens-if-i-default,page,https://comdebstage.wpengine.com/bounce-back-loan-support-hub/what-happens-if-i-default/,https://comdebstage.wpengine.com/quick-quote/,200,,Get a Quote
43675,what-happens-if-i-default,page,https://comdebstage.wpengine.com/bounce-back-loan-support-hub/what-happens-if-i-default/,https://comdebstage.wpengine.com/quick-quote/,200,,Get a Quote
41082,can-personal-assets-of-directors-be-seized-from-a-ltd-company,page,https://comdebstage.wpengine.com/advice/can-personal-assets-of-directors-be-seized-from-a-ltd-company/,https://comdebstage.wpengine.com/quick-quote/,200,,Get a Quote
38597,losing-house-if-company-goes-bust,page,https://comdebstage.wpengine.com/advice/losing-house-if-company-goes-bust/,https://comdebstage.wpengine.com/quick-quote/,200,,Get a Quote
31199,business-restructuring,page,https://comdebstage.wpengine.com/advice/business-restructuring/,https://comdebstage.wpengine.com/quick-quote/,200,,Get a Quote
26298,misfeasance,page,https://comdebstage.wpengine.com/advice/misfeasance/,https://comdebstage.wpengine.com/quick-quote/,200,,Get a Quote
26234,debt-management-guide,page,https://comdebstage.wpengine.com/advice/debt-management-guide/,https://comdebstage.wpengine.com/quick-quote/,200,,Get a Quote
24780,personal-guarantee-insurance,page,https://comdebstage.wpengine.com/advice/personal-guarantee-insurance/,https://comdebstage.wpengine.com/quick-quote/,200,,Get a Quote
8414,time-to-pay-hmrc,page,https://comdebstage.wpengine.com/hmrc/time-to-pay-hmrc/,/hmrc/,200,,HMRC Tax Debt Hub
8414,time-to-pay-hmrc,page,https://comdebstage.wpengine.com/hmrc/time-to-pay-hmrc/,/hmrc/cant-pay-vat/,200,,Cannot Pay VAT
8414,time-to-pay-hmrc,page,https://comdebstage.wpengine.com/hmrc/time-to-pay-hmrc/,/hmrc/cant-pay-paye/,200,,Cannot Pay PAYE
8414,time-to-pay-hmrc,page,https://comdebstage.wpengine.com/hmrc/time-to-pay-hmrc/,/hmrc/problems-paying-corporation-tax-hmrc/,200,,Problems Paying Corporation Tax
8414,time-to-pay-hmrc,page,https://comdebstage.wpengine.com/hmrc/time-to-pay-hmrc/,/winding-up-petitions/,200,,Winding-Up Petitions
8414,time-to-pay-hmrc,page,https://comdebstage.wpengine.com/hmrc/time-to-pay-hmrc/,/company-rescue-solutions/company-voluntary-arrangement/,200,,Company Voluntary Arrangement
8414,time-to-pay-hmrc,page,https://comdebstage.wpengine.com/hmrc/time-to-pay-hmrc/,/insolvency/insolvency-test/,200,,30-Second Insolvency Test
24402,what-are-the-duties-and-responsibilities-of-a-company-director,page,https://comdebstage.wpengine.com/advice/what-are-the-duties-and-responsibilities-of-a-company-director/,https://comdebstage.wpengine.com/quick-quote/,200,,Get a Quote
7687,winding-up-petitions,page,https://comdebstage.wpengine.com/winding-up-petitions/,/liquidation/compulsory-liquidation/,200,,compulsory liquidation
7687,winding-up-petitions,page,https://comdebstage.wpengine.com/winding-up-petitions/,/liquidation/,200,,liquidation
7687,winding-up-petitions,page,https://comdebstage.wpengine.com/winding-up-petitions/,/liquidation/compulsory-liquidation/,200,,Compulsory Liquidation
7687,winding-up-petitions,page,https://comdebstage.wpengine.com/winding-up-petitions/,/winding-up-petitions/dealing-with-an-hmrc-winding-up-petition/,200,,Dealing With an HMRC Winding-Up Petition
7687,winding-up-petitions,page,https://comdebstage.wpengine.com/winding-up-petitions/,/liquidation/creditors-voluntary-liquidation/,200,,Creditors&#8217; Voluntary Liquidation
7687,winding-up-petitions,page,https://comdebstage.wpengine.com/winding-up-petitions/,/company-administration/,200,,Company Administration
7687,winding-up-petitions,page,https://comdebstage.wpengine.com/winding-up-petitions/,/company-rescue-solutions/company-voluntary-arrangement/,200,,Company Voluntary Arrangement
7687,winding-up-petitions,page,https://comdebstage.wpengine.com/winding-up-petitions/,/company-cash-flow-problems/what-is-a-statutory-demand-against-a-company/,200,,Statutory Demands
7687,winding-up-petitions,page,https://comdebstage.wpengine.com/winding-up-petitions/,/insolvency/insolvency-test/,200,,30-Second Insolvency Test
23698,how-much-does-liquidation-cost,page,https://comdebstage.wpengine.com/liquidation/how-much-does-liquidation-cost/,/liquidation/,200,,liquidation
23698,how-much-does-liquidation-cost,page,https://comdebstage.wpengine.com/liquidation/how-much-does-liquidation-cost/,/liquidation/creditors-voluntary-liquidation/,200,,Creditors&#8217; Voluntary Liquidation (CVL)
23698,how-much-does-liquidation-cost,page,https://comdebstage.wpengine.com/liquidation/how-much-does-liquidation-cost/,/liquidation/cant-afford-to-liquidate/,200,,can&#8217;t afford to liquidate
23698,how-much-does-liquidation-cost,page,https://comdebstage.wpengine.com/liquidation/how-much-does-liquidation-cost/,https://comdebstage.wpengine.com/quick-quote/,200,,Get a Quote
23471,case-studies-hub,page,https://comdebstage.wpengine.com/case-studies-hub/,/case-studies-hub/,200,,Subcontractor Agency
23471,case-studies-hub,page,https://comdebstage.wpengine.com/case-studies-hub/,/case-studies/engineering/creditor-negotiations/,301,https://comdebstage.wpengine.com/insolvency/creditor-negotiations/,Creditor Negotiations
23471,case-studies-hub,page,https://comdebstage.wpengine.com/case-studies-hub/,/case-studies/restaurants-leisure/chinese-takeaway/,301,https://comdebstage.wpengine.com/case-studies/chinese-takeaway/,Chinese Takeaway
22785,the-risks-of-signing-a-personal-guarantee,page,https://comdebstage.wpengine.com/advice/the-risks-of-signing-a-personal-guarantee/,https://comdebstage.wpengine.com/quick-quote/,200,,Get a Quote
22785,the-risks-of-signing-a-personal-guarantee,page,https://comdebstage.wpengine.com/advice/the-risks-of-signing-a-personal-guarantee/,https://comdebstage.wpengine.com/quick-quote/,200,,Get a Quote
22785,the-risks-of-signing-a-personal-guarantee,page,https://comdebstage.wpengine.com/advice/the-risks-of-signing-a-personal-guarantee/,https://comdebstage.wpengine.com/quick-quote/,200,,Get a Quote
22785,the-risks-of-signing-a-personal-guarantee,page,https://comdebstage.wpengine.com/advice/the-risks-of-signing-a-personal-guarantee/,https://comdebstage.wpengine.com/quick-quote/,200,,Get a Quote
22075,liquidation-hub,page,https://comdebstage.wpengine.com/liquidation/liquidation-hub/,/liquidation/am-i-solvent/,200,,Am I Solvent?
22075,liquidation-hub,page,https://comdebstage.wpengine.com/liquidation/liquidation-hub/,/insolvency/check-if-a-company-is-insolvent/,200,,How to Check if a Company is Insolvent
22075,liquidation-hub,page,https://comdebstage.wpengine.com/liquidation/liquidation-hub/,/insolvency/insolvency-test/,200,,What is the Corporate Insolvency Test
22075,liquidation-hub,page,https://comdebstage.wpengine.com/liquidation/liquidation-hub/,/liquidation/,200,,Company Liquidation Explained
22075,liquidation-hub,page,https://comdebstage.wpengine.com/liquidation/liquidation-hub/,/liquidation/creditors-voluntary-liquidation/,200,,Creditors’ Voluntary Liquidation (CVL)
22075,liquidation-hub,page,https://comdebstage.wpengine.com/liquidation/liquidation-hub/,/liquidation/members-voluntary-liquidation/,200,,Members’ Voluntary Liquidation (MVL)
22075,liquidation-hub,page,https://comdebstage.wpengine.com/liquidation/liquidation-hub/,/liquidation/compulsory-liquidation/,200,,Compulsory Liquidation
22075,liquidation-hub,page,https://comdebstage.wpengine.com/liquidation/liquidation-hub/,/liquidation/alternatives-to-company-liquidation/,200,,Alternatives to Company Liquidation
22075,liquidation-hub,page,https://comdebstage.wpengine.com/liquidation/liquidation-hub/,/liquidation/how-much-does-liquidation-cost/,200,,Cost of Liquidation
22075,liquidation-hub,page,https://comdebstage.wpengine.com/liquidation/liquidation-hub/,/liquidation/timeline/,200,,How Long Does it Take to Liquidate a Company?
22075,liquidation-hub,page,https://comdebstage.wpengine.com/liquidation/liquidation-hub/,/insolvency/statement-of-affairs/,200,,What is a Statement of Affairs
22075,liquidation-hub,page,https://comdebstage.wpengine.com/liquidation/liquidation-hub/,/closing-a-limited-company/,200,,How to Close a Limited Company
22075,liquidation-hub,page,https://comdebstage.wpengine.com/liquidation/liquidation-hub/,/liquidation/what-happens-after-company-liquidation/,200,,What Happens After Company Liquidation?
22075,liquidation-hub,page,https://comdebstage.wpengine.com/liquidation/liquidation-hub/,/liquidation/what-happens-to-directors-in-liquidation/,200,,What Happens to Directors in Liquidation?
22075,liquidation-hub,page,https://comdebstage.wpengine.com/liquidation/liquidation-hub/,/liquidation/what-happens-to-employees/,200,,What Happens to Employees in Liquidation?
22075,liquidation-hub,page,https://comdebstage.wpengine.com/liquidation/liquidation-hub/,/insolvency/what-is-wrongful-trading/,200,,Wrongful Trading
22075,liquidation-hub,page,https://comdebstage.wpengine.com/liquidation/liquidation-hub/,/advice/misfeasance/,200,,Misfeasance
22075,liquidation-hub,page,https://comdebstage.wpengine.com/liquidation/liquidation-hub/,/insolvency/preferential-payments-during-insolvency/,200,,Preferential Payments
22075,liquidation-hub,page,https://comdebstage.wpengine.com/liquidation/liquidation-hub/,/insolvency/transactions-at-undervalue/,200,,Transactions at Undervalue
7669,liquidation,page,https://comdebstage.wpengine.com/liquidation/,/liquidation/company-strike-off-and-dissolution/,200,,dissolve the company
7669,liquidation,page,https://comdebstage.wpengine.com/liquidation/,/liquidation/alternatives-to-company-liquidation/,200,,options other than liquidation
7669,liquidation,page,https://comdebstage.wpengine.com/liquidation/,/liquidation/compulsory-liquidation/,200,,compulsory liquidation
7669,liquidation,page,https://comdebstage.wpengine.com/liquidation/,/liquidation/how-much-does-liquidation-cost/,200,,the cost of liquidating a company
7669,liquidation,page,https://comdebstage.wpengine.com/liquidation/,/liquidation/what-happens-to-directors-in-liquidation/,200,,a director&#8217;s position in liquidation
7669,liquidation,page,https://comdebstage.wpengine.com/liquidation/,/liquidation/creditors-voluntary-liquidation/,200,,Creditors&#8217; Voluntary Liquidation
7669,liquidation,page,https://comdebstage.wpengine.com/liquidation/,/liquidation/compulsory-liquidation/,200,,Compulsory Liquidation
7669,liquidation,page,https://comdebstage.wpengine.com/liquidation/,/liquidation/members-voluntary-liquidation/,200,,Members&#8217; Voluntary Liquidation
7669,liquidation,page,https://comdebstage.wpengine.com/liquidation/,/liquidation/company-strike-off-and-dissolution/,200,,Company Strike-Off and Dissolution
7669,liquidation,page,https://comdebstage.wpengine.com/liquidation/,/company-rescue-solutions/company-voluntary-arrangement/,200,,Company Voluntary Arrangement
7669,liquidation,page,https://comdebstage.wpengine.com/liquidation/,/winding-up-petitions/,200,,Winding-Up Petitions
7669,liquidation,page,https://comdebstage.wpengine.com/liquidation/,/insolvency/,200,,Company Insolvency
7669,liquidation,page,https://comdebstage.wpengine.com/liquidation/,/insolvency/insolvency-test/,200,,30-Second Insolvency Test
17568,timeline,page,https://comdebstage.wpengine.com/liquidation/timeline/,/liquidation/liquidation-deadlines-and-time-limits/,200,,time limits that apply during liquidation
17568,timeline,page,https://comdebstage.wpengine.com/liquidation/timeline/,/liquidation/how-to-prepare-for-company-liquidation/,200,,how to prepare for liquidation
17568,timeline,page,https://comdebstage.wpengine.com/liquidation/timeline/,/liquidation/,200,,liquidation
7676,members-voluntary-liquidation,page,https://comdebstage.wpengine.com/liquidation/members-voluntary-liquidation/,/liquidation/voluntary-liquidation/,200,,voluntary liquidation
7676,members-voluntary-liquidation,page,https://comdebstage.wpengine.com/liquidation/members-voluntary-liquidation/,/liquidation/,200,,liquidation
7676,members-voluntary-liquidation,page,https://comdebstage.wpengine.com/liquidation/members-voluntary-liquidation/,/liquidation/how-much-does-liquidation-cost/,200,,how much liquidation costs
7676,members-voluntary-liquidation,page,https://comdebstage.wpengine.com/liquidation/members-voluntary-liquidation/,/liquidation/redundancy-payments-for-directors-in-an-mvl/,200,,redundancy for directors in a solvent liquidation
7676,members-voluntary-liquidation,page,https://comdebstage.wpengine.com/liquidation/members-voluntary-liquidation/,https://comdebstage.wpengine.com/quick-quote/,200,,Get a Quote
15010,what-happens-to-employees,page,https://comdebstage.wpengine.com/liquidation/what-happens-to-employees/,/liquidation/creditors-voluntary-liquidation/,200,,Creditors&#8217; Voluntary Liquidation
15010,what-happens-to-employees,page,https://comdebstage.wpengine.com/liquidation/what-happens-to-employees/,/director-redundancy/,200,,redundancy payments for directors
15010,what-happens-to-employees,page,https://comdebstage.wpengine.com/liquidation/what-happens-to-employees/,/liquidation/which-creditors-get-paid-first/,200,,the order of creditor priority
14914,director-redundancy,page,https://comdebstage.wpengine.com/director-redundancy/,/liquidation/what-happens-to-employees/,200,,how liquidation affects employees
14914,director-redundancy,page,https://comdebstage.wpengine.com/director-redundancy/,/liquidation/redundancy-payments-for-directors-in-an-mvl/,200,,redundancy for directors in a solvent liquidation
14914,director-redundancy,page,https://comdebstage.wpengine.com/director-redundancy/,/liquidation/creditors-voluntary-liquidation/,200,,CVL
11228,what-are-phoenix-companies,page,https://comdebstage.wpengine.com/advice/what-are-phoenix-companies/,https://comdebstage.wpengine.com/quick-quote/,200,,Get a Quote
9715,site-map,page,https://comdebstage.wpengine.com/site-map/,https://comdebstage.wpengine.com/about-us/,200,,About Us
9715,site-map,page,https://comdebstage.wpengine.com/site-map/,https://comdebstage.wpengine.com/accreditations/,200,,Accreditations
9715,site-map,page,https://comdebstage.wpengine.com/site-map/,https://comdebstage.wpengine.com/bounce-back-loan-support-hub/,200,,Bounce Back Loan &amp; CBILS Support Hub
9715,site-map,page,https://comdebstage.wpengine.com/site-map/,https://comdebstage.wpengine.com/bounce-back-loan-support-hub/bounce-back-loan-fraud/,200,,Bounce Back Loan Fraud &amp; Misuse: What UK Company Directors Need to Know
9715,site-map,page,https://comdebstage.wpengine.com/site-map/,https://comdebstage.wpengine.com/bounce-back-loan-support-hub/dissolving-a-company-with-bounce-back-loan/,200,,Can I Dissolve a Company with a Bounce Back Loan? UK Rules for Directors Explained
9715,site-map,page,https://comdebstage.wpengine.com/site-map/,https://comdebstage.wpengine.com/bounce-back-loan-support-hub/can-i-lose-my-house-with-a-bounce-back-loan/,200,,Can I Lose My House with a Bounce Back Loan? A UK Director’s Guide to Personal Liability
9715,site-map,page,https://comdebstage.wpengine.com/site-map/,https://comdebstage.wpengine.com/bounce-back-loan-support-hub/what-happens-if-i-default/,200,,Can&#8217;t Repay Your Bounce Back Loan? A UK Director&#8217;s Guide to Risks &amp; Solutions
9715,site-map,page,https://comdebstage.wpengine.com/site-map/,https://comdebstage.wpengine.com/bounce-back-loan-support-hub/cant-pay-coronavirus-business-interruption-loan-cbils/,200,,Can’t Repay a CBILS Loan? Options and Advice for UK Company Directors
9715,site-map,page,https://comdebstage.wpengine.com/site-map/,https://comdebstage.wpengine.com/bounce-back-loan-support-hub/directors-liability-for-bounce-back-loans/,200,,Personal Liability for Bounce Back Loans: What UK Company Directors Need to Know
9715,site-map,page,https://comdebstage.wpengine.com/site-map/,https://comdebstage.wpengine.com/care-home-insolvency/,200,,"Care Home Insolvency in the UK: Causes, Risks &amp; Solutions for Owners and Directors"
9715,site-map,page,https://comdebstage.wpengine.com/site-map/,https://comdebstage.wpengine.com/company-cash-flow-problems/,200,,"Cash Flow Problems: Causes, Warning Signs &amp; Solutions for UK Businesses"
9715,site-map,page,https://comdebstage.wpengine.com/site-map/,https://comdebstage.wpengine.com/company-cash-flow-problems/cant-afford-to-pay-suppliers-what-are-the-options/,200,,"Can&#8217;t Pay Suppliers? Risks, Consequences and Options for UK Company Directors"
9715,site-map,page,https://comdebstage.wpengine.com/site-map/,https://comdebstage.wpengine.com/company-cash-flow-problems/cant-pay-a-company-mortgage/,200,,"Can’t Pay a Limited Company Mortgage? Risks, Director Liability &amp; Solutions Explained"
9715,site-map,page,https://comdebstage.wpengine.com/site-map/,https://comdebstage.wpengine.com/company-cash-flow-problems/cant-pay-business-energy/,200,,"Can’t Pay Business Energy Bills? Risks, Consequences &amp; Solutions for UK Companies"
9715,site-map,page,https://comdebstage.wpengine.com/site-map/,https://comdebstage.wpengine.com/company-cash-flow-problems/cant-afford-to-repay-business-loan/,200,,"Can’t Pay Business Loans? Legal Risks, Director Liability &amp; Solutions Explained"
9715,site-map,page,https://comdebstage.wpengine.com/site-map/,https://comdebstage.wpengine.com/company-cash-flow-problems/cant-pay-business-rates/,200,,Can’t Pay Business Rates? Legal Consequences &amp; Solutions for UK Companies
9715,site-map,page,https://comdebstage.wpengine.com/site-map/,https://comdebstage.wpengine.com/company-cash-flow-problems/cant-pay-a-commercial-lease-or-rent/,200,,Can’t Pay Commercial Rent or Lease? Legal Risks &amp; Solutions for UK Businesses
9715,site-map,page,https://comdebstage.wpengine.com/site-map/,https://comdebstage.wpengine.com/company-cash-flow-problems/cant-pay-staff-wages/,200,,"Can’t Pay Staff Wages? Legal Duties, Risks &amp; Solutions for UK Directors"
9715,site-map,page,https://comdebstage.wpengine.com/site-map/,https://comdebstage.wpengine.com/company-cash-flow-problems/challenge-a-statutory-demand/,200,,Setting Aside a Statutory Demand Against a Company
9715,site-map,page,https://comdebstage.wpengine.com/site-map/,https://comdebstage.wpengine.com/company-cash-flow-problems/what-is-a-statutory-demand-against-a-company/,200,,"Statutory Demands: A UK Director’s Guide to Deadlines, Risks &amp; Next Steps"
9715,site-map,page,https://comdebstage.wpengine.com/site-map/,https://comdebstage.wpengine.com/company-cash-flow-problems/biggest-struggles-for-small-business-owners/,200,,Top 9 Challenges for Small Business Owners
9715,site-map,page,https://comdebstage.wpengine.com/site-map/,https://comdebstage.wpengine.com/company-cash-flow-problems/why-debt-is-not-always-a-bad-thing-for-your-business/,200,,Understanding Good Debt vs Bad Debt
9715,site-map,page,https://comdebstage.wpengine.com/site-map/,https://comdebstage.wpengine.com/company-cash-flow-problems/when-employers-cant-afford-redundancy-payments/,200,,What if an Employer Can&#8217;t Afford Redundancy Payments?
9715,site-map,page,https://comdebstage.wpengine.com/site-map/,https://comdebstage.wpengine.com/company-cash-flow-problems/company-is-having-financial-difficulties/,200,,What To Do if Your Company is Having Financial Difficulties: Legal Duties &amp; Solutions
9715,site-map,page,https://comdebstage.wpengine.com/site-map/,https://comdebstage.wpengine.com/charity-non-profit-insolvency/,200,,"Charity &amp; Non-Profit Insolvency in the UK: Duties, Risks &amp; Recovery Options"
9715,site-map,page,https://comdebstage.wpengine.com/site-map/,https://comdebstage.wpengine.com/,200,,Company Debt Ltd Homepage
9715,site-map,page,https://comdebstage.wpengine.com/site-map/,https://comdebstage.wpengine.com/company-rescue-recovery-hub/,200,,Company Rescue &amp; Recovery Hub
9715,site-map,page,https://comdebstage.wpengine.com/site-map/,https://comdebstage.wpengine.com/construction-insolvency/,200,,"Construction Insolvency in the UK: Causes, Warning Signs &amp; Rescue Options"
9715,site-map,page,https://comdebstage.wpengine.com/site-map/,https://comdebstage.wpengine.com/contact-us/,200,,Contact
9715,site-map,page,https://comdebstage.wpengine.com/site-map/,https://comdebstage.wpengine.com/cookie-policy/,200,,Cookie Policy
9715,site-map,page,https://comdebstage.wpengine.com/site-map/,https://comdebstage.wpengine.com/county-court-judgements/,200,,County Court Judgments (CCJs): A UK Business Owner&#8217;s Guide to Risks &amp; Solutions
9715,site-map,page,https://comdebstage.wpengine.com/site-map/,https://comdebstage.wpengine.com/debt-creditor-pressure-hub/,200,,Debt &amp; Creditor Pressure Hub
9715,site-map,page,https://comdebstage.wpengine.com/site-map/,https://comdebstage.wpengine.com/debt-charities-uk/,200,,Debt Charities in the UK
9715,site-map,page,https://comdebstage.wpengine.com/site-map/,https://comdebstage.wpengine.com/director-protection-hub/,200,,Director Protection Hub
9715,site-map,page,https://comdebstage.wpengine.com/site-map/,https://comdebstage.wpengine.com/director-redundancy/,200,,"Director Redundancy Pay Guide (UK): Eligibility, Entitlements &amp; How to Claim"
9715,site-map,page,https://comdebstage.wpengine.com/site-map/,https://comdebstage.wpengine.com/advice/,200,,Directors&#8217; Advice
9715,site-map,page,https://comdebstage.wpengine.com/site-map/,https://comdebstage.wpengine.com/advice/directors-personal-guarantees/,200,,A Guide to Directors&#8217; Personal Guarantees
9715,site-map,page,https://comdebstage.wpengine.com/site-map/,https://comdebstage.wpengine.com/advice/are-directors-personally-liable-for-company-debts/,200,,Are Directors Personally Liable for Company Debts?
9715,site-map,page,https://comdebstage.wpengine.com/site-map/,https://comdebstage.wpengine.com/advice/business-restructuring/,200,,Business Restructuring: A Comprehensive Guide for UK Business Onwers
9715,site-map,page,https://comdebstage.wpengine.com/site-map/,https://comdebstage.wpengine.com/advice/can-a-director-be-made-bankrupt-if-a-business-fails/,200,,Can a Director be Made Bankrupt?
9715,site-map,page,https://comdebstage.wpengine.com/site-map/,https://comdebstage.wpengine.com/advice/can-director-criminal-record/,200,,Can a Director have a Criminal Record?
9715,site-map,page,https://comdebstage.wpengine.com/site-map/,https://comdebstage.wpengine.com/advice/writing-off-a-directors-loan-account/,200,,Can I Write Off an Overdrawn Director&#8217;s Loan Account?
9715,site-map,page,https://comdebstage.wpengine.com/site-map/,https://comdebstage.wpengine.com/advice/can-personal-assets-of-directors-be-seized-from-a-ltd-company/,200,,Can Personal Assets of Directors be Seized from a Ltd Company?
9715,site-map,page,https://comdebstage.wpengine.com/site-map/,https://comdebstage.wpengine.com/advice/preventing-company-director-disputes/,200,,Company Director Disputes
9715,site-map,page,https://comdebstage.wpengine.com/site-map/,https://comdebstage.wpengine.com/advice/directors-disqualification/,200,,Director Disqualification
9715,site-map,page,https://comdebstage.wpengine.com/site-map/,https://comdebstage.wpengine.com/advice/personal-liability-for-cbils-loans/,200,,Director Liability for CBILS Loans: What UK Company Directors Need to Know
9715,site-map,page,https://comdebstage.wpengine.com/site-map/,https://comdebstage.wpengine.com/advice/what-are-the-duties-and-responsibilities-of-a-company-director/,200,,Directors’ Duties &amp; Responsibilities
9715,site-map,page,https://comdebstage.wpengine.com/site-map/,https://comdebstage.wpengine.com/advice/what-are-fixed-and-floating-charges/,200,,Fixed and Floating Charges Explained for UK Company Directors
9715,site-map,page,https://comdebstage.wpengine.com/site-map/,https://comdebstage.wpengine.com/advice/funding-options-for-smes-in-the-uk/,200,,Funding Options for SMEs in the UK
9715,site-map,page,https://comdebstage.wpengine.com/site-map/,https://comdebstage.wpengine.com/advice/get-free-business-debt-advice/,200,,How to Get Free Business Debt Advice
9715,site-map,page,https://comdebstage.wpengine.com/site-map/,https://comdebstage.wpengine.com/advice/how-to-legally-take-money-out-of-a-limited-company/,200,,How to Legally Take Money out of a Limited Company
9715,site-map,page,https://comdebstage.wpengine.com/site-map/,https://comdebstage.wpengine.com/advice/debt-management-guide/,200,,How to Manage Business Debt
9715,site-map,page,https://comdebstage.wpengine.com/site-map/,https://comdebstage.wpengine.com/advice/losing-house-if-company-goes-bust/,200,,If my Limited Company Goes Bust Will I Lose my House?
9715,site-map,page,https://comdebstage.wpengine.com/site-map/,https://comdebstage.wpengine.com/advice/insolvency-advice-for-directors/,200,,Insolvency Advice for Directors: Key Considerations
9715,site-map,page,https://comdebstage.wpengine.com/site-map/,https://comdebstage.wpengine.com/advice/what-is-limited-liability/,200,,Limited Liability Explained
9715,site-map,page,https://comdebstage.wpengine.com/site-map/,https://comdebstage.wpengine.com/advice/frozen-bank-account/,200,,My Company Bank Account is Frozen: What Can We Do?
9715,site-map,page,https://comdebstage.wpengine.com/site-map/,https://comdebstage.wpengine.com/advice/overdrawn-directors-loan-accounts/,200,,Overdrawn Directors&#8217; Loan Accounts
9715,site-map,page,https://comdebstage.wpengine.com/site-map/,https://comdebstage.wpengine.com/advice/personal-guarantee-insurance/,200,,Personal Guarantee Insurance (PGI)
9715,site-map,page,https://comdebstage.wpengine.com/site-map/,https://comdebstage.wpengine.com/advice/what-is-the-companies-act-2006/,200,,The Companies Act 2006: A Guide
9715,site-map,page,https://comdebstage.wpengine.com/site-map/,https://comdebstage.wpengine.com/advice/what-are-a-company-directors-duties-to-avoid-and-disclose-conflicts-of-interest/,200,,What are a Company Director’s Duties to Avoid and Disclose Conflicts of Interest
9715,site-map,page,https://comdebstage.wpengine.com/site-map/,https://comdebstage.wpengine.com/advice/directors-duties-to-creditors/,200,,What are a Directors’ Duties to Creditors in the UK?
9715,site-map,page,https://comdebstage.wpengine.com/site-map/,https://comdebstage.wpengine.com/advice/the-risks-of-signing-a-personal-guarantee/,200,,What are the Risks of Signing a Personal Guarantee?
9715,site-map,page,https://comdebstage.wpengine.com/site-map/,https://comdebstage.wpengine.com/advice/hmrcs-ir35-investigations-different/,200,,What Happens in an HMRC IR35 Investigation?
9715,site-map,page,https://comdebstage.wpengine.com/site-map/,https://comdebstage.wpengine.com/advice/what-is-a-directors-responsibility-for-accountancy-errors/,200,,What is a Director&#8217;s Responsibility for Accountancy Errors?
9715,site-map,page,https://comdebstage.wpengine.com/site-map/,https://comdebstage.wpengine.com/advice/what-are-phoenix-companies/,200,,What is a Phoenix Company and are They Legal?
9715,site-map,page,https://comdebstage.wpengine.com/site-map/,https://comdebstage.wpengine.com/advice/unenforceable-personal-guarantee/,200,,What is an Unenforceable Personal Guarantee?
9715,site-map,page,https://comdebstage.wpengine.com/site-map/,https://comdebstage.wpengine.com/advice/misfeasance/,200,,"What Is Misfeasance? A UK Director’s Guide to Duties, Risks, and Claims"
9715,site-map,page,https://comdebstage.wpengine.com/site-map/,https://comdebstage.wpengine.com/energy-provider-insolvency/,200,,"Energy Provider Insolvency in the UK: Causes, Ofgem’s Role &amp; Options for Directors"
9715,site-map,page,https://comdebstage.wpengine.com/site-map/,https://comdebstage.wpengine.com/business-debt-advice/,200,,Get Free Business Debt Advice
9715,site-map,page,https://comdebstage.wpengine.com/site-map/,https://comdebstage.wpengine.com/guides-resources-hub/,200,,Guides &amp; Resources Hub
9715,site-map,page,https://comdebstage.wpengine.com/site-map/,https://comdebstage.wpengine.com/hmrc/,200,,Help with HMRC Pressure
9715,site-map,page,https://comdebstage.wpengine.com/site-map/,https://comdebstage.wpengine.com/hmrc/cant-pay-paye/,200,,A Guide to PAYE Arrears
9715,site-map,page,https://comdebstage.wpengine.com/site-map/,https://comdebstage.wpengine.com/hmrc/accelerated-payment-notices-apn/,200,,Accelerated Payment Notices (APNs)
9715,site-map,page,https://comdebstage.wpengine.com/site-map/,https://comdebstage.wpengine.com/hmrc/can-hmrc-shut-down-my-business/,200,,Can HMRC Shut Down My Business?
9715,site-map,page,https://comdebstage.wpengine.com/site-map/,https://comdebstage.wpengine.com/hmrc/problems-paying-corporation-tax-hmrc/,200,,Can&#8217;t Pay Corporation Tax: What are the Options?
9715,site-map,page,https://comdebstage.wpengine.com/site-map/,https://comdebstage.wpengine.com/hmrc/distraint-order-notice/,200,,Distraint Orders: What You Need to Know
9715,site-map,page,https://comdebstage.wpengine.com/site-map/,https://comdebstage.wpengine.com/hmrc/what-can-hmrc-bailiffs-take/,200,,HMRC Bailiffs
9715,site-map,page,https://comdebstage.wpengine.com/site-map/,https://comdebstage.wpengine.com/hmrc/hmrc-compliance-checks/,200,,HMRC Compliance Checks
9715,site-map,page,https://comdebstage.wpengine.com/site-map/,https://comdebstage.wpengine.com/hmrc/hmrc-offices-contact-guide/,200,,"HMRC Contact Guide for UK Businesses: Offices, Numbers &amp; How to Deal with Tax Arrears"
9715,site-map,page,https://comdebstage.wpengine.com/site-map/,https://comdebstage.wpengine.com/hmrc/hmrc-criminal-investigations/,200,,HMRC Criminal Investigations
9715,site-map,page,https://comdebstage.wpengine.com/site-map/,https://comdebstage.wpengine.com/hmrc/hmrc-debt-enforcement-hub/,200,,HMRC Debt &amp; Enforcement Hub
9715,site-map,page,https://comdebstage.wpengine.com/site-map/,https://comdebstage.wpengine.com/hmrc/hmrc-enforcement-action/,200,,HMRC Enforcement Action
9715,site-map,page,https://comdebstage.wpengine.com/site-map/,https://comdebstage.wpengine.com/hmrc/hmrc-follower-notice/,200,,HMRC Follower Notices
9715,site-map,page,https://comdebstage.wpengine.com/site-map/,https://comdebstage.wpengine.com/hmrc/hmrc-fraud-investigations/,200,,HMRC Fraud Investigations
9715,site-map,page,https://comdebstage.wpengine.com/site-map/,https://comdebstage.wpengine.com/hmrc/notice-of-enforcement/,200,,HMRC Notice of Enforcement
9715,site-map,page,https://comdebstage.wpengine.com/site-map/,https://comdebstage.wpengine.com/hmrc/hmrc-penalties-investigations/,200,,HMRC Penalties &amp; Investigations
9715,site-map,page,https://comdebstage.wpengine.com/site-map/,https://comdebstage.wpengine.com/hmrc/security-bonds/,200,,HMRC Security Bonds: What do Directors Need to Know?
9715,site-map,page,https://comdebstage.wpengine.com/site-map/,https://comdebstage.wpengine.com/hmrc/hmrc-tax-investigations/,200,,HMRC Tax Investigations
9715,site-map,page,https://comdebstage.wpengine.com/site-map/,https://comdebstage.wpengine.com/hmrc/tax-penalties/,200,,HMRC Tax Penalties
9715,site-map,page,https://comdebstage.wpengine.com/site-map/,https://comdebstage.wpengine.com/hmrc/hmrc-threatening-letters/,200,,HMRC Threatening Letters
9715,site-map,page,https://comdebstage.wpengine.com/site-map/,https://comdebstage.wpengine.com/hmrc/understanding-hmrc-debt-collection/,200,,HMRC&#8217;s Debt Collection Process
9715,site-map,page,https://comdebstage.wpengine.com/site-map/,https://comdebstage.wpengine.com/hmrc/joint-and-several-liability-for-unpaid-vat/,200,,Joint and Several Liability for Unpaid VAT
9715,site-map,page,https://comdebstage.wpengine.com/site-map/,https://comdebstage.wpengine.com/hmrc/pay-hmrc-or-suppliers-first/,200,,Should I Pay HMRC or Suppliers First?
9715,site-map,page,https://comdebstage.wpengine.com/site-map/,https://comdebstage.wpengine.com/hmrc/time-to-pay-hmrc/,200,,Time to Pay Arrangements (TTP)
9715,site-map,page,https://comdebstage.wpengine.com/site-map/,https://comdebstage.wpengine.com/hmrc/vat-penalties/,200,,VAT Penalties
9715,site-map,page,https://comdebstage.wpengine.com/site-map/,https://comdebstage.wpengine.com/hmrc/corporation-tax-penalties/,200,,What are HMRC&#8217;s Corporation Tax Penalties?
9715,site-map,page,https://comdebstage.wpengine.com/site-map/,https://comdebstage.wpengine.com/hmrc/what-happens-if-hmrc-freezes-your-business-bank-account/,200,,What Happens If HMRC Freezes Your Business Bank Account?
9715,site-map,page,https://comdebstage.wpengine.com/site-map/,https://comdebstage.wpengine.com/hmrc/what-happens-if-hmrc-rejects-your-time-to-pay-arrangement/,200,,What Happens If HMRC Rejects Your Time to Pay Arrangement?
9715,site-map,page,https://comdebstage.wpengine.com/site-map/,https://comdebstage.wpengine.com/hmrc/what-happens-if-hmrc-sends-bailiffs-to-a-business/,200,,What Happens If HMRC Sends Bailiffs to a Business?
9715,site-map,page,https://comdebstage.wpengine.com/site-map/,https://comdebstage.wpengine.com/hmrc/cant-pay-vat/,200,,What Happens if I Can&#8217;t Pay the VAT?
9715,site-map,page,https://comdebstage.wpengine.com/site-map/,https://comdebstage.wpengine.com/hmrc/what-happens-if-you-ignore-hmrc-letters/,200,,What Happens If You Ignore HMRC Letters?
9715,site-map,page,https://comdebstage.wpengine.com/site-map/,https://comdebstage.wpengine.com/hmrc/controlled-goods-agreement/,200,,What is a Controlled Goods Agreement Letter From HMRC?
9715,site-map,page,https://comdebstage.wpengine.com/site-map/,https://comdebstage.wpengine.com/hmrc/security-bond-notices/,200,,HMRC Security Bonds
9715,site-map,page,https://comdebstage.wpengine.com/site-map/,https://comdebstage.wpengine.com/hmrc/personal-liability-notices/,200,,Personal Liability Notices (PLNs): Understanding Your Personal Risk
9715,site-map,page,https://comdebstage.wpengine.com/site-map/,https://comdebstage.wpengine.com/hospitality-restaurant-insolvency/,200,,"Hospitality &amp; Restaurant Insolvency in the UK: Causes, Risks &amp; Rescue Options"
9715,site-map,page,https://comdebstage.wpengine.com/site-map/,https://comdebstage.wpengine.com/closing-a-limited-company/,200,,"How to Close a Limited Company in the UK: Options, Duties &amp; Step-by-Step Guide"
9715,site-map,page,https://comdebstage.wpengine.com/site-map/,https://comdebstage.wpengine.com/insolvency-news-commentary/,200,,Insolvency News &amp; Commentary
9715,site-map,page,https://comdebstage.wpengine.com/site-map/,https://comdebstage.wpengine.com/manufacturing-insolvency/,200,,"Manufacturing Insolvency in the UK: Causes, Risks &amp; Solutions for Directors"
9715,site-map,page,https://comdebstage.wpengine.com/site-map/,https://comdebstage.wpengine.com/mental-health-debt-stress-support/,200,,Mental Health &amp; Debt Stress Support
9715,site-map,page,https://comdebstage.wpengine.com/site-map/,https://comdebstage.wpengine.com/what-is-a-pre-pack-administration/,200,,Pre-Pack Administration
9715,site-map,page,https://comdebstage.wpengine.com/site-map/,https://comdebstage.wpengine.com/what-is-a-pre-pack-administration/advantages-and-disadvantages/,200,,Advantages &amp; Disadvantages of a Pre-Pack Administration
9715,site-map,page,https://comdebstage.wpengine.com/site-map/,https://comdebstage.wpengine.com/prize-draw-terms-conditions/,200,,Prize Draw Terms &#038; Conditions
9715,site-map,page,https://comdebstage.wpengine.com/site-map/,https://comdebstage.wpengine.com/professional-services-insolvency/,200,,"Professional Services Insolvency in the UK: Duties, Risks &amp; Solutions for Firms"
9715,site-map,page,https://comdebstage.wpengine.com/site-map/,https://comdebstage.wpengine.com/sample-letters/,200,,Sample Creditor Letters
9715,site-map,page,https://comdebstage.wpengine.com/site-map/,https://comdebstage.wpengine.com/sample-letters/cease-trading-template/,200,,Cease Trading &#8211; Template Letter
9715,site-map,page,https://comdebstage.wpengine.com/site-map/,https://comdebstage.wpengine.com/sample-letters/hold-action-on-my-account/,200,,Hold Action on my Account While I Get Advice &#8211; Template Letter
9715,site-map,page,https://comdebstage.wpengine.com/site-map/,https://comdebstage.wpengine.com/sample-letters/i-cannot-afford-to-repay-my-debt/,200,,I Cannot Afford to Repay my Debt &#8211; Template Letter
9715,site-map,page,https://comdebstage.wpengine.com/site-map/,https://comdebstage.wpengine.com/sample-letters/i-have-no-knowledge-of-this-debt/,200,,I Have No Knowledge of this Debt Template Letter
9715,site-map,page,https://comdebstage.wpengine.com/site-map/,https://comdebstage.wpengine.com/sample-letters/i-need-more-information-about-this-debt/,200,,I Need More Information About this Debt &#8211; Template Letter
9715,site-map,page,https://comdebstage.wpengine.com/site-map/,https://comdebstage.wpengine.com/sample-letters/request-a-reduced-monthly-payment/,200,,Request a Reduced Monthly Payment &#8211; Template Letter
9715,site-map,page,https://comdebstage.wpengine.com/site-map/,https://comdebstage.wpengine.com/sample-letters/tell-debt-collector-to-stop-contacting-you/,200,,Tell Debt Collector to Stop Contacting You &#8211; Template Letter
9715,site-map,page,https://comdebstage.wpengine.com/site-map/,https://comdebstage.wpengine.com/sample-letters/write-off-my-debt/,200,,Write off my debt &#8211; Template Letter
9715,site-map,page,https://comdebstage.wpengine.com/site-map/,https://comdebstage.wpengine.com/sector-insolvency-hub/,200,,Sector Insolvency Hub
9715,site-map,page,https://comdebstage.wpengine.com/site-map/,https://comdebstage.wpengine.com/sector-specific-insolvency/,200,,Sector-Specific Insolvency
9715,site-map,page,https://comdebstage.wpengine.com/site-map/,https://comdebstage.wpengine.com/transport-haulage-insolvency/,200,,"Transport &amp; Haulage Insolvency in the UK: Causes, Risks &amp; Solutions for Operators"
9715,site-map,page,https://comdebstage.wpengine.com/site-map/,https://comdebstage.wpengine.com/uk-insolvency-statistics/,200,,UK Company Insolvency Statistics: April 2026 Update
9715,site-map,page,https://comdebstage.wpengine.com/site-map/,https://comdebstage.wpengine.com/company-administration/,200,,What is Company Administration?
9715,site-map,page,https://comdebstage.wpengine.com/site-map/,https://comdebstage.wpengine.com/company-administration/company-voluntary-arrangement-vs-administration-which-to-choose/,301,https://comdebstage.wpengine.com/company-administration/vs-cva/,Company Voluntary Arrangement vs Administration: Which to Choose?
9715,site-map,page,https://comdebstage.wpengine.com/site-map/,https://comdebstage.wpengine.com/company-administration/vs-cva/,200,,CVA vs Administration
9715,site-map,page,https://comdebstage.wpengine.com/site-map/,https://comdebstage.wpengine.com/company-administration/vs-administrative-receivership/,200,,How to Compare Administration and Administrative Receivership
9715,site-map,page,https://comdebstage.wpengine.com/site-map/,https://comdebstage.wpengine.com/company-administration/light-touch-administration/,200,,Light-Touch Administration: What it Means and How it Works
9715,site-map,page,https://comdebstage.wpengine.com/site-map/,https://comdebstage.wpengine.com/company-administration/notice-of-intention-to-appoint-administrators/,200,,What is a Notice of Intention (NOI) to Appoint Administrators?
9715,site-map,page,https://comdebstage.wpengine.com/site-map/,https://comdebstage.wpengine.com/winding-up-petitions/,200,,Winding Up Petitions: A UK Guide for Creditors and Debtors
9715,site-map,page,https://comdebstage.wpengine.com/site-map/,https://comdebstage.wpengine.com/winding-up-petitions/dealing-with-an-hmrc-winding-up-petition/,200,,"HMRC Winding Up Petitions: A UK Director’s Guide to Risks, Consequences &amp; Solutions"
9715,site-map,page,https://comdebstage.wpengine.com/site-map/,https://comdebstage.wpengine.com/winding-up-petitions/what-is-a-winding-up-order/,200,,"What is a Winding up Order, and Can it be Stopped?"
9715,site-map,page,https://comdebstage.wpengine.com/site-map/,https://comdebstage.wpengine.com/company-rescue-solutions/,200,,Company Rescue Solutions Overview
9715,site-map,page,https://comdebstage.wpengine.com/site-map/,https://comdebstage.wpengine.com/company-rescue-solutions/company-voluntary-arrangement/,200,,Company Voluntary Arrangements (CVA)
9715,site-map,page,https://comdebstage.wpengine.com/site-map/,https://comdebstage.wpengine.com/company-rescue-solutions/company-voluntary-arrangement/use-a-cva-to-close-a-company/,200,,Can I Use a CVA to Close a Company?
9715,site-map,page,https://comdebstage.wpengine.com/site-map/,https://comdebstage.wpengine.com/company-rescue-solutions/company-voluntary-arrangement/vs-liquidation/,200,,Company Voluntary Arrangement vs. Liquidation
9715,site-map,page,https://comdebstage.wpengine.com/site-map/,https://comdebstage.wpengine.com/company-rescue-solutions/company-voluntary-arrangement/making-employees-redundant-cva/,200,,Making Employees Redundant in a Company Voluntary Arrangement (CVA)
9715,site-map,page,https://comdebstage.wpengine.com/site-map/,https://comdebstage.wpengine.com/company-rescue-solutions/company-voluntary-arrangement/pros-and-cons/,200,,What are the Advantages and Disadvantages of a CVA?
9715,site-map,page,https://comdebstage.wpengine.com/site-map/,https://comdebstage.wpengine.com/company-rescue-solutions/company-voluntary-arrangement/when-a-cva-fails/,200,,What Happens if a Company Voluntary Arrangement (CVA) Fails?
9715,site-map,page,https://comdebstage.wpengine.com/site-map/,https://comdebstage.wpengine.com/company-rescue-solutions/company-voluntary-arrangement/what-happens-if-a-cva-fails-mid-term/,200,,What Happens if a CVA Fails Mid-Term?
9715,site-map,page,https://comdebstage.wpengine.com/site-map/,https://comdebstage.wpengine.com/company-rescue-solutions/company-voluntary-arrangement/director-guarantees-in-a-cva/,200,,What Happens to Director Guarantees in a CVA?
9715,site-map,page,https://comdebstage.wpengine.com/site-map/,https://comdebstage.wpengine.com/company-rescue-solutions/partnership-voluntary-arrangements/,200,,Partnership Voluntary Arrangements
9715,site-map,page,https://comdebstage.wpengine.com/site-map/,https://comdebstage.wpengine.com/receivership-mean-business/,200,,Receivership
9715,site-map,page,https://comdebstage.wpengine.com/site-map/,https://comdebstage.wpengine.com/liquidation/,200,,What is Company Liquidation?
9715,site-map,page,https://comdebstage.wpengine.com/site-map/,https://comdebstage.wpengine.com/liquidation/alternatives-to-company-liquidation/,200,,Alternatives to Company Liquidation: Rescue and Recovery Options for UK Businesses
9715,site-map,page,https://comdebstage.wpengine.com/site-map/,https://comdebstage.wpengine.com/liquidation/am-i-solvent/,200,,Am I Solvent? Solvency Tests Explained for UK Businesses
9715,site-map,page,https://comdebstage.wpengine.com/site-map/,https://comdebstage.wpengine.com/liquidation/bailiffs-high-court-enforcement-officers/,200,,"Bailiffs &amp; High Court Enforcement Officers: A UK Business Guide to Rights, Risks &amp; Next Steps"
9715,site-map,page,https://comdebstage.wpengine.com/site-map/,https://comdebstage.wpengine.com/liquidation/can-a-director-be-sued-personally-by-creditors/,200,,Can a Director Be Sued Personally by Creditors?
9715,site-map,page,https://comdebstage.wpengine.com/site-map/,https://comdebstage.wpengine.com/liquidation/can-a-supplier-force-my-company-into-liquidation/,200,,Can a Supplier Force My Company Into Liquidation?
9715,site-map,page,https://comdebstage.wpengine.com/site-map/,https://comdebstage.wpengine.com/liquidation/can-directors-go-to-prison-for-company-debt/,200,,Can Directors Go to Prison for Company Debt?
9715,site-map,page,https://comdebstage.wpengine.com/site-map/,https://comdebstage.wpengine.com/liquidation/can-directors-pay-themselves-before-liquidation/,200,,Can Directors Pay Themselves Before Liquidation?
9715,site-map,page,https://comdebstage.wpengine.com/site-map/,https://comdebstage.wpengine.com/liquidation/can-i-choose-my-liquidator/,200,,Can I Choose My Liquidator or Does HMRC Appoint One?
9715,site-map,page,https://comdebstage.wpengine.com/site-map/,https://comdebstage.wpengine.com/liquidation/can-i-liquidate-a-dormant-company/,200,,Can I Liquidate a Dormant Company?
9715,site-map,page,https://comdebstage.wpengine.com/site-map/,https://comdebstage.wpengine.com/liquidation/can-i-liquidate-my-company-with-a-bounce-back-loan/,200,,Can I Liquidate My Company with a Bounce Back Loan?
9715,site-map,page,https://comdebstage.wpengine.com/site-map/,https://comdebstage.wpengine.com/liquidation/can-i-start-a-new-company-after-liquidating-my-old-one/,200,,Can I Start a New Company After Liquidating My Old One?
9715,site-map,page,https://comdebstage.wpengine.com/site-map/,https://comdebstage.wpengine.com/liquidation/can-you-liquidate-to-avoid-paying-suppliers/,200,,Can You Liquidate to Avoid Paying Suppliers?
9715,site-map,page,https://comdebstage.wpengine.com/site-map/,https://comdebstage.wpengine.com/liquidation/cant-afford-to-liquidate/,200,,Can’t Afford to Liquidate: Options When Your Company Has No Funds for Insolvency Fees
9715,site-map,page,https://comdebstage.wpengine.com/site-map/,https://comdebstage.wpengine.com/liquidation/insolvency-checklist/,200,,Checklist: What to Do When Insolvency Is Likely
9715,site-map,page,https://comdebstage.wpengine.com/site-map/,https://comdebstage.wpengine.com/liquidation/insolvency-myths-debunked/,200,,Common Insolvency Myths Debunked
9715,site-map,page,https://comdebstage.wpengine.com/site-map/,https://comdebstage.wpengine.com/liquidation/company-pensions-and-liquidation/,200,,Company Pensions and Liquidation: What Happens to Employee Retirement Funds in the UK
9715,site-map,page,https://comdebstage.wpengine.com/site-map/,https://comdebstage.wpengine.com/liquidation/company-property-and-real-estate-in-liquidation/,200,,Company Property and Real Estate in Liquidation: What Happens and How It’s Sold
9715,site-map,page,https://comdebstage.wpengine.com/site-map/,https://comdebstage.wpengine.com/liquidation/company-restoration-after-liquidation/,200,,Company Restoration After Liquidation: When and How Dissolved Companies Can Be Restored
9715,site-map,page,https://comdebstage.wpengine.com/site-map/,https://comdebstage.wpengine.com/liquidation/company-strike-off-and-dissolution/,200,,"Company Strike Off and Dissolution Explained: UK Process, Requirements &amp; Alternatives"
9715,site-map,page,https://comdebstage.wpengine.com/site-map/,https://comdebstage.wpengine.com/liquidation/company-strike-off-and-dissolution/can-i-be-sued-after-my-company-is-dissolved/,200,,Can I Be Sued After My Company Is Dissolved?
9715,site-map,page,https://comdebstage.wpengine.com/site-map/,https://comdebstage.wpengine.com/liquidation/company-strike-off-and-dissolution/directors-responsibilities-after-a-company-is-struck-off/,200,,Director’s Responsibilities After a Company Is Struck Off
9715,site-map,page,https://comdebstage.wpengine.com/site-map/,https://comdebstage.wpengine.com/liquidation/company-vehicles-and-equipment-in-liquidation/,200,,Company Vehicles and Equipment in Liquidation: What Happens to Physical Assets
9715,site-map,page,https://comdebstage.wpengine.com/site-map/,https://comdebstage.wpengine.com/liquidation/compulsory-liquidation/,200,,Compulsory Liquidation in the UK
9715,site-map,page,https://comdebstage.wpengine.com/site-map/,https://comdebstage.wpengine.com/liquidation/creditor-meetings-in-liquidation/,200,,"Creditor Meetings in Liquidation: Rights, Procedures and What to Expect"
9715,site-map,page,https://comdebstage.wpengine.com/site-map/,https://comdebstage.wpengine.com/liquidation/creditors-voluntary-liquidation/,200,,Creditors’ Voluntary Liquidation (CVL): A Practical Guide for UK Directors
9715,site-map,page,https://comdebstage.wpengine.com/site-map/,https://comdebstage.wpengine.com/liquidation/cva-vs-strike-off-vs-liquidation/,200,,CVA vs Strike-Off vs Liquidation: A UK Director’s Decision Guide
9715,site-map,page,https://comdebstage.wpengine.com/site-map/,https://comdebstage.wpengine.com/liquidation/director-conduct-review/,200,,Director Conduct Review: Common Mistakes to Avoid
9715,site-map,page,https://comdebstage.wpengine.com/site-map/,https://comdebstage.wpengine.com/liquidation/uk-insolvency-glossary/,200,,Glossary of UK Insolvency Terms
9715,site-map,page,https://comdebstage.wpengine.com/site-map/,https://comdebstage.wpengine.com/liquidation/hmrc-as-a-creditor-in-liquidation/,200,,HMRC as a Creditor in Liquidation: What to Expect
9715,site-map,page,https://comdebstage.wpengine.com/site-map/,https://comdebstage.wpengine.com/liquidation/timeline/,200,,How Long Does It Take to Liquidate a Company in the UK? Timelines Explained
9715,site-map,page,https://comdebstage.wpengine.com/site-map/,https://comdebstage.wpengine.com/liquidation/how-much-does-liquidation-cost/,200,,How Much Does Company Liquidation Cost in the UK? Fees and Funding Explained
9715,site-map,page,https://comdebstage.wpengine.com/site-map/,https://comdebstage.wpengine.com/liquidation/how-to-challenge-a-liquidators-decisions-or-fees/,200,,How to Challenge a Liquidator&#8217;s Decisions or Fees
9715,site-map,page,https://comdebstage.wpengine.com/site-map/,https://comdebstage.wpengine.com/liquidation/how-to-choose-the-right-insolvency-procedure/,200,,How to Choose the Right Insolvency Procedure: A UK Director’s Decision Guide
9715,site-map,page,https://comdebstage.wpengine.com/site-map/,https://comdebstage.wpengine.com/liquidation/how-to-prepare-for-company-liquidation/,200,,How to Prepare for Company Liquidation: A Director’s Step-by-Step Checklist
9715,site-map,page,https://comdebstage.wpengine.com/site-map/,https://comdebstage.wpengine.com/liquidation/how-to-prove-your-debt-in-company-liquidation/,200,,How to Prove Your Debt in Company Liquidation: A Creditor’s Guide
9715,site-map,page,https://comdebstage.wpengine.com/site-map/,https://comdebstage.wpengine.com/liquidation/liquidation-hub/,200,,Insolvency &amp; Liquidation Hub
9715,site-map,page,https://comdebstage.wpengine.com/site-map/,https://comdebstage.wpengine.com/liquidation/intellectual-property-and-trading-assets-in-liquidation/,200,,Intellectual Property and Trading Assets in Liquidation: Valuation and Disposal
9715,site-map,page,https://comdebstage.wpengine.com/site-map/,https://comdebstage.wpengine.com/liquidation/leases-and-contracts-in-liquidation/,200,,Leases and Contracts in Liquidation: What Happens to Agreements When a Company Winds Up
9715,site-map,page,https://comdebstage.wpengine.com/site-map/,https://comdebstage.wpengine.com/liquidation/liquidating-a-charity-or-non-profit/,200,,Liquidating a Charity or Non-Profit: What Trustees Need to Know
9715,site-map,page,https://comdebstage.wpengine.com/site-map/,https://comdebstage.wpengine.com/liquidation/liquidating-a-company-with-no-assets-or-bank-account-uk/,200,,Liquidating a Company with No Assets or Bank Account (UK)
9715,site-map,page,https://comdebstage.wpengine.com/site-map/,https://comdebstage.wpengine.com/liquidation/liquidating-a-group-company-or-holding-company-in-the-uk/,200,,Liquidating a Group Company or Holding Company in the UK
9715,site-map,page,https://comdebstage.wpengine.com/site-map/,https://comdebstage.wpengine.com/liquidation/liquidating-a-limited-liability-partnership/,200,,Liquidating a Limited Liability Partnership (LLP): A Clear Guide to UK Insolvency Procedures
9715,site-map,page,https://comdebstage.wpengine.com/site-map/,https://comdebstage.wpengine.com/liquidation/liquidation-deadlines-and-time-limits/,200,,Liquidation Deadlines and Time Limits: Key Dates Every Director and Creditor Should Know
9715,site-map,page,https://comdebstage.wpengine.com/site-map/,https://comdebstage.wpengine.com/liquidation/liquidation-vs-dissolution-strike-off/,200,,Liquidation vs Dissolution (Strike Off): Choosing the Right Route to Close Your UK Company
9715,site-map,page,https://comdebstage.wpengine.com/site-map/,https://comdebstage.wpengine.com/liquidation/liquidators-powers-and-duties/,200,,Liquidator’s Powers and Duties: A Complete UK Guide
9715,site-map,page,https://comdebstage.wpengine.com/site-map/,https://comdebstage.wpengine.com/liquidation/list-of-liquidation-documents/,200,,List of Documents You’ll Need for Liquidation
9715,site-map,page,https://comdebstage.wpengine.com/site-map/,https://comdebstage.wpengine.com/liquidation/members-voluntary-liquidation/,200,,Members’ Voluntary Liquidation (MVL) Explained
9715,site-map,page,https://comdebstage.wpengine.com/site-map/,https://comdebstage.wpengine.com/liquidation/redundancy-payments-for-directors-in-an-mvl/,200,,Redundancy Payments for Directors in an MVL
9715,site-map,page,https://comdebstage.wpengine.com/site-map/,https://comdebstage.wpengine.com/liquidation/should-i-close-my-company-or-try-to-save-it/,200,,Should I Close My Company or Try to Save It?
9715,site-map,page,https://comdebstage.wpengine.com/site-map/,https://comdebstage.wpengine.com/liquidation/seek-insolvency-advice-before-missing-payments/,200,,Should I Seek Insolvency Advice Before Missing Payments?
9715,site-map,page,https://comdebstage.wpengine.com/site-map/,https://comdebstage.wpengine.com/liquidation/directors-conduct-report-2/,200,,The Director’s Conduct Report in Liquidation: What It Is &amp; Why It Matters
9715,site-map,page,https://comdebstage.wpengine.com/site-map/,https://comdebstage.wpengine.com/liquidation/uk-insolvency-flowchart/,200,,UK Insolvency Flowchart for Company Directors
9715,site-map,page,https://comdebstage.wpengine.com/site-map/,https://comdebstage.wpengine.com/liquidation/insolvency-vs-bankruptcy/,200,,UK Insolvency vs Bankruptcy: What’s the Difference?
9715,site-map,page,https://comdebstage.wpengine.com/site-map/,https://comdebstage.wpengine.com/liquidation/voluntary-liquidation/,200,,Voluntary Liquidation: The One Decision That Changes The Outcome For Everyone
9715,site-map,page,https://comdebstage.wpengine.com/site-map/,https://comdebstage.wpengine.com/liquidation/voluntary-vs-compulsory-liquidation/,200,,Voluntary vs Compulsory Liquidation: What’s the Difference and Why It Matters
9715,site-map,page,https://comdebstage.wpengine.com/site-map/,https://comdebstage.wpengine.com/liquidation/what-happens-after-company-liquidation/,200,,"What Happens After Company Liquidation in the UK? Assets, Debts, and Director Duties Explained"
9715,site-map,page,https://comdebstage.wpengine.com/site-map/,https://comdebstage.wpengine.com/liquidation/what-happens-if-a-creditor-takes-me-to-court/,200,,What Happens If a Creditor Takes Me to Court?
9715,site-map,page,https://comdebstage.wpengine.com/site-map/,https://comdebstage.wpengine.com/liquidation/what-happens-if-a-director-hides-company-assets/,200,,What Happens If a Director Hides Company Assets?
9715,site-map,page,https://comdebstage.wpengine.com/site-map/,https://comdebstage.wpengine.com/liquidation/what-happens-if-a-director-resigns-before-liquidation/,200,,What Happens if a Director Resigns Before Liquidation?
9715,site-map,page,https://comdebstage.wpengine.com/site-map/,https://comdebstage.wpengine.com/liquidation/what-happens-if-a-director-transfers-assets-before-insolvency/,200,,What Happens If a Director Transfers Assets Before Insolvency?
9715,site-map,page,https://comdebstage.wpengine.com/site-map/,https://comdebstage.wpengine.com/liquidation/what-happens-if-i-stop-paying-company-debts/,200,,What Happens If I Stop Paying Company Debts?
9715,site-map,page,https://comdebstage.wpengine.com/site-map/,https://comdebstage.wpengine.com/liquidation/business-bank-account-in-liquidation/,200,,What Happens to a Business Bank Account in Liquidation?
9715,site-map,page,https://comdebstage.wpengine.com/site-map/,https://comdebstage.wpengine.com/liquidation/what-happens-to-directors-in-liquidation/,200,,"What Happens to Directors in Liquidation? Duties, Risks, and Liabilities in the UK"
9715,site-map,page,https://comdebstage.wpengine.com/site-map/,https://comdebstage.wpengine.com/liquidation/what-happens-to-employees/,200,,What Happens to Employees in Liquidation? Redundancy Rights and Payments in the UK
9715,site-map,page,https://comdebstage.wpengine.com/site-map/,https://comdebstage.wpengine.com/liquidation/ccj-when-going-insolvent/,200,,What If I Have a CCJ When Going Insolvent?
9715,site-map,page,https://comdebstage.wpengine.com/site-map/,https://comdebstage.wpengine.com/liquidation/paying-staff-but-not-hmrc-before-liquidation/,200,,What If I Pay Staff but Not HMRC Before Liquidation?
9715,site-map,page,https://comdebstage.wpengine.com/site-map/,https://comdebstage.wpengine.com/liquidation/whats-the-risk-of-being-disqualified-as-a-director/,200,,What’s the Risk of Being Disqualified as a Director?
9715,site-map,page,https://comdebstage.wpengine.com/site-map/,https://comdebstage.wpengine.com/liquidation/when-should-a-director-stop-trading/,200,,When Should a Director Stop Trading?
9715,site-map,page,https://comdebstage.wpengine.com/site-map/,https://comdebstage.wpengine.com/liquidation/which-creditors-get-paid-first/,200,,Who Gets Paid First in Liquidation? A Complete Guide to Creditor Priority in the UK
9715,site-map,page,https://comdebstage.wpengine.com/site-map/,https://comdebstage.wpengine.com/liquidation/winding-up-petition-vs-compulsory-liquidation/,200,,Winding-Up Petition vs Compulsory Liquidation: Key Differences
9715,site-map,page,https://comdebstage.wpengine.com/site-map/,https://comdebstage.wpengine.com/insolvency/personal-liability-spouses-business-debts/,200,,Am I Liable for My Spouse&#8217;s Business Debts?
9715,site-map,page,https://comdebstage.wpengine.com/site-map/,https://comdebstage.wpengine.com/insolvency/antecedent-transactions/,200,,Antecedent Transactions in Corporate Insolvency
9715,site-map,page,https://comdebstage.wpengine.com/site-map/,https://comdebstage.wpengine.com/insolvency/shareholders-liable-company-debts/,200,,Are Shareholders Liable for Company Debts?
9715,site-map,page,https://comdebstage.wpengine.com/site-map/,https://comdebstage.wpengine.com/insolvency/business-recovery-services/,200,,Business Recovery Services
9715,site-map,page,https://comdebstage.wpengine.com/site-map/,https://comdebstage.wpengine.com/insolvency/personally-liabilty-of-company-secretary/,200,,Can a Company Secretary be Held Personally Liable for Debts?
9715,site-map,page,https://comdebstage.wpengine.com/site-map/,https://comdebstage.wpengine.com/insolvency/can-we-trade-out-of-insolvency/,200,,Can we Trade Out of Insolvency?
9715,site-map,page,https://comdebstage.wpengine.com/site-map/,https://comdebstage.wpengine.com/insolvency/rescue-your-business-from-insolvency/,200,,Can You Rescue a Business from Insolvency?
9715,site-map,page,https://comdebstage.wpengine.com/site-map/,https://comdebstage.wpengine.com/insolvency/can-you-sell-your-insolvent-company/,200,,Can you Sell Your Insolvent Business?
9715,site-map,page,https://comdebstage.wpengine.com/site-map/,https://comdebstage.wpengine.com/insolvency/limited-company-bankruptcy/,200,,Company Bankruptcy Explained: UK Insolvency Procedures and Director Options
9715,site-map,page,https://comdebstage.wpengine.com/site-map/,https://comdebstage.wpengine.com/insolvency/creditor-negotiations/,200,,Creditor Negotiations: A UK Director&#8217;s Tactical Playbook
9715,site-map,page,https://comdebstage.wpengine.com/site-map/,https://comdebstage.wpengine.com/insolvency/dealing-with-creditor-pressure/,200,,"Creditor Pressure: A UK Director’s Guide to Legal Risks, Debt Demands &amp; Solutions"
9715,site-map,page,https://comdebstage.wpengine.com/site-map/,https://comdebstage.wpengine.com/insolvency/creditors-guides-to-insolvency-practitioners-fees/,200,,Creditors’ Guides to Insolvency Practitioners’ Fees
9715,site-map,page,https://comdebstage.wpengine.com/site-map/,https://comdebstage.wpengine.com/insolvency/what-to-do-about-customer-insolvency/,200,,Customer Insolvency in the UK: What to Do When a Client Can’t Pay
9715,site-map,page,https://comdebstage.wpengine.com/site-map/,https://comdebstage.wpengine.com/insolvency/find-a-liquidator-near-me/,200,,Find an Insolvency Practitioner Near Me: UK Directors’ Guide
9715,site-map,page,https://comdebstage.wpengine.com/site-map/,https://comdebstage.wpengine.com/insolvency/what-is-a-freezing-order-or-injunction/,200,,Freezing Orders &amp; Injunctions Explained: A UK Director’s Guide to Risks &amp; Responses
9715,site-map,page,https://comdebstage.wpengine.com/site-map/,https://comdebstage.wpengine.com/insolvency/creditors-meeting/,200,,Guide to Creditors&#8217; Meetings in Insolvency
9715,site-map,page,https://comdebstage.wpengine.com/site-map/,https://comdebstage.wpengine.com/insolvency/what-is-a-high-court-writ/,200,,"High Court Writs Explained: A UK Business Guide to Enforcement, Risks &amp; Next Steps"
9715,site-map,page,https://comdebstage.wpengine.com/site-map/,https://comdebstage.wpengine.com/insolvency/stop-or-avoid-insolvency/,200,,How Can I Stop or Avoid Insolvency?
9715,site-map,page,https://comdebstage.wpengine.com/site-map/,https://comdebstage.wpengine.com/insolvency/check-if-a-company-is-insolvent/,200,,How to Check If a Company is Insolvent?
9715,site-map,page,https://comdebstage.wpengine.com/site-map/,https://comdebstage.wpengine.com/insolvency/how-to-reduce-insolvency-risk/,200,,How to Reduce Insolvency Risk
9715,site-map,page,https://comdebstage.wpengine.com/site-map/,https://comdebstage.wpengine.com/insolvency/how-to-save-a-struggling-business/,200,,How to Save a Struggling Business?
9715,site-map,page,https://comdebstage.wpengine.com/site-map/,https://comdebstage.wpengine.com/insolvency/what-is-an-individual-voluntary-arrangement/,200,,Individual Voluntary Arrangement (IVA) Explained: UK Debt Solution Guide
9715,site-map,page,https://comdebstage.wpengine.com/site-map/,https://comdebstage.wpengine.com/insolvency/insolvent-company-investigations/,200,,"Insolvency Investigations Explained: Process, Risks &amp; What UK Directors Should Expect"
9715,site-map,page,https://comdebstage.wpengine.com/site-map/,https://comdebstage.wpengine.com/insolvency/what-is-an-insolvency-practitioner/,200,,"Insolvency Practitioner Explained: Role, Duties &amp; How They Help UK Directors"
9715,site-map,page,https://comdebstage.wpengine.com/site-map/,https://comdebstage.wpengine.com/insolvency/what-is-the-insolvency-service/,200,,"Insolvency Service Explained: Role, Powers &amp; What UK Directors Need to Know"
9715,site-map,page,https://comdebstage.wpengine.com/site-map/,https://comdebstage.wpengine.com/insolvency/lpa-receivership/,200,,LPA Receivership Explained: A UK Guide for Company Directors and Property Owners
9715,site-map,page,https://comdebstage.wpengine.com/site-map/,https://comdebstage.wpengine.com/insolvency/retail-industry-insolvency-trends/,200,,"Retail Insolvency in the UK: Causes, Warning Signs &amp; Solutions for Struggling Businesses"
9715,site-map,page,https://comdebstage.wpengine.com/site-map/,https://comdebstage.wpengine.com/insolvency/secured-vs-unsecured-creditors/,200,,Secured vs Unsecured Creditors
9715,site-map,page,https://comdebstage.wpengine.com/site-map/,https://comdebstage.wpengine.com/insolvency/what-is-a-creditor/,200,,"Understanding Creditors in UK Insolvency: Types, Rights &amp; Director Duties"
9715,site-map,page,https://comdebstage.wpengine.com/site-map/,https://comdebstage.wpengine.com/insolvency/validation-order/,200,,Validation Orders Explained: How to Keep Trading After a Winding-Up Petition
9715,site-map,page,https://comdebstage.wpengine.com/site-map/,https://comdebstage.wpengine.com/insolvency/preferential-payments-during-insolvency/,200,,What Are Preferential Payments? A UK Director’s Guide Under the Insolvency Act 1986
9715,site-map,page,https://comdebstage.wpengine.com/site-map/,https://comdebstage.wpengine.com/insolvency/what-are-the-warning-signs-of-an-insolvent-company/,200,,What are the Warning Signs of an Insolvent Company?
9715,site-map,page,https://comdebstage.wpengine.com/site-map/,https://comdebstage.wpengine.com/insolvency/transactions-at-undervalue/,200,,"What Are Transactions at Undervalue? Definition, Examples, and Consequences (UK Insolvency Act 1986)"
9715,site-map,page,https://comdebstage.wpengine.com/site-map/,https://comdebstage.wpengine.com/insolvency/cease-trading/,200,,What Does It Mean When a Company Has Ceased Trading? UK Guide for Directors
9715,site-map,page,https://comdebstage.wpengine.com/site-map/,https://comdebstage.wpengine.com/insolvency/what-happens-if-a-company-cannot-pay-its-debts/,200,,What Happens if a Company Cannot Pay Its Debts? UK Insolvency Guide for Directors
9715,site-map,page,https://comdebstage.wpengine.com/site-map/,https://comdebstage.wpengine.com/insolvency/preferential-non-preferential-creditors/,200,,What is a Preferential and Non-Preferential Creditor?
9715,site-map,page,https://comdebstage.wpengine.com/site-map/,https://comdebstage.wpengine.com/insolvency/statement-of-affairs/,200,,What Is a Statement of Affairs? UK Insolvency Guide for Company Directors
9715,site-map,page,https://comdebstage.wpengine.com/site-map/,https://comdebstage.wpengine.com/insolvency/insolvency-test/,200,,What Is the Corporate Insolvency Test? A UK Director’s Guide Under the Insolvency Act 1986
9715,site-map,page,https://comdebstage.wpengine.com/site-map/,https://comdebstage.wpengine.com/insolvency/insolvency-act-1986/,200,,What is the Insolvency Act 1986?
9715,site-map,page,https://comdebstage.wpengine.com/site-map/,https://comdebstage.wpengine.com/insolvency/what-is-wrongful-trading/,200,,"What Is Wrongful Trading? UK Law, Risks, and Penalties for Company Directors"
9715,site-map,page,https://comdebstage.wpengine.com/site-map/,https://comdebstage.wpengine.com/insolvency/insolvent-company-owes-me-money/,200,,What to Do When an Insolvent Company Owes You Money: UK Creditor Guide
9715,site-map,page,https://comdebstage.wpengine.com/site-map/,https://comdebstage.wpengine.com/articles/,200,,Articles
9715,site-map,page,https://comdebstage.wpengine.com/site-map/,https://comdebstage.wpengine.com/articles/managing-debt-related-stress/,200,,Where to Get Help for Debt-Related Stress
9715,site-map,page,https://comdebstage.wpengine.com/site-map/,https://comdebstage.wpengine.com/articles/debt-charities-for-consumers/,200,,The Best Debt Charities in the UK
9715,site-map,page,https://comdebstage.wpengine.com/site-map/,https://comdebstage.wpengine.com/articles/35-of-charities-fear-insolvency-due-to-cost-of-living-crisis/,200,,35% of Charities Fear Insolvency Due to Cost of Living Crisis
9715,site-map,page,https://comdebstage.wpengine.com/site-map/,https://comdebstage.wpengine.com/articles/124-pints-to-save-the-pub/,200,,124 Pints per Adult Required to Save the British Pub
9715,site-map,page,https://comdebstage.wpengine.com/site-map/,https://comdebstage.wpengine.com/articles/can-heathrow-survive-covid-19/,200,,Could Heathrow be at Risk of Collapse?
9715,site-map,page,https://comdebstage.wpengine.com/site-map/,https://comdebstage.wpengine.com/articles/the-orla-kiely-fashion-brand-shuts-up-shop/,200,,The Orla Kiely Fashion Brand Shuts Up Shop
9715,site-map,page,https://comdebstage.wpengine.com/site-map/,https://comdebstage.wpengine.com/articles/pub-closures-in-the-uk/,200,,Pub Closures: What&#8217;s Behind the Decline of British Pubs?
9715,site-map,page,https://comdebstage.wpengine.com/site-map/,https://comdebstage.wpengine.com/articles/how-will-carillions-insolvency-effect-its-supply-chain/,200,,What are the Likely Effects of Carillion&#8217;s Insolvency on its Supply Chain?
9715,site-map,page,https://comdebstage.wpengine.com/site-map/,https://comdebstage.wpengine.com/articles/paradise-papers/,200,,What are the Paradise Papers and who are Named in the Scandal?
9715,site-map,page,https://comdebstage.wpengine.com/site-map/,https://comdebstage.wpengine.com/articles/tescos-rated-worst-payer-uk-small-businesses/,200,,Tesco&#8217;s Rated the Worst Payer for the UK&#8217;s small Businesses
9715,site-map,page,https://comdebstage.wpengine.com/site-map/,https://comdebstage.wpengine.com/business-insolvency/,200,,Business Insolvency and Advice
9715,site-map,page,https://comdebstage.wpengine.com/site-map/,https://comdebstage.wpengine.com/business-insolvency/articles-insights-hub/,200,,Articles &amp; Insights Hub
9715,site-map,page,https://comdebstage.wpengine.com/site-map/,https://comdebstage.wpengine.com/case-studies/,200,,Insolvency Case Studies
9715,site-map,page,https://comdebstage.wpengine.com/site-map/,https://comdebstage.wpengine.com/case-studies/chinese-takeaway/,200,,Chinese Takeaway Case Study (Creditors’ Voluntary Liquidation)
9715,site-map,page,https://comdebstage.wpengine.com/site-map/,https://comdebstage.wpengine.com/services-to/,200,,Insolvency Services To
9715,site-map,page,https://comdebstage.wpengine.com/site-map/,https://comdebstage.wpengine.com/services-to/creditors/,200,,Insolvency Support for Creditors
9715,site-map,page,https://comdebstage.wpengine.com/site-map/,https://comdebstage.wpengine.com/services-to/asset-based-and-other-lenders/,200,,Insolvency Support for Lenders
9715,site-map,page,https://comdebstage.wpengine.com/site-map/,https://comdebstage.wpengine.com/services-to/banks/,200,,Insolvency Support for Banks
9715,site-map,page,https://comdebstage.wpengine.com/site-map/,https://comdebstage.wpengine.com/services-to/solicitors/,200,,Insolvency Support for Solicitors
9715,site-map,page,https://comdebstage.wpengine.com/site-map/,https://comdebstage.wpengine.com/services-to/accountants/,200,,Insolvency Support for Accountants
9715,site-map,page,https://comdebstage.wpengine.com/site-map/,https://comdebstage.wpengine.com/sectors/,200,,Sectors
9715,site-map,page,https://comdebstage.wpengine.com/site-map/,https://comdebstage.wpengine.com/sectors/insolvency-rescue-fish-chip-sector/,200,,Insolvency &#038; Rescue Solutions for the Fish &#038; Chip Sector
9715,site-map,page,https://comdebstage.wpengine.com/site-map/,https://comdebstage.wpengine.com/sectors/insolvency-rescue-solutions-for-garden-centers/,200,,Insolvency &#038; Rescue Solutions for Garden Centers
9715,site-map,page,https://comdebstage.wpengine.com/site-map/,https://comdebstage.wpengine.com/sectors/property/,200,,Insolvency &#038; Rescue Solutions for the Property Sector
9715,site-map,page,https://comdebstage.wpengine.com/site-map/,https://comdebstage.wpengine.com/sectors/manufacturing/,200,,Insolvency &#038; Rescue Solutions for Manufacturing
9715,site-map,page,https://comdebstage.wpengine.com/site-map/,https://comdebstage.wpengine.com/sectors/professional-services/,200,,Insolvency &#038; Rescue Solutions for Professional Services Businesses
9715,site-map,page,https://comdebstage.wpengine.com/site-map/,https://comdebstage.wpengine.com/sectors/leisure/,200,,Insolvency &#038; Rescue Solutions for Leisure Businesses
9715,site-map,page,https://comdebstage.wpengine.com/site-map/,https://comdebstage.wpengine.com/sectors/dry-cleaning-laundry/,200,,Insolvency &#038; Rescue Solutions for Laundry and Dry Cleaning Providers
9715,site-map,page,https://comdebstage.wpengine.com/site-map/,https://comdebstage.wpengine.com/sectors/hotels/,200,,Insolvency &#038; Rescue Solutions for Hotels
9715,site-map,page,https://comdebstage.wpengine.com/site-map/,https://comdebstage.wpengine.com/sectors/haulage/,200,,Insolvency &#038; Rescue Solutions for Haulage Companies
9715,site-map,page,https://comdebstage.wpengine.com/site-map/,https://comdebstage.wpengine.com/sectors/gyms/,200,,Insolvency &#038; Rescue Solutions for Gyms
9715,site-map,page,https://comdebstage.wpengine.com/site-map/,https://comdebstage.wpengine.com/sectors/events/,200,,Insolvency &#038; Rescue Solutions for Event Management Businesses
9715,site-map,page,https://comdebstage.wpengine.com/site-map/,https://comdebstage.wpengine.com/sectors/entertainment/,200,,Insolvency &#038; Rescue Solutions for Entertainment Businesses
9715,site-map,page,https://comdebstage.wpengine.com/site-map/,https://comdebstage.wpengine.com/sectors/energy/,200,,Insolvency &#038; Rescue Solutions for Energy Providers
9715,site-map,page,https://comdebstage.wpengine.com/site-map/,https://comdebstage.wpengine.com/sectors/schools/,200,,Insolvency &#038; Rescue Solutions for Schools
9715,site-map,page,https://comdebstage.wpengine.com/site-map/,https://comdebstage.wpengine.com/sectors/travel/,200,,Insolvency &#038; Rescue Solutions for the Travel Sector
9715,site-map,page,https://comdebstage.wpengine.com/site-map/,https://comdebstage.wpengine.com/sectors/taxi-companies/,200,,Insolvency &#038; Rescue Solutions for Taxi Companies
9715,site-map,page,https://comdebstage.wpengine.com/site-map/,https://comdebstage.wpengine.com/sectors/retail/,200,,Insolvency &#038; Rescue Solutions for Retail Businesses
9715,site-map,page,https://comdebstage.wpengine.com/site-map/,https://comdebstage.wpengine.com/sectors/restaurants/,200,,Insolvency &#038; Rescue Solutions for Restaurants
9715,site-map,page,https://comdebstage.wpengine.com/site-map/,https://comdebstage.wpengine.com/sectors/recruitment/,200,,Insolvency &#038; Rescue Solutions for Recruitment Consultancies
9715,site-map,page,https://comdebstage.wpengine.com/site-map/,https://comdebstage.wpengine.com/sectors/construction/,200,,Insolvency &#038; Rescue Solutions for the Construction Sector
9715,site-map,page,https://comdebstage.wpengine.com/site-map/,https://comdebstage.wpengine.com/sectors/cleaning-contractors/,200,,Insolvency &#038; Rescue Solutions for the Cleaning Sector
9715,site-map,page,https://comdebstage.wpengine.com/site-map/,https://comdebstage.wpengine.com/sectors/childcare/,200,,Insolvency &#038; Rescue Solutions for the Childcare Sector
9715,site-map,page,https://comdebstage.wpengine.com/site-map/,https://comdebstage.wpengine.com/sectors/charity/,200,,Insolvency &#038; Rescue Solutions for the Charity and Non-Profit Sector
9715,site-map,page,https://comdebstage.wpengine.com/site-map/,https://comdebstage.wpengine.com/sectors/automotive/,200,,Insolvency &#038; Rescue Solutions for the Automotive Sector
9715,site-map,page,https://comdebstage.wpengine.com/site-map/,https://comdebstage.wpengine.com/sectors/carehomes/,200,,Insolvency &#038; Rescue Solutions for the Care Home Sector
9702,receivership-mean-business,page,https://comdebstage.wpengine.com/receivership-mean-business/,/liquidation/compulsory-liquidation/,200,,compulsory liquidation
9702,receivership-mean-business,page,https://comdebstage.wpengine.com/receivership-mean-business/,/liquidation/what-happens-to-directors-in-liquidation/,200,,a director&#8217;s position in liquidation
9702,receivership-mean-business,page,https://comdebstage.wpengine.com/receivership-mean-business/,/liquidation/,200,,how company liquidation works
7680,compulsory-liquidation,page,https://comdebstage.wpengine.com/liquidation/compulsory-liquidation/,/winding-up-petitions/,200,,winding-up petition
7680,compulsory-liquidation,page,https://comdebstage.wpengine.com/liquidation/compulsory-liquidation/,/liquidation/creditors-voluntary-liquidation/,200,,a creditors&#8217; voluntary liquidation
7680,compulsory-liquidation,page,https://comdebstage.wpengine.com/liquidation/compulsory-liquidation/,/liquidation/voluntary-vs-compulsory-liquidation/,200,,the difference between voluntary and compulsory liquidation
7680,compulsory-liquidation,page,https://comdebstage.wpengine.com/liquidation/compulsory-liquidation/,/insolvency/insolvency-test/,200,,insolvency test
7680,compulsory-liquidation,page,https://comdebstage.wpengine.com/liquidation/compulsory-liquidation/,/liquidation/,200,,liquidation of a limited company
