severity,file,term,first_use_char_offset,occurrences,gloss_anywhere_on_page,first_use_in_table_or_callout,first_use_in_faq,term_load_bearing_for_page,first_use_context
HIGH,11193_hmrc-compliance-checks.html,Time to Pay,8270,1,no,no,no,yes,"is formal and the procedural rules change. Where a settlement cannot be paid, Time to Pay arrangements are usually available for first-time cases with credible future compliance. Where the settlemen"
HIGH,11384_hmrc-tax-investigations.html,Time to Pay,7904,2,no,no,no,yes,"nvestigation runs, compounds penalty exposure and signals cash-flow insolvency . Time to Pay breach or refusal , see What Happens If HMRC Rejects Your Time to Pay . Director's Loan Account expo"
HIGH,11788_frozen-bank-account.html,advertised / advertisement (notice sense),95,4,no,no,no,no,"ur company's bank account has been frozen, the most likely cause is a winding-up petition advertised in the London Gazette. Banks monitor the Gazette automatically, and the freeze happens within hours"
HIGH,11788_frozen-bank-account.html,the Gazette,109,17,no,no,no,no,"ank account has been frozen, the most likely cause is a winding-up petition advertised in the London Gazette. Banks monitor the Gazette automatically, and the freeze happens within hours of publicatio"
HIGH,13513_statement-of-affairs.html,Schedule 6,1767,2,no,no,no,no,"ting-charge creditors, unsecured creditors, and the statutory order of distribution under Schedule 6 of the Insolvency Act 1986. When a Statement of Affairs Is Required The Statement of Affairs ap"
HIGH,13513_statement-of-affairs.html,preferential debt / creditor,1649,2,no,no,no,no,"nd Wales) Rules 2016, and the content requirements are non-negotiable: secured creditors, preferential creditors, floating-charge creditors, unsecured creditors, and the statutory order of distributio"
HIGH,13766_preferential-non-preferential-creditors.html,Schedule 6,487,7,no,no,no,yes,"olvency runs on a waterfall fixed by the Insolvency Act 1986, principally section 175 and Schedule 6. Where your claim sits in that waterfall decides what you will actually receive, and in our files t"
HIGH,13766_preferential-non-preferential-creditors.html,officeholder / office-holder,1727,3,no,no,no,no,"xed-charge creditors are paid from their specific asset. The expenses of liquidation (the office-holder's fees and litigation costs) come next. Ordinary preferential creditors (Category 1, mainly empl"
HIGH,14158_hmrc-fraud-investigations.html,Time to Pay,11708,1,no,no,no,yes,"cases extend further. Yes, in principle. HMRC's Debt Management unit can agree Time to Pay on CDF settlements, typically with 12–24 month schedules on larger amounts. Where the underlying business can"
HIGH,14619_hmrcs-ir35-investigations-different.html,Time to Pay,6328,2,no,no,no,yes,to a licensed insolvency practitioner about whether the company can absorb it or whether Time to Pay or other options are needed. Consider whether to appeal. IR35 appeals are winnable; the tribunal ov
HIGH,14914_director-redundancy.html,National Insurance Fund,1425,3,no,no,no,yes,"Actually Is Director redundancy pay is statutory redundancy pay accessed through the National Insurance Fund, administered by the Redundancy Payments Service, which is part of the Insolvency Service. "
HIGH,14914_director-redundancy.html,officeholder / office-holder,978,1,no,no,no,no,"laim depends on one question: were you genuinely employed by the company, or only ever an officeholder? The distinction matters in law, and the Redundancy Payments Service (RPS) will probe it. We work"
HIGH,14914_director-redundancy.html,wrongful trading,12310,2,no,no,no,yes,m your employment entitlements. Personal guarantees are enforced through their own terms. Wrongful trading concerns are assessed by the liquidator. Your redundancy claim is a separate matter entirely.
HIGH,15010_what-happens-to-employees.html,National Insurance Fund,203,8,no,no,no,yes,"ncy law gives employees of insolvent employers a statutory safety net: claims against the National Insurance Fund for unpaid wages, holiday pay, notice pay, and redundancy. The Redundancy Payments Ser"
HIGH,15010_what-happens-to-employees.html,Schedule 6,5610,2,no,no,no,yes,"claim form. Preferential Creditor Status for Employees in Liquidation Under Schedule 6 of the Insolvency Act 1986, employees are preferential creditors for up to four months' unpaid wages (capped"
HIGH,15010_what-happens-to-employees.html,wrongful trading,833,1,no,no,no,no,"lvent grows the creditor pool, shrinks the recoverable assets, and pushes you closer to a wrongful trading claim under section 214 of the Insolvency Act 1986. Employees who are told early can claim fr"
HIGH,16106_vs-administrative-receivership.html,debenture,935,3,no,yes,no,no,"nistrative Receivership Who appoints Directors, floating charge holder, or court A debenture holder (secured creditor with a charge created before 15 Sept 2003) Who they serve All creditors (statuto"
HIGH,16106_vs-administrative-receivership.html,floating charge,899,6,no,yes,no,no,"ared Administration Administrative Receivership Who appoints Directors, floating charge holder, or court A debenture holder (secured creditor with a charge created before 15 Sept 2003) Who they"
HIGH,16106_vs-administrative-receivership.html,moratorium,1099,6,no,yes,no,no,"03) Who they serve All creditors (statutory duty) The appointing secured creditor Moratorium Yes, automatic freeze on all creditor enforcement No moratorium for other creditors Director control Su"
HIGH,16353_hmrc-follower-notice.html,Time to Pay,6297,2,no,no,no,yes,"thdraw the appeal in writing. Pay the underlying tax , or arrange payment through Time to Pay where funds are insufficient. Confirm receipt with HMRC in writing and retain the confirmation for t"
HIGH,16662_what-is-an-individual-voluntary-arrangement.html,advertised / advertisement (notice sense),6992,1,no,yes,no,no,"f distributions Throughout 5-year term Disbursements £150-400 total Statutory advertising, Bond of Indemnity, court fees Total to creditors ~£60-75% of contributions After fees"
HIGH,20268_retail-industry-insolvency-trends.html,misfeasance,13931,2,no,yes,no,no,or pattern of failed retail vehicles Take advice early; document the decision to stop Misfeasance (s.212 IA 1986) Lease guarantees swapped between companies; stock movements between connected entities
HIGH,20268_retail-industry-insolvency-trends.html,preference (unlawful),13076,2,no,yes,no,no,"'t fund autumn quarter rent Dated board minutes, IP advice on file, defined stop-date Preferences (s.239 IA 1986) Paying a connected supplier or family-owned landlord ahead of HMRC and trade creditors"
HIGH,20268_retail-industry-insolvency-trends.html,wrongful trading,12887,2,no,yes,no,no,e day of appointment. Risk What triggers it in retail What protects you Wrongful trading (s.214 IA 1986) Continuing to order spring stock once you knew the company couldn't fund autumn quarter rent
HIGH,20380_making-employees-redundant-cva.html,National Insurance Fund,9899,1,no,no,no,yes,"ers liquidation, employees made redundant during the arrangement can still claim from the National Insurance Fund via the RPS for any statutory entitlements not yet paid. The liquidator will also asse"
HIGH,20380_making-employees-redundant-cva.html,Schedule 6,6637,1,no,no,no,yes,"ages owed to employees at the time the CVA begins are treated as preferential debts under Schedule 6 of the Insolvency Act 1986, subject to a cap of £800 per employee. Any amount above £800 in outstan"
HIGH,20681_can-director-criminal-record.html,misfeasance,1654,2,no,no,no,no,"You cannot get a criminal record for wrongful trading (section 214, civil only), misfeasance (section 212, civil only), being a director of a company that enters insolvency, or being disqualified."
HIGH,21122_shareholders-liable-company-debts.html,misfeasance,7123,1,no,yes,no,no,"ble as a shareholder, but director risks may apply Wrongful trading, fraudulent trading, misfeasance, overdrawn loan account Shareholder who signed a personal guarantee Yes, under the guarantee Liabil"
HIGH,21122_shareholders-liable-company-debts.html,transaction at an undervalue,15171,1,no,yes,no,no,"ue, not ordinary liability Assets moved to a connected party before failure Possible transaction at undervalue or preference The liquidator can challenge and unwind it Depends on the facts and your ro"
HIGH,22277_insolvent-company-owes-me-money.html,advertised / advertisement (notice sense),1192,1,no,no,no,no,"e London Gazette. A formal notice of liquidation, administration, or receivership must be advertised there. Then cross-reference with Companies House: the filing history will show an AM01 (administrat"
HIGH,22277_insolvent-company-owes-me-money.html,the Gazette,1100,2,no,no,no,no,"Insolvent Before you file anything, check the position. Search the debtor's name on the London Gazette. A formal notice of liquidation, administration, or receivership must be advertised there. Then c"
HIGH,22554_limited-company-bankruptcy.html,wrongful trading,2888,7,no,yes,no,no,"lsory) Discharged after 12 months (usually) What survives Personal guarantees, DLA, wrongful trading orders Most debts written off at discharge We stress this because directors who confuse the two"
HIGH,23698_how-much-does-liquidation-cost.html,preference (unlawful),10394,2,no,yes,no,no,"at the first call. It will be found regardless. Disputed transactions Where possible preferences or transactions at undervalue are identified, the investigation lengthens and the conduct report become"
HIGH,23698_how-much-does-liquidation-cost.html,the Gazette,4269,1,no,yes,no,no,"In addition to the practitioner's fee, the case may incur an insolvency bond, required Gazette notices, postage and other external expenses. For a straightforward Company Debt CVL, these normally tota"
HIGH,24434_what-is-a-freezing-order-or-injunction.html,served / service,548,1,no,no,no,no,"risk you will dissipate assets before the claimant gets judgment. If you have just been served one, the calendar matters. You normally have seven days to the return-date hearing at which the order is "
HIGH,24760_what-are-fixed-and-floating-charges.html,debenture,425,11,no,no,no,yes,ause most do not understand what their bank actually holds over the company. You signed a debenture when you took out the facility. That debenture almost certainly contains both a fixed charge over sp
HIGH,25310_validation-order.html,advertised / advertisement (notice sense),53,6,no,no,no,no,It is Wednesday morning. The winding-up petition was advertised in the London Gazette yesterday. The accounts team logs in to approve the BACS run for next week's payroll an
HIGH,25310_validation-order.html,presented (vs served),416,3,no,no,no,no,"mechanically, is section 127 of the Insolvency Act 1986. From the moment the petition is presented, and certainly once it has been advertised, any disposition of company property is void unless the co"
HIGH,25310_validation-order.html,the Gazette,67,3,no,no,no,no,It is Wednesday morning. The winding-up petition was advertised in the London Gazette yesterday. The accounts team logs in to approve the BACS run for next week's payroll and the Barclays interfa
HIGH,26298_misfeasance.html,wrongful trading,1673,7,no,no,no,no,d themselves at the company's expense. The claim is separate from and in addition to any wrongful trading or disqualification proceedings. Common Grounds for Misfeasance Claims Against Directors We
HIGH,26902_biggest-struggles-for-small-business-owners.html,statutory demand,1637,1,no,no,no,no,"to the Small Business Commissioner for persistent late-payers. Formal recovery , statutory demand, county court claim, winding-up petition, where informal chasing has run its course. The mistake wi"
HIGH,38597_losing-house-if-company-goes-bust.html,wrongful trading,1424,5,no,no,no,no,"r property, then applies for an order for sale. Slower but reaches the same outcome. A wrongful trading contribution order is made against you and you cannot pay. The liquidator enforces the order aga"
HIGH,42739_what-happens-if-a-company-cannot-pay-its-debts.html,misfeasance,10930,2,no,yes,no,no,r disqualification CDDA 1986 Up to 15 years' ban from directorship for unfit conduct Misfeasance s.212 Insolvency Act 1986 Personal liability for breach of fiduciary duty to creditors What Dire
HIGH,44055_cant-pay-staff-wages.html,Time to Pay,5426,1,no,no,no,yes,Renegotiate supplier and tax payment terms to free up cash for payroll. HMRC Time to Pay arrangements can release cash quickly where the underlying business is sound. Supplier deferral risks credit
HIGH,46222_what-happens-to-directors-in-liquidation.html,CVL,5795,1,no,no,no,yes,who assume wrongful trading claims are rare. They are not. The liquidator assesses every CVL and compulsory liquidation for potential wrongful trading. The claims that proceed to court tend to be the 
HIGH,46222_what-happens-to-directors-in-liquidation.html,misfeasance,1356,4,no,no,no,no,"examination if required. After liquidation, you may face wrongful trading claims, misfeasance claims, personal guarantee enforcement, and director disqualification proceedings. The Insolvency Service "
HIGH,46674_what-is-a-creditor.html,preferential debt / creditor,483,7,no,no,no,yes,and the Insolvency Rules 2016 define those categories precisely. The difference between a preferential claim and an unsecured one can be the difference between 8 pence in your pound and nothing at all
HIGH,47772_insolvency-act-1986.html,disposition,1028,3,no,no,no,no,"case law, section 214 wrongful trading, section 123 the insolvency test, section 127 void dispositions, you will find links through to our detailed guides. The aim is to let you navigate the Act with "
HIGH,47772_insolvency-act-1986.html,moratorium,534,6,no,no,no,no,"about has its source in this Act: wrongful trading liability, compulsory winding-up, the moratorium in administration, the avoidance of transactions at undervalue, the ranking of creditors in the dist"
HIGH,48170_creditors-guides-to-insolvency-practitioners-fees.html,officeholder / office-holder,183,6,no,no,no,no,"onths later, the IP’s progress report lands in your inbox. Asset realisations of £58,000. Office-holder remuneration of £31,400. Disbursements of £4,200. Estimated dividend to unsecured creditors: 4p "
HIGH,49618_creditors-meeting.html,preferential debt / creditor,7348,3,no,no,no,yes,"sworn under section 99, sets out assets at estimated realisable value, secured creditors, preferential creditors, and a full unsecured creditor list. It is the document creditors interrogate. Get it w"
HIGH,52771_what-is-the-companies-act-2006.html,wrongful trading,1333,4,no,no,no,no,"act in the interests of creditors, not shareholders. This is the duty shift that creates wrongful trading exposure . The Seven General Duties of a Company Director Section 171: Act within powers. You"
HIGH,55381_writing-off-a-directors-loan-account.html,preference (unlawful),653,3,no,no,no,no,"near insolvency , the write-off itself can be unwound by a liquidator and reassessed as a preference or a distribution that should not have happened. So your useful question is not ""can I write this o"
HIGH,65483_company-administration.html,Official Receiver,10449,1,no,yes,no,no,"sory liquidation A creditor has already petitioned the court. Director loses control; Official Receiver runs the case. Compulsory guide Informal creditor negotiation Few creditors, all open to instalm"
HIGH,65483_company-administration.html,Schedule B1,1179,6,no,yes,no,yes,"Administration at a Glance What it is: a formal insolvency process under Part II and Schedule B1 of the Insolvency Act 1986, run by a licensed administrator under court protection. Used when: the busi"
HIGH,65483_company-administration.html,debenture,3346,1,no,yes,no,no,"Qualifying floating charge holder The lender (typically a bank with an all-assets debenture) appoints directly out of court. Used when the bank wants its own choice of administrator, often where it h"
HIGH,65483_company-administration.html,floating charge,3273,1,no,yes,no,no,on in practice. Used when the directors decide rescue is the right call. Qualifying floating charge holder The lender (typically a bank with an all-assets debenture) appoints directly out of court. Us
HIGH,65614_closing-a-limited-company.html,wrongful trading,11396,2,no,yes,no,no,Waiting too long to start a CVL Each week of further trading while insolvent grows wrongful trading exposure under section 214 IA 1986. Missing director redundancy Directors with a real employment con
HIGH,66834_what-is-a-pre-pack-administration.html,Schedule B1,9799,2,no,no,no,yes,"circumstances. Creditors can challenge the administrator's conduct under paragraph 74 of Schedule B1, and the court can order remedies including compensation if the administrator acted unfairly. Unwin"
HIGH,67438_dealing-with-an-hmrc-winding-up-petition.html,Official Receiver,1307,6,no,no,no,no,"tcome, if granted, is compulsory liquidation and the immediate transfer of control to the Official Receiver. When an HMRC Winding Up Petition Applies HMRC files a petition when the unpaid tax exceeds "
HIGH,67438_dealing-with-an-hmrc-winding-up-petition.html,adjournment / adjourn,11837,2,no,no,no,yes,"of why the previous default will not repeat. Where granted, the petition is typically adjourned, not withdrawn, and reactivates if you miss an instalment. For most directors, a TTP under petition is"
HIGH,67438_dealing-with-an-hmrc-winding-up-petition.html,advertised / advertisement (notice sense),376,10,no,no,no,no,". From the day the petition is served, you have roughly seven days before HMRC can advertise it in the London Gazette. Once that advertisement runs, banks freeze the company's accounts within hours,"
HIGH,67438_dealing-with-an-hmrc-winding-up-petition.html,distraint / distrain,1585,1,no,no,no,no,"iled. Those earlier steps usually include a Time to Pay rejection, a statutory demand, distraint, or a visit from field-force collectors. PAYE, VAT and Corporation Tax arrears trigger the most petiti"
HIGH,67438_dealing-with-an-hmrc-winding-up-petition.html,preference (unlawful),1715,3,no,no,no,no,"ollectors. PAYE, VAT and Corporation Tax arrears trigger the most petitions. Crown preference, reinstated on 1 December 2020, gives HMRC priority on those taxes in any liquidation that follows, which "
HIGH,67438_dealing-with-an-hmrc-winding-up-petition.html,served / service,2975,2,no,no,no,yes,"der Schedule B1 paragraph 22. Can You Stop an HMRC Winding Up Petition Once It Has Been Served? Legal Position on Stopping an HMRC Winding Up Petition Yes, but the legal routes narrow fast."
HIGH,67438_dealing-with-an-hmrc-winding-up-petition.html,statutory demand,1567,2,no,no,no,no,"very steps have failed. Those earlier steps usually include a Time to Pay rejection, a statutory demand, distraint, or a visit from field-force collectors. PAYE, VAT and Corporation Tax arrears trigge"
HIGH,67438_dealing-with-an-hmrc-winding-up-petition.html,the Gazette,392,5,no,no,no,no,"e day the petition is served, you have roughly seven days before HMRC can advertise it in the London Gazette. Once that advertisement runs, banks freeze the company's accounts within hours, suppliers "
HIGH,67962_what-is-a-statutory-demand-against-a-company.html,restrain / restraining advertisement,1343,3,no,no,no,no,through a summary application. The only corporate remedy for dispute is an injunction to restrain a petition. Cost-efficient for creditors . Issuing a statutory demand costs the creditor no court fee
HIGH,68101_dealing-with-creditor-pressure.html,MVL,19185,1,no,yes,no,no,"iable; directors want a controlled, statutory wind-down. Solvent surplus available (use MVL instead); ongoing trade can be rescued via CVA. CVL guide What Should Directors Do Next?"
HIGH,68111_what-to-do-about-customer-insolvency.html,the Gazette,1209,1,no,no,no,no,Days After a Customer Goes Insolvent Confirm the formal status on Companies House and the Gazette. Pull every open invoice and check whether the supply contract carries a retention of title clause. St
HIGH,68115_rescue-your-business-from-insolvency.html,misfeasance,11804,2,no,yes,no,no,Act 1986 finds unfit conduct Disqualification 2 to 15 years; cannot act as a director Misfeasance (IA 1986 s.212) Breach of fiduciary or other duty causing loss to the company Court order to repay or 
HIGH,68117_how-to-save-a-struggling-business.html,misfeasance,9507,2,no,yes,no,no,"wn debts, trading on) Take advice early; the timing of the call is what gets recorded Misfeasance (s.212 IA 1986) Breach of fiduciary duty causing loss to creditors Decisions in writing, on the record"
HIGH,68120_can-you-sell-your-insolvent-company.html,CVA,1740,1,no,no,no,no,"The formal processes, administration pre-pack, asset sale in liquidation, and (rarely) a CVA-based sale, exist to put the transaction inside a framework where a court, an officeholder, and a creditor "
HIGH,68120_can-you-sell-your-insolvent-company.html,transaction at an undervalue,1560,3,no,no,no,no,"ning you are thinking ""sale"". The liquidator appointed six months later will be thinking ""transaction at undervalue"". Those are two different readings of the same handshake. The formal processes, admi"
HIGH,68134_creditor-negotiations.html,MVL,16340,2,no,yes,no,no,ution under Schedule 6; unsecured creditors often single-digit pence. CVL guide MVL Solvent surplus available; tax-efficient closure. Full creditor payment plus distribution to shareholders
HIGH,68134_creditor-negotiations.html,Schedule 6,16262,1,no,yes,no,no,VL Underlying business non-viable; controlled wind-down preferred. Distribution under Schedule 6; unsecured creditors often single-digit pence. CVL guide MVL Solvent surplus available; tax-effic
HIGH,68134_creditor-negotiations.html,preferential debt / creditor,15917,1,no,yes,no,yes,ment freeze needed; rescue or sale possible. Outcome ranked under preferential and non-preferential creditor priority. Administration guide Pre-pack administration Speed protects business value; SIP 1
HIGH,68134_creditor-negotiations.html,wrongful trading,16966,3,no,yes,no,no,Risk Why It Matters During Negotiations What Directors Should Do Wrongful trading (s.214 IA 1986) Negotiating while plainly insolvent extends the period over which fresh credit is taken. Ea
HIGH,68153_advice-hub.html,misfeasance,906,1,no,no,no,no,What is limited liability? What the protection actually covers Misfeasance The civil claim liquidators use most Personal Guarantees The risks of sig
HIGH,68189_how-to-legally-take-money-out-of-a-limited-company.html,wrongful trading,79,1,no,no,no,no,"The most common way we see directors get themselves into trouble is not fraud, wrongful trading, or any of the louder insolvency offences. It is sloppy extraction. A withdrawal your accountant meant t"
HIGH,68192_preventing-company-director-disputes.html,CVL,1217,3,no,no,no,no,"s insolvent, letting the insolvency practitioner make the decision for you by entering a CVL or administration . Common Causes of Director Disputes in Financially Distressed Companies Dis"
HIGH,68216_what-is-a-directors-responsibility-for-accountancy-errors.html,wrongful trading,8255,1,no,no,no,yes,"have also drawn on the Insolvency Act 1986 (section 212 on misfeasance and section 214 on wrongful trading), the Company Directors Disqualification Act 1986 (section 6 on unfit conduct), and current C"
HIGH,68221_get-free-business-debt-advice.html,wrongful trading,903,3,no,no,no,no,"ion itself, because every week of delay narrows your options and increases your personal wrongful trading exposure . Quick Answer: Where to Get Free Business Debt Advice Licensed insolvency practiti"
HIGH,68356_advantages-and-disadvantages.html,Schedule B1,1555,2,no,no,no,no,"strator immediately on appointment, often within hours. The legal framework sits in Schedule B1 of the Insolvency Act 1986 . The administrator is a licensed insolvency practitioner whose statutory obj"
HIGH,68356_pre-pack-advantages-and-disadvantages.html,Schedule B1,1555,2,no,no,no,no,"strator immediately on appointment, often within hours. The legal framework sits in Schedule B1 of the Insolvency Act 1986 . The administrator is a licensed insolvency practitioner whose statutory obj"
HIGH,70501_preferential-payments-during-insolvency.html,Schedule 6,8549,4,no,no,no,yes,"worth separating, because the language confuses directors. ""Preferential creditor"" under Schedule 6 IA 1986 is a statutory ranking. Employees rank as ordinary preferential (capped at £800 in wages arr"
HIGH,71514_directors-duties-to-creditors.html,misfeasance,430,3,no,no,no,no,"ors every week because it is the legal foundation of almost every wrongful trading claim, misfeasance action, and disqualification case we see. The Supreme Court confirmed in BTI 2014 LLC v Sequana SA"
HIGH,73778_alternatives-to-company-liquidation.html,CVL,8435,1,no,no,no,yes,"ratorium. If the business model is broken, none of the rescue routes will hold and a CVL on your terms is the cleaner exit. The first call establishes which applies. If you are not sure which c"
HIGH,74264_challenge-a-statutory-demand.html,served / service,712,3,no,no,no,yes,"out the real, time-critical options available to your company once a statutory demand has been served: when you can seek an injunction, how you negotiate payment or compounding, and the specific mista"
HIGH,74382_when-employers-cant-afford-redundancy-payments.html,National Insurance Fund,403,3,no,no,no,yes,"ments Service, a government-backed safety net that pays statutory entitlements out of the National Insurance Fund when an employer has reached formal insolvency. The catch, as ever, is in the qualifyi"
HIGH,74390_when-a-cva-fails.html,wrongful trading,785,7,no,no,no,no,tion. Directors who continue trading without taking advice face the additional risk of wrongful trading under section 214 IA 1986. Read on for a clear breakdown of what happens legally and practically
HIGH,74891_secured-vs-unsecured-creditors.html,debenture,2160,5,no,no,no,yes,"mechanical, not commercial. A high-street bank that lent £400,000 without registering the debenture inside 21 days is unsecured; a stationery supplier with a competent ROT clause and identifiable stoc"
HIGH,74891_secured-vs-unsecured-creditors.html,floating charge,348,19,no,no,no,yes,"terms. The bank, which sold its overdraft as ""secured"", finds it never registered the floating charge at Companies House inside the 21-day window. By the time you read the Statement of Affairs, the su"
HIGH,76323_insolvency-advice-for-directors.html,statutory demand,1246,1,no,no,no,no,insolvency under section 123 of the Insolvency Act 1986 . Not when HMRC issues a statutory demand. Not when the bank pulls the overdraft. The day you are deciding between PAYE and a key supplier is th
HIGH,7665_company-rescue-solutions.html,CVL,835,4,no,no,no,no,"l levers (HMRC Time to Pay, creditor negotiation), and the route-of-last-resort closures (CVL, MVL) that sometimes serve directors better than a doomed rescue attempt. We are direct about the trad"
HIGH,7669_liquidation.html,Redundancy Payments Service,17366,4,no,yes,no,no,"he full CVL fee in many cases Statutory weekly cap £751 from 6 April 2026. Funded by the Redundancy Payments Service, not company cash. Time from instruction to liquidation start 2 to 4 weeks Faster w"
HIGH,7669_liquidation.html,moratorium,21738,1,no,yes,no,no,ontrol; business may continue to trade; a sale or restructuring plan follows. Statutory moratorium pauses creditor action; outcome depends on the saleable value of the business. Company Voluntary Arra
HIGH,7669_liquidation.html,served / service,2985,1,no,yes,no,no,"y route What to do next You cannot pay your debts, but no winding-up petition has been served CVL Take advice before you pay any single creditor A winding-up petition is threatened or already serve"
HIGH,7674_creditors-voluntary-liquidation.html,misfeasance,16649,1,no,yes,no,no,"reasonably be avoided, and what steps were then taken to minimise creditor losses. Misfeasance Section 212 IA 1986 Keep money and property properly applied and recorded. The liquidator can ask the cou"
HIGH,7674_creditors-voluntary-liquidation.html,moratorium,21004,2,no,yes,no,no,y under supervision. CVA guide Administration Business has rescuable value or moratorium needed urgently. Administrator takes control; fees come out of the estate ahead of creditors. Administra
HIGH,7685_company-voluntary-arrangement.html,preferential debt / creditor,1491,1,no,no,no,no,"t it cannot touch a secured creditor (a bank with a charge over company assets, say) or a preferential creditor without their express consent. They keep their rights over any collateral unless they ag"
HIGH,7687_winding-up-petitions.html,restrain / restraining advertisement,9742,4,no,yes,no,no,e hearing. Source: . Both limbs matter. The first is the gap in which urgent work to restrain advertisement is realistically possible. There is also a certificate the creditor has to file confir
HIGH,7687_winding-up-petitions.html,substitution (of petitioner),18198,2,no,yes,no,yes,"ven permission to withdraw, where the procedural requirements for that have been met. Substitution or support Another creditor backs the petition, or takes the first creditor's place, and the case car"
HIGH,76920_hmrc-penalties-investigations.html,Time to Pay,7708,3,no,no,no,yes,"nquiry is ongoing, compounds penalty exposure and signals cash-flow insolvency . TTP breach or refusal during the enquiry, see What Happens If HMRC Rejects Your Time to Pay . Director'"
HIGH,77205_hmrc-debt-enforcement-hub.html,distraint / distrain,1651,6,no,no,no,yes,"(No. 2) Act 2015. See What Happens If HMRC Freezes Your Business Bank Account . Distraint (Taking Control of Goods) , certified agents attend the premises. See Distraint Order Notice , Controlled G"
HIGH,77693_insolvency-news-commentary.html,preferential debt / creditor,394,2,no,no,no,no,change how you should think about your own position. HMRC's reinstatement as a secondary preferential creditor in December 2020 has shrunk floating-charge recoveries. The Supreme Court's BTI v Sequana
HIGH,77883_liquidation-vs-dissolution-strike-off.html,the Gazette,1822,5,no,yes,no,no,"13 filing fee (DS01 form) £3,500 + VAT (MVL) or £5,000+ (CVL) Timeline 3 months from Gazette notice 6 to 18 months typically Creditor protection None beyond the Gazette notice Full statutory proce"
HIGH,77916_voluntary-vs-compulsory-liquidation.html,advertised / advertisement (notice sense),2051,4,no,yes,no,no,Public record Filed at Companies House Filed at Companies House plus London Gazette advertisement Perception Director acted responsibly Creditor forced the issue If a petition has been served b
HIGH,77916_voluntary-vs-compulsory-liquidation.html,the Gazette,2036,5,no,yes,no,no,ths to 3+ years Public record Filed at Companies House Filed at Companies House plus London Gazette advertisement Perception Director acted responsibly Creditor forced the issue If a petition has
HIGH,78129_directors-conduct-report-2.html,wrongful trading,3350,3,no,no,no,yes,"eposits, or incur liabilities after the point where insolvency was probable? This is the wrongful trading territory under Section 214. Cooperation with the liquidator. Did you attend meetings, answer "
HIGH,78578_intellectual-property-and-trading-assets-in-liquidation.html,CVL,953,4,no,no,no,yes,"tion. The ""IP I created is mine"" assumption is the misunderstanding that converts a CVL into a wider misfeasance investigation. Quick Answer on IP and Trading Assets in Liquidation"
HIGH,78578_intellectual-property-and-trading-assets-in-liquidation.html,MVL,1237,1,no,no,no,no,"143 of the Insolvency Act 1986 , with operative sections varying by procedure: MVL : s.91 IA 1986 CVL : s.103 IA 1986 Compulsory liquidation : s.144 IA 1986 What vests: trademark"
HIGH,78578_intellectual-property-and-trading-assets-in-liquidation.html,misfeasance,971,4,no,no,no,no,"P I created is mine"" assumption is the misunderstanding that converts a CVL into a wider misfeasance investigation. Quick Answer on IP and Trading Assets in Liquidation Company IP and trading ass"
HIGH,78613_how-to-prove-your-debt-in-company-liquidation.html,CVL,1977,1,no,no,no,yes,"claimed. This should be the amount owed at the date of the winding-up resolution (for a CVL) or the date of the winding-up order (for compulsory), including any contractual interest accrued to that da"
HIGH,78673_liquidators-powers-and-duties.html,wrongful trading,3805,4,no,no,no,yes,"or the business as a going concern, by private treaty or auction. Pursue legal claims: wrongful trading (s.214), fraudulent trading (s.213), misfeasance (s.212), transactions at undervalue (s.238), an"
HIGH,78771_liquidating-a-charity-or-non-profit.html,preference (unlawful),1519,3,no,yes,no,no,6 provisions as any limited company; this includes wrongful trading under section 214 and preference claims under section 239. The Charity Commission adds a second layer: trustees must notify the Co
HIGH,78797_what-happens-if-a-director-resigns-before-liquidation.html,CVL,8583,3,no,no,no,yes,t will note the timing of your resignation. A director who resigned two weeks before the CVL was initiated raises more questions than a director who stayed and cooperated with the process. In ou
HIGH,78797_what-happens-if-a-director-resigns-before-liquidation.html,misfeasance,1572,5,no,no,no,no,"aken while you were a director. The liquidator can pursue wrongful trading claims, misfeasance claims, and transaction avoidance claims against former directors. The Insolvency Service can seek a disq"
HIGH,78812_redundancy-payments-for-directors-in-an-mvl.html,MVL,48,40,no,no,no,yes,"If you are closing a solvent company through an MVL (a form of voluntary liquidation ), you may be entitled to a statutory redundancy payment as a director-empl"
HIGH,78825_paying-staff-but-not-hmrc-before-liquidation.html,preference (unlawful),162,13,no,no,no,no,"t just a moral instinct. It is a legal risk. The liquidator can claw that payment back as a preference, and you personally may have to explain why you chose one creditor over another when you knew the"
HIGH,79246_can-i-liquidate-my-company-with-a-bounce-back-loan.html,preferential debt / creditor,1375,2,no,no,no,no,"any other unsecured debt in the liquidation, ranking alongside trade creditors and behind preferential claims. Because the loan is 100% government-backed, the lender claims the outstanding balance fro"
HIGH,79295_company-voluntary-arrangement-vs-administration-which-to-choose.html,CVL,1627,1,no,yes,no,no,te Outcome if it fails Usually transitions to liquidation Terminates; company enters CVL or compulsory liquidation When Administration Beats a Company Voluntary Arrangement Adminis
HIGH,79295_company-voluntary-arrangement-vs-administration-which-to-choose.html,Schedule B1,8946,1,no,no,no,yes,"stressed company. We have drawn on the Insolvency Act 1986 (Part I on CVAs, Part II and Schedule B1 on administration including the moratorium and out-of-court appointment), the Insolvency (England an"
HIGH,79295_company-voluntary-arrangement-vs-administration-which-to-choose.html,moratorium,465,6,no,no,no,yes,"appoints a professional to manage the company's affairs, and buys time under a statutory moratorium. A CVA is a negotiating tool: it proposes a deal to your creditors, and if 75% by value agree, every"
HIGH,79313_light-touch-administration.html,Schedule B1,2201,2,no,no,no,yes,inistration The legal framework is identical. The administrator is appointed under Schedule B1 of the Insolvency Act 1986. The automatic moratorium applies. The statutory purposes are the same. The di
HIGH,79322_winding-up-petition-vs-compulsory-liquidation.html,CVL,2380,10,no,yes,no,yes,"ng the petition Can you stop it? Yes: pay the debt, negotiate, dispute, or convert to CVL Extremely difficult: requires an appeal Bank accounts Frozen when the petition is gazetted (before the h"
HIGH,79322_winding-up-petition-vs-compulsory-liquidation.html,advertised / advertisement (notice sense),1586,15,no,yes,no,no,"opportunity to act, but the bank freeze can cut that window short the moment the Gazette advertisement is published. Directors who wait for the court hearing to take action have usually already lost a"
HIGH,79322_winding-up-petition-vs-compulsory-liquidation.html,disposition,1130,4,no,yes,no,no,"of the Insolvency Act 1986 is why banks act. If the court later makes a winding-up order, dispositions of company property made after the petition was presented can be void unless the court validates "
HIGH,79322_winding-up-petition-vs-compulsory-liquidation.html,presented (vs served),1191,1,no,yes,no,yes,"er makes a winding-up order, dispositions of company property made after the petition was presented can be void unless the court validates them. Banks that pick up the Gazette notice commonly restrict"
HIGH,79322_winding-up-petition-vs-compulsory-liquidation.html,restrain / restraining advertisement,9372,1,no,yes,no,no,"Directors who receive a petition can use these 7 days to pay the debt, obtain a restraining order, or begin CVL proceedings. After advertisement, the bank freeze is automatic and almost ins"
HIGH,79322_winding-up-petition-vs-compulsory-liquidation.html,served / service,3437,3,no,no,no,yes,"ry demand or a county court judgement that has not been paid. The petition must be served on the company at its registered office. After service, the petitioning creditor must advertise the petition i"
HIGH,79322_winding-up-petition-vs-compulsory-liquidation.html,the Gazette,1265,15,no,yes,no,no,"he petition was presented can be void unless the court validates them. Banks that pick up the Gazette notice commonly restrict the account rather than carry that risk, and they can do it before a dire"
HIGH,79332_what-happens-if-a-cva-fails-mid-term.html,CVA,128,43,no,no,no,yes,"st received a formal Notice of Breach from your supervisor? The clock has started. Once a CVA defaults and is formally terminated under its terms, the compromise falls away, creditors regain their ful"
HIGH,79332_what-happens-if-a-cva-fails-mid-term.html,wrongful trading,376,7,no,no,no,no,"ition for liquidation or administration. That chain reaction can expose directors to wrongful trading claims under s.214 of the Insolvency Act 1986, personal guarantee enforcement, and disqualificatio"
HIGH,79342_hmrc-as-a-creditor-in-liquidation.html,CVA,607,5,no,no,no,no,"hanged the distribution outcome on most insolvent SME estates and made HMRC's vote at any CVA or creditor decision procedure the swing vote on whether a rescue procedure can fly. Below, we set out"
HIGH,79342_hmrc-as-a-creditor-in-liquidation.html,CVL,3968,3,no,no,no,yes,"floating charge holders for owner-managed companies, lost recovery share. Where a typical CVL might previously have paid floating charge holders 50-80p in the pound after expenses, post-2020 they ofte"
HIGH,79342_hmrc-as-a-creditor-in-liquidation.html,floating charge,435,5,no,no,no,no,"YE, employee NIC, and CIS withholdings; which means HMRC now collects ahead of the bank's floating charge and well ahead of trade suppliers. This is not a tweak. It changed the distribution outcome on"
HIGH,79342_hmrc-as-a-creditor-in-liquidation.html,preferential debt / creditor,289,5,no,no,no,yes,"istribution and the conduct review. The Finance Act 2020 restored HMRC's secondary preferential creditor status for ""trust taxes""; VAT, PAYE, employee NIC, and CIS withholdings; which means HMRC now c"
HIGH,79351_can-i-choose-my-liquidator.html,advertised / advertisement (notice sense),354,3,no,no,no,no,"n nominate a licensed insolvency practitioner you trust. Wait until after a petition is advertised and you lose that right altogether, with the Official Receiver or a court-appointed practitioner taki"
HIGH,79351_can-i-choose-my-liquidator.html,the Gazette,1679,2,no,no,no,no,"a licensed IP while you still have the luxury of choice. Once a petition is advertised in the London Gazette, that choice has largely gone. Why Timing Decides Control The single most important factor "
HIGH,79360_ccj-when-going-insolvent.html,CVL,1658,1,no,no,no,no,"t a fresh proof of debt; the judgement itself is the proof. If the company enters a CVL , enforcement of the CCJ is stayed (paused) from the date the liquidator is appointed. If the company enters"
HIGH,79379_business-bank-account-in-liquidation.html,advertised / advertisement (notice sense),30,6,no,no,no,no,"Once a winding-up petition is advertised in the London Gazette, banks that become aware of it commonly freeze the company account. How quickly that ha"
HIGH,79379_business-bank-account-in-liquidation.html,presented (vs served),201,3,no,no,no,no,he company account. How quickly that happens varies. Outflows made after the petition was presented are potentially void under Section 127 of the Insolvency Act 1986 if a winding-up order is later mad
HIGH,79379_business-bank-account-in-liquidation.html,the Gazette,44,8,no,no,no,no,"Once a winding-up petition is advertised in the London Gazette, banks that become aware of it commonly freeze the company account. How quickly that happens varies. Outflows"
HIGH,79396_director-conduct-review.html,wrongful trading,10966,1,no,no,no,yes,pear in the bank statements and all of them go into the report. See our guides on wrongful trading and director payments before liquidation for the detailed frameworks the liquidator applies. What
HIGH,79404_uk-insolvency-glossary.html,preferential debt / creditor,1521,4,no,no,no,no,"achieve a better result for creditors than liquidation, or realise assets for secured and preferential creditors. See alternatives to liquidation . Balance-sheet test. One of the two statutory insolve"
HIGH,79423_insolvency-checklist.html,debenture,4320,2,no,yes,no,no,"Every personal guarantee signed, charges registered under s.859A CA 2006 (MR01 filings), debentures Contingent liabilities Lease + dilapidation exposure, warranty obligations, litigation, undischarged"
HIGH,79423_insolvency-checklist.html,preference (unlawful),1354,7,no,no,no,no,"214 wrongful-trading clock is ticking. Stop making selective creditor payments. s.239 preference exposure is automatic. Assess your personal exposure. PGs, DLA, wrongful trading, misfeasance, HMRC PLN"
HIGH,79436_directors-responsibilities-after-a-company-is-struck-off.html,wrongful trading,9406,1,no,no,no,yes,specific transactions. That letter is the moment to take advice. See our guide on wrongful trading for the broader director-conduct framework that applies in the run-up to dissolution. Practical Steps
HIGH,79445_list-of-liquidation-documents.html,CVL,985,3,no,no,no,yes,"of incorporation, and any security documents (charges, guarantees, debentures). For a CVL , you must also prepare a formal statement of affairs. For compulsory liquidation, the Official Receiver will"
HIGH,79455_insolvency-vs-bankruptcy.html,CVA,1160,4,no,yes,no,no,"rts I-VII) Insolvency Act 1986 (Parts VIII-XI) Main routes CVL, MVL, administration, CVA, compulsory liquidation Bankruptcy order, IVA, DRO, debt management plan Who controls the process Licens"
HIGH,79455_insolvency-vs-bankruptcy.html,CVL,1134,3,no,yes,no,no,"k Insolvency Act 1986 (Parts I-VII) Insolvency Act 1986 (Parts VIII-XI) Main routes CVL, MVL, administration, CVA, compulsory liquidation Bankruptcy order, IVA, DRO, debt management plan Who co"
HIGH,79455_insolvency-vs-bankruptcy.html,MVL,1139,3,no,yes,no,no,"solvency Act 1986 (Parts I-VII) Insolvency Act 1986 (Parts VIII-XI) Main routes CVL, MVL, administration, CVA, compulsory liquidation Bankruptcy order, IVA, DRO, debt management plan Who control"
HIGH,79455_insolvency-vs-bankruptcy.html,the Gazette,1673,1,no,yes,no,no,"ed company debts or face a personal contribution order Public record Companies House, London Gazette Individual Insolvency Register When Insolvency Applies: Your Company Cannot Pay Its Debts"
HIGH,79472_should-i-close-my-company-or-try-to-save-it.html,moratorium,1508,3,no,yes,no,no,"administration) Control transfers to the liquidator Creditor pressure Can be paused (moratorium, CVA, administration) Resolved through statutory distribution Personal risk Lower if rescue is genuine a"
HIGH,79480_when-should-a-director-stop-trading.html,CVL,6984,2,no,yes,no,no,"A director who called an insolvency practitioner, received a recommendation to enter CVL, and then continued trading for another three months cannot rely on the initial call as a shield. The defence"
HIGH,79489_seek-insolvency-advice-before-missing-payments.html,served / service,1782,1,no,yes,no,no,"e company's position. Directors who call after the first statutory demand has been served often find the CVA route is already closed (creditors won't agree), administration is too expensive, and the"
HIGH,79489_seek-insolvency-advice-before-missing-payments.html,statutory demand,942,4,no,no,no,no,Should You Seek Insolvency Advice? Before you miss a payment. Before HMRC sends a statutory demand. Before a supplier loses patience and instructs solicitors. The professional advice itself costs noth
HIGH,79498_pay-hmrc-or-suppliers-first.html,preference (unlawful),443,17,no,no,no,no,"purely commercial. Once your company is on the edge of insolvency, paying one creditor in preference to another can be unwound later as a ""preference"" under section 239 of the Insolvency Act 1986 . HM"
HIGH,79507_what-happens-if-i-stop-paying-company-debts.html,CVA,1984,2,no,yes,no,no,"ctors who enter a formal insolvency process before creditors start enforcement; through a CVA, administration, or CVL; retain control of the route, the timing, and in voluntary liquidation, the choice"
HIGH,79507_what-happens-if-i-stop-paying-company-debts.html,CVL,2008,1,no,yes,no,no,"insolvency process before creditors start enforcement; through a CVA, administration, or CVL; retain control of the route, the timing, and in voluntary liquidation, the choice of practitioner."
HIGH,79515_can-directors-go-to-prison-for-company-debt.html,wrongful trading,2027,8,no,no,no,yes,"company property (section 208), and fraud by false representation (Fraud Act 2006). Wrongful trading (section 214) is a civil claim, not criminal. You can be ordered to pay money but you cannot be imp"
HIGH,79529_what-happens-if-a-director-hides-company-assets.html,CVL,4338,1,no,yes,no,no,ock Directors commonly believe that transferring assets several months before the CVL commences puts those transactions out of reach. It does not. The two-year lookback for transactions at underv
HIGH,79529_what-happens-if-a-director-hides-company-assets.html,wrongful trading,12849,1,no,no,no,yes,"g up. We have also drawn on sections 212 to 214 on misfeasance, fraudulent trading, and wrongful trading; sections 235 to 236 on the duty to cooperate and court-ordered production of documents; and se"
HIGH,79537_can-a-director-be-sued-personally-by-creditors.html,misfeasance,1523,6,no,no,no,no,"s entered liquidation: the liquidator can bring claims against you for wrongful trading, misfeasance, preferences, or overdrawn director's loan accounts. These are separate from creditor claims. Why"
HIGH,79537_can-a-director-be-sued-personally-by-creditors.html,preference (unlawful),1536,8,no,no,no,no,"uidation: the liquidator can bring claims against you for wrongful trading, misfeasance, preferences, or overdrawn director's loan accounts. These are separate from creditor claims. Why UK Limited C"
HIGH,79545_what-happens-if-a-director-transfers-assets-before-insolvency.html,CVL,553,2,no,no,no,no,"s value. A third pays off their personal loan account from company funds weeks before the CVL. Each of these is a transaction the liquidator will trace, challenge, and in most cases recover. The Insol"
HIGH,79545_what-happens-if-a-director-transfers-assets-before-insolvency.html,preference (unlawful),779,11,no,no,no,no,"liquidator a two-year lookback window for transactions at undervalue and connected-party preferences, and for fraud there is no time limit at all. Legal Exposure Transactions at Undervalue and Co"
HIGH,79545_what-happens-if-a-director-transfers-assets-before-insolvency.html,wrongful trading,7214,3,no,no,no,yes,"f the Insolvency Act create criminal offences carrying up to seven years' imprisonment Wrongful trading: If you transferred assets while the company was insolvent and continued trading, the wrongful t"
HIGH,79553_can-directors-pay-themselves-before-liquidation.html,preference (unlawful),1593,5,no,no,no,no,"ector's loan account to yourself ahead of trade creditors is one of the fastest routes to a preference claim under section 239. And if the company is already cash-flow insolvent, any payment to you wi"
HIGH,79563_what-happens-if-hmrc-freezes-your-business-bank-account.html,validation order,3814,5,no,yes,no,no,ncy Act 1986 s.127 Winding-up petition advertised in The Gazette Hearing of petition or validation order Your bank should be able to tell you which route has been used. Ask specifically; the practical
HIGH,79571_what-happens-if-hmrc-sends-bailiffs-to-a-business.html,Time to Pay,1142,9,no,no,no,yes,"authorised to attend after 7 clear days. Days 1–7 , last cheap window. Pay, agree Time to Pay, dispute formally, or enter administration. Day 8+ , agent can attend. £235 enforcement fee plus 7.5%"
HIGH,79580_can-hmrc-shut-down-my-business.html,Official Receiver,1739,3,no,no,no,no,"order made unless petition is settled, dismissed, or replaced by administration. Official Receiver appointed as liquidator; company ceases to trade. From first formal demand to winding-up order is"
HIGH,79580_can-hmrc-shut-down-my-business.html,advertised / advertisement (notice sense),1387,10,no,no,no,no,Winding-up petition presented to the court if the demand is unpaid. Petition advertised in The Gazette (typically 7 working days after presentation). Bank accounts freeze automatically un
HIGH,79580_can-hmrc-shut-down-my-business.html,the Gazette,134,4,no,no,no,no,"d ""HMRC Urgent"". Minutes later a colleague mentions that the company name has appeared in The Gazette. The question the director arrives at this page with is short and blunt: can HMRC really shut the "
HIGH,79588_what-happens-if-you-ignore-hmrc-letters.html,Time to Pay,1417,8,no,no,no,yes,"al window. Formal demand , Debt Management letter indicating internal escalation. Time to Pay still usually available. Compliance check opening , formal COP1 enquiry. See HMRC Compliance Checks"
HIGH,79596_what-happens-if-hmrc-rejects-your-time-to-pay-arrangement.html,CVL,7747,2,no,yes,no,no,"scue or sale Handed to administrator Statutory moratorium; rescue or sale £15–50k+ CVL No, orderly closure IP takes control Clean distribution of assets £3–6k for small companies T"
HIGH,79596_what-happens-if-hmrc-rejects-your-time-to-pay-arrangement.html,moratorium,7706,1,no,yes,no,no,"depending on size Administration Rescue or sale Handed to administrator Statutory moratorium; rescue or sale £15–50k+ CVL No, orderly closure IP takes control Clean distribution of assets £3–6"
HIGH,79615_can-a-supplier-force-my-company-into-liquidation.html,advertised / advertisement (notice sense),1200,19,no,yes,no,no,"ion context, see our liquidation hub . Risk Warning Once a Petition Is Advertised, Your Bank Account Freezes the Same Day Under section 127 of the Insolvency Act 1986, any disposal of"
HIGH,79615_can-a-supplier-force-my-company-into-liquidation.html,the Gazette,1501,13,no,yes,no,no,"es on the date the petition is presented, not the date the order is made. Banks monitor the London Gazette and freeze company accounts automatically, often within hours of the advertisement. Payments "
HIGH,79845_data.html,advertised / advertisement (notice sense),1142,3,no,no,no,no,"nsolvency Service 482 Winding-up petitions Advertised in May 2026 The Gazette 5,498,905 Active companies The registe"
HIGH,79845_data.html,the Gazette,1165,3,no,no,no,no,"482 Winding-up petitions Advertised in May 2026 The Gazette 5,498,905 Active companies The register, May 2026 Companies Ho"
HIGH,79847_winding-up-petition-tracker.html,advertised / advertisement (notice sense),382,11,no,no,no,no,"a creditor's application to the court to close a company. This page counts the petitions advertised against UK companies in The Gazette each month, and shows how many convert into winding-up orders."
HIGH,79853_compulsory-liquidation-statistics.html,CVL,6071,1,no,no,no,yes,is winding-up petition statistics . See also the UK company insolvency statistics and CVL statistics . Recent months UK compulsory liquidations over the last 12 months
HIGH,8324_cant-pay-paye.html,Time to Pay,1133,10,no,no,no,yes,Call HMRC's Business Payment Support Service on 0300 200 3835 immediately. Request a Time to Pay arrangement. PAYE is due by the 22nd of each month (or 19th if paying by post). If you know you cannot
HIGH,8324_cant-pay-paye.html,advertised / advertisement (notice sense),3818,1,no,yes,no,no,referrals as early as 3 months in. Months 6 and beyond Winding-up petition filed and advertised in the London Gazette. Your bank freezes the accounts . The court hearing follows 6 to 10 weeks later.
HIGH,8324_cant-pay-paye.html,served / service,1083,1,no,no,no,no,k Answer: What to Do When You Cannot Pay PAYE Call HMRC's Business Payment Support Service on 0300 200 3835 immediately. Request a Time to Pay arrangement. PAYE is due by the 22nd of each month
HIGH,8324_cant-pay-paye.html,statutory demand,3666,1,no,yes,no,no,"y instruct enforcement agents (bailiffs) under Taking Control of Goods powers, or serve a statutory demand for debts over £750. We see PAYE enforcement referrals as early as 3 months in. Months 6 and "
HIGH,8324_cant-pay-paye.html,the Gazette,3832,1,no,yes,no,no,arly as 3 months in. Months 6 and beyond Winding-up petition filed and advertised in the London Gazette. Your bank freezes the accounts . The court hearing follows 6 to 10 weeks later. The threshold
HIGH,8350_hmrc-threatening-letters.html,Time to Pay,1238,5,no,no,no,yes,"nagement formal demand. In our caseload, that is usually the last window in which a clean TTP is still cheap, and occasionally one letter too late for anything except administration. Why You Might"
HIGH,8358_what-is-an-insolvency-practitioner.html,CVA,774,6,no,no,no,no,"untant or a ""company doctor"". Without it, you cannot be a liquidator, an administrator, a CVA supervisor, or a trustee in bankruptcy in the UK. We take instructions from directors every week who h"
HIGH,8396_pre-packs.html,Schedule B1,568,11,no,no,no,no,set of cases. Both of those things are true at once. The legal scaffolding sits in Schedule B1 of the Insolvency Act 1986. The disclosure rules sit in SIP 16. The connected-party safeguards sit in The
HIGH,8408_problems-paying-corporation-tax-hmrc.html,served / service,1558,2,no,no,no,no,"If you can see the shortfall coming before the due date, HMRC's Business Payment Support Service on 0300 200 3835 is the earlier, pre-demand route. Propose a realistic monthly repayment you can actual"
HIGH,8408_problems-paying-corporation-tax-hmrc.html,statutory demand,3346,3,no,yes,no,no,"Formal insolvency action Where the tax is still unpaid and ignored, HMRC can serve a statutory demand and, ultimately, present a winding-up petition. HMRC does not publish a fixed timetable for this"
HIGH,8414_time-to-pay-hmrc.html,moratorium,8645,1,no,yes,no,no,ny Administration HMRC has filed a winding-up petition or business needs the statutory moratorium. Heavier process; administrator takes control; outcome depends on saleable value. Creditors' Volunta
HIGH,8414_time-to-pay-hmrc.html,served / service,584,3,no,no,no,no,"ingle phone call. Directors who call six months late, after statutory demands have been served and field officers instructed, face a much harder negotiation with a much lower success rate from our exp"
HIGH,9702_receivership-mean-business.html,floating charge,465,5,no,no,no,no,"eivership is a secured creditor's enforcement mechanism. A bank or lender with a fixed or floating charge over your company's assets appoints a receiver to take control of those assets, realise them, "
HIGH,9702_receivership-mean-business.html,moratorium,1697,7,no,no,no,no,"the power to appoint out of court, the appointment is immediate. There is no automatic moratorium. Other creditors, including HMRC, trade suppliers, and anyone holding an unpaid county court judgment,"
MEDIUM,10930_distraint-order-notice.html,CVL,7949,2,no,no,no,no,engage a licensed insolvency practitioner before the next escalation step. A pre-petition CVL costs £4-7k for a typical SME and preserves your control over IP choice. A compulsory liquidation after
MEDIUM,11228_what-are-phoenix-companies.html,MVL,4661,7,no,no,no,no,"low, the transaction will be challenged. The TAAR: Phoenix Company Tax Risk After MVL If you closed the old company through an MVL and extracted the surplus at capital gains rates, and t"
MEDIUM,11229_security-bonds.html,CVA,7698,2,no,no,no,no,"her the bond can be provided without triggering insolvency, and to plan a formal process (CVA, administration, CVL) if it cannot. Your Next Step on an HMRC Security Bond Two calls inside th"
MEDIUM,11229_security-bonds.html,CVL,7719,3,no,no,no,no,"rovided without triggering insolvency, and to plan a formal process (CVA, administration, CVL) if it cannot. Your Next Step on an HMRC Security Bond Two calls inside the first 48 hours of r"
MEDIUM,11516_joint-and-several-liability-for-unpaid-vat.html,CVA,7388,2,no,no,no,no,"ions: Administration , statutory moratorium pending appeal resolution. CVA , where the assessment is accepted but quantum is to be paid over time. CVL , where the assessment is"
MEDIUM,11516_joint-and-several-liability-for-unpaid-vat.html,CVL,7472,2,no,no,no,no,"CVA , where the assessment is accepted but quantum is to be paid over time. CVL , where the assessment is upheld and the business cannot service it. Your Next Step on a VAT Joint"
MEDIUM,11516_joint-and-several-liability-for-unpaid-vat.html,moratorium,7342,2,no,no,no,no,"ide tax counsel working the appeal. Options: Administration , statutory moratorium pending appeal resolution. CVA , where the assessment is accepted but quantum is to be paid over time"
MEDIUM,11644_notice-of-enforcement.html,moratorium,3923,3,no,no,no,no,"onsider administration where multiple creditors are moving to enforcement. The statutory moratorium in administration stops all enforcement action, including the NoE process. How to Challenge an HMRC"
MEDIUM,11788_frozen-bank-account.html,disposition,1143,3,yes,no,no,no,ndon Gazette. This is the most common cause. Section 127 of the Insolvency Act makes any disposition of company property after the commencement of winding up void unless the court approves it. Banks f
MEDIUM,11788_frozen-bank-account.html,served / service,2210,2,no,no,no,no,"etition , the petition is advertised in the London Gazette at least 7 business days after service on the company and at least 7 business days before the hearing. Banks subscribe to Gazette monitoring "
MEDIUM,12979_what-can-hmrc-bailiffs-take.html,Schedule B1,10967,2,no,no,no,no,nd limits costs to the £75 compliance fee. Yes. The statutory moratorium under Schedule B1 of the Insolvency Act 1986 halts creditor action including HMRC enforcement from the moment the administrator
MEDIUM,12979_what-can-hmrc-bailiffs-take.html,moratorium,5429,5,no,no,no,no,ed IP advice if the bailiff visit signals broader insolvency. Administration's statutory moratorium halts the enforcement action. Confirming Authenticity and Avoiding Scams Unsolicited calls o
MEDIUM,13029_understanding-hmrc-debt-collection.html,CVA,7319,2,no,no,no,no,"t any stage of the collection process, model formal-process alternatives, and implement a CVA, Administration, or CVL where your underlying business cannot service the combined tax bill. Call us free "
MEDIUM,13029_understanding-hmrc-debt-collection.html,CVL,7343,2,no,no,no,no,"ction process, model formal-process alternatives, and implement a CVA, Administration, or CVL where your underlying business cannot service the combined tax bill. Call us free on 0800 074 6757 for con"
MEDIUM,13029_understanding-hmrc-debt-collection.html,Official Receiver,5292,2,no,no,no,no,"winding-up petition following an unpaid statutory demand . Court fee £352 plus £2,600 Official Receiver deposit. Advertisement in The Gazette freezes your company bank accounts under section 127 of th"
MEDIUM,13029_understanding-hmrc-debt-collection.html,distraint / distrain,1072,3,yes,no,no,no,"the debt-collection approach: Statutory powers broader than most creditors , distraint, Direct Recovery of Debts, and security demands all available without a court judgment. Data-driven c"
MEDIUM,13029_understanding-hmrc-debt-collection.html,wrongful trading,3029,3,no,no,no,no,"irector conduct signals accumulate , persistent non-engagement is a pattern that supports wrongful trading, Personal Liability Notices, and disqualification proceedings in subsequent insolvency. For a"
MEDIUM,13513_statement-of-affairs.html,officeholder / office-holder,906,6,yes,no,no,no,"o bring to it. Done properly, it takes a week of careful work. Done badly, it sits in the officeholder's file as evidence for a disqualification referral. What a Statement of Affairs Is A Statement"
MEDIUM,13513_statement-of-affairs.html,preference (unlawful),8400,4,no,no,no,no,"nt date. Every inflow ties to a debtor or a disposal; every outflow ties to a creditor or a preference. Request HMRC account statements for Corporation Tax, VAT, and PAYE. Do not rely on your bookkeep"
MEDIUM,13600_insolvency-test.html,execution (enforcement sense),279,5,yes,no,no,yes,the Insolvency Act 1986 has four limbs; two procedural (statutory demand + unsatisfied execution) and two substantive (cash-flow + balance-sheet). If you fail any one of them you engage the creditor-
MEDIUM,13600_insolvency-test.html,misfeasance,2275,4,no,no,no,no,986 wrongful trading ; contribution-order risk for continuing to trade s.212 IA 1986 misfeasance ; claim for breach of fiduciary duty on specific transactions s.239 IA 1986 preferences ; reviewable se
MEDIUM,13600_insolvency-test.html,statutory demand,248,6,yes,no,no,no,vency test under section 123 of the Insolvency Act 1986 has four limbs; two procedural (statutory demand + unsatisfied execution) and two substantive (cash-flow + balance-sheet). If you fail any one o
MEDIUM,13766_preferential-non-preferential-creditors.html,Redundancy Payments Service,4942,2,no,no,no,no,oyer pension contributions; and statutory payments made by the Secretary of State (the Redundancy Payments Service) that are then subrogated to the preferential rank. Our caseload shows a consistent p
MEDIUM,13766_preferential-non-preferential-creditors.html,floating charge,7241,2,no,no,no,no,"ng-charge realisations, plus 20% of the excess above £10,000, up to a cap of £800,000 for floating charges created on or after 6 April 2020 (£600,000 for older charges). The prescribed part is not pai"
MEDIUM,13766_preferential-non-preferential-creditors.html,preferential debt / creditor,1093,16,yes,no,no,yes,"ance Act 2020, and where personal guarantees sit outside the statute altogether. The Preferential Creditor Waterfall in UK Insolvency Section 175 of the Insolvency Act 1986 and Schedule 6 set out a fi"
MEDIUM,14158_hmrc-fraud-investigations.html,CVA,10107,2,no,no,no,no,"s can model the cash-flow impact of the likely settlement, assess formal-process options (CVA, administration, CVL), and coordinate with the tax specialist handling your CDF. Call us free on 0800 074 "
MEDIUM,14158_hmrc-fraud-investigations.html,CVL,10128,2,no,no,no,no,"flow impact of the likely settlement, assess formal-process options (CVA, administration, CVL), and coordinate with the tax specialist handling your CDF. Call us free on 0800 074 6757 for confidential"
MEDIUM,14912_vat-penalties.html,Time to Pay,763,18,no,no,no,no,"ints system for late submissions, the tiered late-payment penalties, the interaction with Time to Pay, the ""reasonable excuse"" defence, and the director-level consequences when your VAT arrears compou"
MEDIUM,14914_director-redundancy.html,Redundancy Payments Service,1032,25,yes,no,no,yes,"yed by the company, or only ever an officeholder? The distinction matters in law, and the Redundancy Payments Service (RPS) will probe it. We work with directors through this process regularly. The ca"
MEDIUM,15010_what-happens-to-employees.html,CVL,1637,2,yes,yes,no,no,What ends: all employment contracts terminate on the day of the winding-up resolution (CVL) or the winding-up order (compulsory liquidation). The liquidator may keep a small number of employees on bri
MEDIUM,15010_what-happens-to-employees.html,Redundancy Payments Service,297,13,yes,no,no,yes,"onal Insurance Fund for unpaid wages, holiday pay, notice pay, and redundancy. The Redundancy Payments Service handles those claims once the liquidator confirms the insolvency, so the burden of paying"
MEDIUM,15010_what-happens-to-employees.html,preference (unlawful),6539,4,no,no,no,no,"c payments. Worse, ad hoc payments made when the company is insolvent are textbook preference candidates under section 239 of the Insolvency Act 1986. The liquidator can claw them back, and the paymen"
MEDIUM,15141_vs-cva.html,CVA,74,38,yes,no,no,yes,"If your company has debts it cannot pay and you are weighing up whether a CVA or administration is the better route, the deciding factor is usually urgency. A CVA restructures the debt wh"
MEDIUM,15141_vs-cva.html,moratorium,3499,2,no,no,no,no,"n to adjourn the hearing, which may not succeed. Administration creates an automatic moratorium that prevents the petition from proceeding. If a petition is live, administration is the tool designed f"
MEDIUM,16662_what-is-an-individual-voluntary-arrangement.html,IVA,3,45,yes,no,no,yes,"An IVA is the procedure most people reach for when they have real income, real personal debt, and need to keep their"
MEDIUM,16662_what-is-an-individual-voluntary-arrangement.html,Official Receiver,7914,1,yes,yes,no,no,"Term Director impact DRO Under £30k debt, £2k assets, £75/month surplus Official Receiver £90 12 months No disqualification IVA £10k+ debt, sustainable income 75% creditors by value"
MEDIUM,17568_timeline.html,CVL,91,7,yes,no,no,no,"ost directors expect liquidation to take a few weeks. In practice, even a straightforward CVL takes 12 to 18 months, and a compulsory liquidation with contested claims can run for years. If you are pl"
MEDIUM,17568_timeline.html,IP (insolvency practitioner),1549,2,yes,no,no,no,"Here is the realistic timeline. Weeks 1 to 2: Preparation. Work with a licensed IP to prepare the statement of affairs, gather records, and draft the winding-up resolution. Rushing this stage"
MEDIUM,20268_retail-industry-insolvency-trends.html,CVA,902,22,yes,no,no,no,"Knowing the difference is what separates a retailer who renegotiates a lease via a CVA in March from one who liquidates in February. We've sat across the table from both, and we've watched the sec"
MEDIUM,20268_retail-industry-insolvency-trends.html,IP (insolvency practitioner),13036,1,yes,yes,no,no,"g stock once you knew the company couldn't fund autumn quarter rent Dated board minutes, IP advice on file, defined stop-date Preferences (s.239 IA 1986) Paying a connected supplier or family-owned"
MEDIUM,20268_retail-industry-insolvency-trends.html,moratorium,10587,2,no,no,no,no,"essive for landlords to vote through, a company administration under Schedule B1 buys a moratorium and gives the administrator power to disclaim onerous leases under section 178. The Restructuring Pla"
MEDIUM,20380_making-employees-redundant-cva.html,preference (unlawful),12276,2,no,no,no,no,", if you paid other creditors ahead of preferential wage claims in a way that constitutes a preference under the Insolvency Act 1986 (s.239), or if you failed to cooperate with the RPS or the liquidat"
MEDIUM,20380_making-employees-redundant-cva.html,preferential debt / creditor,6186,6,no,no,no,no,", those amounts become a debt owed back to the Redundancy Payments Service. They sit as a preferential debt in your CVA, ahead of most unsecured creditors. One point directors frequently misread: the "
MEDIUM,20428_vs-liquidation.html,CVA,55,115,yes,no,no,no,"If your trading is viable in the next twelve months, a CVA wins. If it is not, liquidation is cleaner. The question directors almost always get wrong is which side of t"
MEDIUM,20428_vs-liquidation.html,CVL,562,34,yes,no,no,yes,"and binds you to repayments for three to five years; a creditors’ voluntary liquidation (CVL) closes the company, realises its assets, and ends director uncertainty, sometimes within twelve months. W"
MEDIUM,20428_vs-liquidation.html,floating charge,9432,3,no,no,no,no,itors are not bound unless they separately consent. This matters if your company has a floating charge holder: their security survives the CVA and they can enforce it if the CVA subsequently fails. Th
MEDIUM,20681_can-director-criminal-record.html,preference (unlawful),4911,2,no,no,no,no,offence (unless the filing failure is part of a wider pattern of record destruction). Preference payments. Civil recovery under section 239. The transaction is reversed. No criminal record for the pre
MEDIUM,20681_can-director-criminal-record.html,wrongful trading,1610,5,yes,no,no,yes,"n order CDDA 1986, section 13 2 years You cannot get a criminal record for wrongful trading (section 214, civil only), misfeasance (section 212, civil only), being a director of a company that enters "
MEDIUM,21122_shareholders-liable-company-debts.html,preference (unlawful),15200,1,yes,yes,no,no,Assets moved to a connected party before failure Possible transaction at undervalue or preference The liquidator can challenge and unwind it Depends on the facts and your role Two points are w
MEDIUM,22277_insolvent-company-owes-me-money.html,Schedule 6,2323,2,no,no,no,no,"an Insolvent Company Your recovery is not set by how loudly you chase. It is set by Schedule 6 of the Insolvency Act 1986, which ranks creditors in a fixed waterfall. Secured creditors with a fixed c"
MEDIUM,22277_insolvent-company-owes-me-money.html,floating charge,3108,6,no,no,no,no,"Only after those tiers are paid does the prescribed part come into play: a carve-out from floating charge realisations for unsecured creditors, capped at £800,000 on floating charges created on or aft"
MEDIUM,22277_insolvent-company-owes-me-money.html,misfeasance,7190,2,no,no,no,no,"der section 239 Insolvency Act 1986; transactions at undervalue under section 238; and misfeasance under section 212. If the IP brings a claim against the directors and wins, the proceeds flow into th"
MEDIUM,22277_insolvent-company-owes-me-money.html,officeholder / office-holder,3949,3,no,no,no,no,"im. It is governed by rule 14.3 of the Insolvency (England and Wales) Rules 2016, and the office-holder will either post you a blank form or direct you to an online portal. Do not wait for a reminder."
MEDIUM,22277_insolvent-company-owes-me-money.html,preference (unlawful),7086,4,no,no,no,no,lance is a debt to the company); unlawful dividends under section 830 Companies Act 2006; preferences under section 239 Insolvency Act 1986; transactions at undervalue under section 238; and misfeasan
MEDIUM,22277_insolvent-company-owes-me-money.html,statutory demand,1647,2,yes,no,no,no,"rs stall a £40,000 invoice for six months by implying insolvency, then pay in full once a statutory demand above the £750 threshold landed at the registered office. The difference between a slow payer"
MEDIUM,22277_insolvent-company-owes-me-money.html,transaction at an undervalue,7140,2,no,no,no,no,der section 830 Companies Act 2006; preferences under section 239 Insolvency Act 1986; transactions at undervalue under section 238; and misfeasance under section 212. If the IP brings a claim against
MEDIUM,23698_how-much-does-liquidation-cost.html,transaction at an undervalue,10409,2,yes,yes,no,no,"ll. It will be found regardless. Disputed transactions Where possible preferences or transactions at undervalue are identified, the investigation lengthens and the conduct report becomes more detailed"
MEDIUM,24080_can-we-trade-out-of-insolvency.html,Schedule B1,7714,2,no,no,no,no,"r"". Directors remain in control while a rescue plan is developed. Administration (Schedule B1 Insolvency Act 1986). An administrator takes over the company with statutory purposes: rescue the company,"
MEDIUM,24080_can-we-trade-out-of-insolvency.html,moratorium,7472,6,no,no,no,no,"s voting to approve. You stay in day-to-day control. See our CVA guide . Part A1 Moratorium (inserted by CIGA 2020). A standalone 20-business-day moratorium from creditor enforcement, extendable, over"
MEDIUM,24080_can-we-trade-out-of-insolvency.html,preference (unlawful),9232,2,no,no,no,no,"ion the family cannot really afford, you do not have a case for trading through. You have a preference for doing so. The Supreme Court test in Sequana is about probabilities, not preferences. Our page"
MEDIUM,24402_what-are-the-duties-and-responsibilities-of-a-company-director.html,wrongful trading,1563,3,yes,no,no,yes,you must act in the interests of creditors. This is the duty shift that underpins every wrongful trading claim and every conduct investigation . Director Duty 1: Act Within Your Powers (Section 171)
MEDIUM,24434_what-is-a-freezing-order-or-injunction.html,moratorium,9112,2,no,no,no,no,"ompanies Court. If the company is placed into administration or liquidation , the moratorium does not automatically discharge the freezing order against the company. The appointed IP usually applies t"
MEDIUM,24434_what-is-a-freezing-order-or-injunction.html,preference (unlawful),4632,2,no,no,no,no,"Paying an old creditor who shouts loudest is not the ""ordinary course of business""; it is a preference and a contempt. Wrongful trading exposure , if the company was already near the line on the insol"
MEDIUM,24434_what-is-a-freezing-order-or-injunction.html,wrongful trading,4669,2,no,no,no,no,"dest is not the ""ordinary course of business""; it is a preference and a contempt. Wrongful trading exposure , if the company was already near the line on the insolvency test , a freezing order often t"
MEDIUM,24760_what-are-fixed-and-floating-charges.html,IP (insolvency practitioner),1100,2,yes,yes,no,no,"loating Charge What it covers A specific, identified asset (property, machinery, IP) A class of assets that changes (stock, debtors, cash) Company's freedom Cannot sell or dispose of the"
MEDIUM,24760_what-are-fixed-and-floating-charges.html,Schedule B1,6531,2,no,no,no,no,"tors. 2. A qualifying floating charge holder can appoint an administrator. Under Schedule B1 of the Insolvency Act, a lender holding a qualifying floating charge (one created after 15 September 2003 t"
MEDIUM,24760_what-are-fixed-and-floating-charges.html,floating charge,63,33,yes,no,no,yes,A fixed charge gives a lender a claim over a specific asset. A floating charge gives them a claim over a class of assets that can change. The distinction determines who gets paid fi
MEDIUM,24760_what-are-fixed-and-floating-charges.html,preferential debt / creditor,782,8,yes,no,no,no,lder ranks first in the creditor priority order . The floating charge holder ranks after preferential creditors and the prescribed part. That difference can mean the bank recovers everything while uns
MEDIUM,24780_personal-guarantee-insurance.html,misfeasance,3321,2,no,no,no,no,"cause you stopped paying premiums), you are not covered. Wrongful trading orders and misfeasance claims. PGI covers personal guarantee calls. It does not cover other personal liabilities arising from "
MEDIUM,24780_personal-guarantee-insurance.html,wrongful trading,3292,2,no,no,no,no,"ter the policy has lapsed (because you stopped paying premiums), you are not covered. Wrongful trading orders and misfeasance claims. PGI covers personal guarantee calls. It does not cover other perso"
MEDIUM,25310_validation-order.html,disposition,474,7,yes,no,no,yes,"From the moment the petition is presented, and certainly once it has been advertised, any disposition of company property is void unless the court orders otherwise. The bank has frozen the account to "
MEDIUM,26139_company-cash-flow-problems.html,advertised / advertisement (notice sense),4389,4,no,no,no,no,"aid for 21 days creates a presumption of insolvency. Winding-up petition , once advertised in The Gazette, company bank accounts freeze under section 127 of the Insolvency Act 1986. Compulsor"
MEDIUM,26139_company-cash-flow-problems.html,the Gazette,4403,2,no,no,no,no,"s creates a presumption of insolvency. Winding-up petition , once advertised in The Gazette, company bank accounts freeze under section 127 of the Insolvency Act 1986. Compulsory liquidation"
MEDIUM,26218_business-debt-advice.html,distraint / distrain,1086,1,yes,no,no,no,to Pay arrangement with HMRC is considerably easier to negotiate before HMRC has issued a distraint notice than after. A Company Voluntary Arrangement is available when a business has viable trading p
MEDIUM,26218_business-debt-advice.html,preference (unlawful),4702,2,no,no,no,no,ready will help your case significantly. HMRC's position on TTP hardened after Crown preference was reinstated in December 2020 under the Finance Act 2020. HMRC now ranks above ordinary unsecured cred
MEDIUM,26218_business-debt-advice.html,statutory demand,456,4,yes,no,no,no,"ad a full range of choices. Directors who rang in October, after three more letters and a statutory demand, had one or two at best. The good news is that free, regulated business debt advice genuinely"
MEDIUM,26218_business-debt-advice.html,wrongful trading,11452,2,no,no,no,no,"arantees you have signed, an overdrawn director's loan account, and conduct that triggers wrongful trading under s.214 of the Insolvency Act 1986 can all create personal exposure. A licensed insolvenc"
MEDIUM,26279_cease-trading.html,IP (insolvency practitioner),8981,3,yes,yes,no,no,"ent, quiet, three months no trading, no creditor pressure Speed and informality kept; no IP oversight Objections from HMRC or creditors restore the company; conduct still reviewable Dissolving with"
MEDIUM,26279_cease-trading.html,MVL,9316,3,yes,yes,no,no,ities accumulate; status reverts on any transaction Companies House dormancy guidance MVL Solvent; assets to extract; tax-efficient closure Costs of an IP; declaration of solvency under oath Perso
MEDIUM,26279_cease-trading.html,preference (unlawful),2146,3,no,no,no,no,"eased, every payment you authorised in the wind-down can be tested later by a liquidator. Preferences and undervalues become reviewable transactions under sections 238 to 239. What to Do Next After St"
MEDIUM,26279_cease-trading.html,wrongful trading,1876,4,no,no,no,no,rector Risk After a Company Ceases Trading The dominant risk is that the clock on wrongful trading exposure under section 214 of the Insolvency Act 1986 does not stop simply because you stopped invoic
MEDIUM,26888_stop-or-avoid-insolvency.html,CVA,948,12,yes,no,no,no,"on, and the point at which continuing to fight is itself a breach of duty. In the CVL and CVA files we handle, the companies that recover share one trait: they called a specialist inside 48 hours of t"
MEDIUM,26888_stop-or-avoid-insolvency.html,CVL,940,2,yes,no,no,no,"situation, and the point at which continuing to fight is itself a breach of duty. In the CVL and CVA files we handle, the companies that recover share one trait: they called a specialist inside 48 hou"
MEDIUM,26888_stop-or-avoid-insolvency.html,advertised / advertisement (notice sense),6790,5,no,no,no,no,"tutory demand and, after 21 days, petition for your company's winding-up. The petition is advertised in the London Gazette seven business days after presentation, and from that moment section 127 of t"
MEDIUM,26888_stop-or-avoid-insolvency.html,disposition,6933,2,no,no,no,no,"after presentation, and from that moment section 127 of the Insolvency Act 1986 voids any disposition of company property. The window between presentation and advertisement is the one where you can st"
MEDIUM,26888_stop-or-avoid-insolvency.html,preferential debt / creditor,6180,2,no,no,no,no,"hat 25% plus one vote of the creditor body can kill the proposal, and HMRC as a secondary preferential creditor often votes against unless the offer is strong. The moratorium is newer, less tested, an"
MEDIUM,26888_stop-or-avoid-insolvency.html,presented (vs served),6849,3,no,no,no,no,"'s winding-up. The petition is advertised in the London Gazette seven business days after presentation, and from that moment section 127 of the Insolvency Act 1986 voids any disposition of company pro"
MEDIUM,26888_stop-or-avoid-insolvency.html,validation order,7795,3,no,no,no,no,"ppliers will pull credit. Your factoring facility will typically suspend. Applying for a validation order under section 127 is possible, but it is a rearguard action rather than a fix. When to Stop Fi"
MEDIUM,28526_personal-liability-spouses-business-debts.html,IVA,9902,2,no,no,no,no,"rotective window is narrower. The focus shifts to the Etridge defence, to bankruptcy-vs-IVA planning on your spouse's side, and to the home's position under section 336. Our note on joint and se"
MEDIUM,28526_personal-liability-spouses-business-debts.html,misfeasance,3489,2,no,no,no,no,"nt. Co-director of the business. If you are a director, the wrongful trading and misfeasance provisions in sections 212 and 214 of the Insolvency Act 1986 apply to you personally, even if your involve"
MEDIUM,28526_personal-liability-spouses-business-debts.html,wrongful trading,3468,2,no,no,no,no,"th, for the full amount. Co-director of the business. If you are a director, the wrongful trading and misfeasance provisions in sections 212 and 214 of the Insolvency Act 1986 apply to you personally,"
MEDIUM,28761_corporation-tax-penalties.html,statutory demand,2265,2,no,no,no,no,"ignore any of these, the escalation path leads to HMRC enforcement action , distraint, statutory demand , and eventually a winding-up petition . The penalties are not collected through a separate proc"
MEDIUM,29543_lpa-receivership.html,Schedule B1,4758,3,no,no,no,no,operations. They cannot disclaim onerous contracts in the way an administrator can under Schedule B1 IA 1986. They cannot pursue misfeasance claims against directors. Their remit is the charged proper
MEDIUM,31199_business-restructuring.html,moratorium,1373,10,yes,no,no,no,"trol. Tier 2, Formal rescue: Company Voluntary Arrangement (CVA), the standalone moratorium (Part A1 of the Insolvency Act), and restructuring plans under Part 26A of the Companies Act 2006. Statutory"
MEDIUM,31237_cant-pay-a-commercial-lease-or-rent.html,misfeasance,6006,2,no,no,no,no,"the premises while knowing the rent cannot be paid and insolvency is unavoidable. Misfeasance or preference findings in subsequent insolvency, particularly where other creditors (often connected parti"
MEDIUM,31237_cant-pay-a-commercial-lease-or-rent.html,moratorium,8906,2,no,no,no,no,"on individual leases. Administration Administration produces a statutory moratorium on landlord action, the single most useful tool when forfeiture or CRAR is imminent. The administrator pursue"
MEDIUM,31237_cant-pay-a-commercial-lease-or-rent.html,wrongful trading,5852,2,no,no,no,no,"en after assigning the lease, under the Landlord and Tenant (Covenants) Act 1995. Wrongful trading under section 214, continuing to operate from the premises while knowing the rent cannot be paid and "
MEDIUM,38597_losing-house-if-company-goes-bust.html,transaction at an undervalue,4884,3,no,no,no,no,ou cannot do: transferring your property to your spouse to protect it from creditors is a transaction at undervalue that a trustee in bankruptcy can reverse within 5 years (or longer if the intent was
MEDIUM,39500_what-is-a-high-court-writ.html,CVA,8781,3,no,no,no,no,"tatutory moratorium under Schedule B1 paragraph 43 that stops the HCEO from continuing. A CVA with moratorium, or the Part A1 standalone moratorium introduced in 2020, have similar effect. A creditors"
MEDIUM,39500_what-is-a-high-court-writ.html,Schedule B1,8717,3,no,no,no,no,"ation appointment, pre-pack or otherwise, creates an immediate statutory moratorium under Schedule B1 paragraph 43 that stops the HCEO from continuing. A CVA with moratorium, or the Part A1 standalone"
MEDIUM,39500_what-is-a-high-court-writ.html,advertised / advertisement (notice sense),10503,2,no,no,no,no,"le, the liquidator may recover proceeds. Winding-up petition . Once a petition is advertised, section 127 makes any disposition of company property void unless validated. HCEO continuing to enforce af"
MEDIUM,41082_can-personal-assets-of-directors-be-seized-from-a-ltd-company.html,wrongful trading,1286,7,yes,no,no,yes,"a personal guarantee, (2) your director's loan account is overdrawn, (3) a court makes a wrongful trading contribution order under section 214 , (4) HMRC issues a personal liability notice for unpaid "
MEDIUM,42739_what-happens-if-a-company-cannot-pay-its-debts.html,moratorium,8157,2,no,no,no,no,Arrangement (CVA) restructures debt by 75% creditor vote. Administration imposes a moratorium and gives an administrator the steering wheel. The Restructuring Plan under Part 26A of the Companies Act 
MEDIUM,42739_what-happens-if-a-company-cannot-pay-its-debts.html,preference (unlawful),10304,3,yes,yes,no,no,liability and possible criminal sanction for trading with intent to defraud creditors Preferences s.239 Insolvency Act 1986 Court can reverse payments to a creditor (often a connected party) made in t
MEDIUM,43580_directors-liability-for-bounce-back-loans.html,CVL,5617,3,no,no,no,no,"igations start with paperwork, not with dawn raids. The common entry points: A CVL appointment. Every licensed Insolvency Practitioner has a statutory duty under section 7A of the Company D"
MEDIUM,43580_directors-liability-for-bounce-back-loans.html,misfeasance,4144,4,no,no,no,no,"bly diligent director would have done, not what you actually believed at the time. Misfeasance under section 212 Specific breaches of director's duty that caused loss to the company: misapplying co"
MEDIUM,43580_directors-liability-for-bounce-back-loans.html,preference (unlawful),4340,2,no,no,no,no,"misapplying company property, making unlawful distributions, paying connected parties in preference to trade creditors when insolvency was near. Misfeasance claims are brought by the liquidator and ca"
MEDIUM,43917_cant-afford-to-repay-business-loan.html,advertised / advertisement (notice sense),2416,2,no,no,no,no,"tion of insolvency. Winding-up petition where the presumption is not rebutted. Advertisement in The Gazette freezes company bank accounts. For secured loans (typically over £100,000, or anythi"
MEDIUM,43917_cant-afford-to-repay-business-loan.html,misfeasance,3825,2,no,no,no,no,", uncapped, where the business was carried on with intent to defraud creditors . Misfeasance under section 212, including preference payments where a connected-party creditor (often the director's own"
MEDIUM,44055_cant-pay-staff-wages.html,Redundancy Payments Service,484,8,yes,no,no,no,"ompany director is legally required to do when your business cannot fund payroll, how the Redundancy Payments Service safety net interacts with formal insolvency, and where the director duty shift und"
MEDIUM,44055_cant-pay-staff-wages.html,preference (unlawful),2749,3,no,no,no,no,"osure. Selective payment of some employees while others go unpaid is a potential preference claim under section 239, particularly where the paid employees are connected persons (directors themselves, "
MEDIUM,46222_what-happens-to-directors-in-liquidation.html,preference (unlawful),4120,2,no,no,no,no,"dation was unavoidable. Whether any transactions were made at undervalue or amounted to preferences. Whether the directors maintained adequate accounting records. Whether statutory filings (accounts, "
MEDIUM,46222_what-happens-to-directors-in-liquidation.html,wrongful trading,1331,10,yes,no,no,yes,"y request, and attend for examination if required. After liquidation, you may face wrongful trading claims, misfeasance claims, personal guarantee enforcement, and director disqualification proceeding"
MEDIUM,46579_bounce-back-loan-fraud.html,officeholder / office-holder,5473,2,no,no,no,no,"ced anyway, but without the mitigation that voluntary disclosure brings. Where the officeholder finds issues, the options include claims for misfeasance or, in more serious cases, fraudulent trading u"
MEDIUM,46674_what-is-a-creditor.html,floating charge,2637,4,no,no,no,no,"the Finance Act 2020. Prescribed part , a top-slice of net property subject to a floating charge set aside for unsecured creditors. Capped at £800,000 for floating charges created on or after 6 April "
MEDIUM,46674_what-is-a-creditor.html,officeholder / office-holder,4313,10,no,no,no,no,"uments , invoices, contracts, statements, sufficient to evidence the claim. The officeholder may admit the proof in full, admit it in part, or reject it. A rejected creditor can challenge the decision"
MEDIUM,47451_chinese-takeaway.html,National Insurance Fund,4583,2,no,no,no,no,"re handed back, the staff were dealt with through the Redundancy Payments Service via the National Insurance Fund, and the company entered formal liquidation. The Chinese Takeaway Case Study: What the"
MEDIUM,47451_chinese-takeaway.html,Redundancy Payments Service,4547,2,no,no,no,no,"on the case. The trading premises were handed back, the staff were dealt with through the Redundancy Payments Service via the National Insurance Fund, and the company entered formal liquidation. The C"
MEDIUM,47550_what-is-the-insolvency-service.html,IP (insolvency practitioner),731,4,yes,no,no,no,"ct 1986. It acts in the public interest. That is a different objective from a licensed IP working for creditors, or a restructuring adviser working for you. What the Insolvency Service Actually Do"
MEDIUM,47550_what-is-the-insolvency-service.html,wrongful trading,1462,3,yes,no,no,no,"ct. Second, director conduct investigations. Where misconduct is identified, including wrongful trading under s.214 of the Insolvency Act 1986 or misuse of company funds, the Insolvency Service may ap"
MEDIUM,47772_insolvency-act-1986.html,Schedule B1,3706,2,no,no,no,no,"monitor"" (a licensed IP), directors remain in day-to-day control. Administration, Schedule B1 . Replaced the old sections 8–27 regime via the Enterprise Act 2002. Statutory purpose: rescue the company"
MEDIUM,47772_insolvency-act-1986.html,floating charge,2178,6,no,no,no,no,"se Act 2002 overhauled administration, abolished administrative receivership for most new floating charges, removed the Crown's preferential status (reinstated in part for HMRC in 2020), and introduce"
MEDIUM,47772_insolvency-act-1986.html,misfeasance,7017,2,no,no,no,no,"he provision that drives ""do I keep trading?"" decisions in practice. Section 212, misfeasance . Summary procedure against officers who have misapplied property or breached fiduciary duty. Not a separa"
MEDIUM,47772_insolvency-act-1986.html,preference (unlawful),8452,6,no,no,no,no,"a director's spouse at book value when market was higher, a classic. Section 239, preferences . Six-month lookback (two years for connected parties). Paying one unsecured creditor ahead of others wher"
MEDIUM,47772_insolvency-act-1986.html,transaction at an undervalue,581,4,yes,no,no,no,"ding liability, compulsory winding-up, the moratorium in administration, the avoidance of transactions at undervalue, the ranking of creditors in the distribution waterfall. Understanding which part o"
MEDIUM,47772_insolvency-act-1986.html,wrongful trading,479,5,yes,no,no,no,"rd insolvency, almost every consequence you are worried about has its source in this Act: wrongful trading liability, compulsory winding-up, the moratorium in administration, the avoidance of transact"
MEDIUM,48170_creditors-guides-to-insolvency-practitioners-fees.html,IP (insolvency practitioner),110,50,yes,no,no,no,"itor owed £42,000 by a company that went into liquidation in March. Six months later, the IP’s progress report lands in your inbox. Asset realisations of £58,000. Office-holder remuneration of £31,400"
MEDIUM,49618_creditors-meeting.html,CVL,4647,5,no,no,no,no,"s want a private-sector IP appointed. If your case is heading down that route rather than CVL, the meeting we describe here is not the one you need to prepare for first. Powers, Duties or Rights a"
MEDIUM,49618_creditors-meeting.html,IP (insolvency practitioner),1654,20,yes,no,no,no,"or Risk for Directors at a Creditors’ Meeting The right is narrow: you choose the IP you nominate, and you can present the Statement of Affairs in your own words. The risk is wider. Anyth"
MEDIUM,49727_restaurants.html,CVA,1691,5,yes,yes,no,no,"failures: TGI Fridays (49 restaurants), Leon (restructured from 71 sites to 43 through a CVA) and Pizza Hut's dine-in business all hit trouble in 2025 and 2026. Figures from the Insolvency Service; r"
MEDIUM,49767_cleaning-contractors.html,National Insurance Fund,9224,3,no,no,no,no,"undant, and their claims for arrears, holiday pay and redundancy fall to the government's National Insurance Fund rather than to you personally. Which of these applies is worth understanding early, be"
MEDIUM,49856_hotels.html,wrongful trading,8797,2,no,no,no,no,"taking creditors into account, and trading on regardless can create personal risk through wrongful trading. None of the routes below is a defeat, and we talk operators through each of them every week."
MEDIUM,50819_cant-pay-coronavirus-business-interruption-loan-cbils.html,CVA,2546,3,no,no,no,no,"uld cover the CBILS repayment, a TTP arrangement can reallocate cash flow. Consider a CVA if the CBILS debt is part of a wider creditor problem. A CVA can restructure all debts, including the CBILS"
MEDIUM,50819_cant-pay-coronavirus-business-interruption-loan-cbils.html,CVL,2754,2,no,no,no,no,"lity, into a single binding repayment plan. If the business is not viable, consider a CVL . Closing the company through voluntary liquidation is better than waiting for the lender to enforce. It dem"
MEDIUM,50819_cant-pay-coronavirus-business-interruption-loan-cbils.html,floating charge,3431,2,no,no,no,no,"Stage 3: Enforcement against the company. If the lender holds a debenture (fixed and floating charges), they can appoint a receiver, enforce the charges, and realise company assets. If they hold a qua"
MEDIUM,52771_what-is-the-companies-act-2006.html,misfeasance,6012,3,no,no,no,no,"context, and the Insolvency Act provides the enforcement mechanisms (sections 212 to 214, misfeasance and wrongful trading) that allow the liquidator to pursue you for breaches. We tell directors: und"
MEDIUM,52808_find-a-liquidator-near-me.html,CVL,1712,4,yes,no,no,no,"ency Practitioner The biggest risk is not bad faith, it is mismatch. A high-volume CVL practice that runs hundreds of routine closures a year will not give your specialist construction or hospital"
MEDIUM,52808_find-a-liquidator-near-me.html,moratorium,9795,2,no,no,no,no,ctors appoint a practitioner to run. Company administration step by step : when a moratorium and rescue route makes more sense than liquidation. Company Voluntary Arrangements : repaying credito
MEDIUM,53158_hold-action-on-my-account.html,served / service,10549,2,no,no,no,no,"tices Have Issued The letter works best before a default notice. Once a default has been served under a regulated credit agreement and the notice period has expired, the creditor has already exercised"
MEDIUM,53187_cease-trading-template.html,CVL,13361,4,no,no,no,no,"to formalise the next step. A licensed insolvency practitioner can tell you whether a CVL is the right route, or whether the company’s financial position supports a Company Voluntary Arrangement ."
MEDIUM,53187_cease-trading-template.html,preference (unlawful),2762,9,no,no,no,no,"an directly affect whether a liquidator later decides to pursue you for wrongful trading, preferences, or misfeasance. The letter is simple. The context around it is not. What to Have Ready Before You"
MEDIUM,65238_what-happens-after-company-liquidation.html,MVL,8248,3,no,no,no,no,"irectors who are starting again to take specific advice on naming restrictions and, if an MVL was used, to be aware of the Targeted Anti-Avoidance Rule (TAAR). If you liquidated a company via MVL and "
MEDIUM,65238_what-happens-after-company-liquidation.html,wrongful trading,3894,4,no,no,no,no,"ese are personal debts, not company debts, and they survive the company's dissolution. Wrongful trading orders. If the court made a contribution order against you during the liquidation under section "
MEDIUM,65483_company-administration.html,CVA,1440,5,yes,yes,no,no,"immediate liquidation, or creditor pressure is too intense for informal negotiation or a CVA. Who runs it: a licensed insolvency practitioner. Director executive authority is suspended on appointmen"
MEDIUM,65483_company-administration.html,National Insurance Fund,9429,3,no,no,no,no,"s. If the administrator decides to make redundancies, employees can claim from the National Insurance Fund in the same way as in a company liquidation . If the business is sold as a going concern, the"
MEDIUM,65614_closing-a-limited-company.html,IP (insolvency practitioner),1559,22,yes,yes,no,no,"ntary action available: Creditors' Voluntary Liquidation (CVL). Director keeps choice of IP and timing. Insolvent, creditor has petitioned: compulsory liquidation. Court appoints the Official Recei"
MEDIUM,65614_closing-a-limited-company.html,Official Receiver,1657,6,yes,yes,no,no,"iming. Insolvent, creditor has petitioned: compulsory liquidation. Court appoints the Official Receiver. Director loses control of the process. The Four Routes for Closing a Limited Company UK law"
MEDIUM,65614_closing-a-limited-company.html,the Gazette,4048,5,no,no,no,no,"se a company. You file a DS01 form with Companies House, the company name is published in the Gazette, and if nobody objects within two months the company is dissolved. No insolvency practitioner is n"
MEDIUM,66786_what-is-wrongful-trading.html,preference (unlawful),8576,4,yes,yes,no,no,"iary duty or misuse of company assets Civil. Restoration, repayment, or compensation. Preferences and undervalue transactions ss.238, 239 IA 1986 Preferring a creditor or transferring assets at underv"
MEDIUM,66786_what-is-wrongful-trading.html,preferential debt / creditor,6484,3,no,no,no,no,"mpany's pot. The pot then pays the liquidator's costs first, then secured creditors, then preferential creditors (including HMRC for the Crown debts), then unsecured creditors. You get back to your pe"
MEDIUM,66786_what-is-wrongful-trading.html,transaction at an undervalue,8592,2,yes,yes,no,no,"use of company assets Civil. Restoration, repayment, or compensation. Preferences and undervalue transactions ss.238, 239 IA 1986 Preferring a creditor or transferring assets at undervalue within the "
MEDIUM,67438_dealing-with-an-hmrc-winding-up-petition.html,Schedule B1,2889,5,no,no,no,no,"(rare, but possible), or file for administration to engage the statutory moratorium under Schedule B1 paragraph 22. Can You Stop an HMRC Winding Up Petition Once It Has Been Served? Legal Position"
MEDIUM,67438_dealing-with-an-hmrc-winding-up-petition.html,Time to Pay,1542,12,yes,no,no,yes,"isputed, and earlier recovery steps have failed. Those earlier steps usually include a Time to Pay rejection, a statutory demand, distraint, or a visit from field-force collectors. PAYE, VAT and Corpo"
MEDIUM,67438_dealing-with-an-hmrc-winding-up-petition.html,moratorium,2872,4,no,no,no,no,"er live petition (rare, but possible), or file for administration to engage the statutory moratorium under Schedule B1 paragraph 22. Can You Stop an HMRC Winding Up Petition Once It Has Been Served?"
MEDIUM,67505_can-a-director-be-made-bankrupt-if-a-business-fails.html,wrongful trading,560,6,yes,no,no,yes,"the company's debts. But personal guarantees, overdrawn director's loan accounts, wrongful trading contribution orders, and HMRC personal liability notices are your debts. If those personal debts exce"
MEDIUM,67535_pros-and-cons.html,CVA,838,108,yes,no,no,no,"inding arrangement, and we set out the trade-offs below from the cases we see weekly. CVA Advantages and Disadvantages at a Glance Quick Answer: CVA Advantages and Disadvantages The principal"
MEDIUM,67535_pros-and-cons.html,preference (unlawful),6797,3,no,no,no,no,"its role as a preferential creditor following the Finance Act 2020 reinstatement of Crown preference, can still pursue preferential debts outside the arrangement. If a significant portion of your debt"
MEDIUM,67535_pros-and-cons.html,preferential debt / creditor,6721,4,no,no,no,no,"arge over all assets, the bank can still enforce independently. HMRC, in its role as a preferential creditor following the Finance Act 2020 reinstatement of Crown preference, can still pursue preferen"
MEDIUM,67747_antecedent-transactions.html,debenture,9602,2,no,no,no,no,"director's loan, at the moment your company is on the slide. The section bites hardest on debentures granted to family lenders to dress up a long-standing soft loan as a secured one. If no fresh consi"
MEDIUM,67747_antecedent-transactions.html,floating charge,2962,8,no,no,no,no,"les below value, loan repayments to favoured creditors , harsh credit deals, and certain floating charges granted on the way down. The framing most directors arrive with is wrong. They picture insolve"
MEDIUM,67747_antecedent-transactions.html,preference (unlawful),1681,20,yes,no,no,yes,"n Antecedent Transactions The risk most directors miss, in our experience, is that preferences and transactions at undervalue do not require dishonesty. They require timing. If the transaction sits"
MEDIUM,67747_antecedent-transactions.html,preferential debt / creditor,6679,2,no,no,no,no,"bution under the statutory order, which interacts with the rules on preferential and non-preferential creditors . A director who has to repay a preference does not regain priority for the underlying d"
MEDIUM,67747_antecedent-transactions.html,transaction at an undervalue,1697,11,yes,no,no,yes,"nsactions The risk most directors miss, in our experience, is that preferences and transactions at undervalue do not require dishonesty. They require timing. If the transaction sits inside the relevan"
MEDIUM,67747_antecedent-transactions.html,wrongful trading,11347,2,no,no,no,no,"the Company Directors Disqualification Act 1986. Where preferences sit alongside wrongful trading indicators or unpaid Crown debt, the Insolvency Service is materially more likely to apply for a ban. "
MEDIUM,67757_transactions-at-undervalue.html,preference (unlawful),1280,14,yes,no,no,no,"he connected-party presumption, the statutory defence in section 238(5), the overlap with preferences under section 239, and the court orders the liquidator can obtain under section 241. The distincti"
MEDIUM,67757_transactions-at-undervalue.html,presented (vs served),3326,2,no,no,no,no,"lvency is defined by section 240(3). That is usually the date the winding-up petition was presented, the date the administration application was made, or the date the directors filed the notice of int"
MEDIUM,67757_transactions-at-undervalue.html,transaction at an undervalue,461,14,yes,no,no,yes,"d the kit to keep trading"". The liquidator, opening the file a year on, sees one thing. A transaction at undervalue under section 238 of the Insolvency Act 1986. A transaction at undervalue (TUV) is a"
MEDIUM,67757_transactions-at-undervalue.html,wrongful trading,3845,2,no,no,no,no,", or have become so as a consequence of it. That is the same insolvency test that governs wrongful trading under section 214. Where the counterparty is a connected party, a director, a spouse, a paren"
MEDIUM,67828_accelerated-payment-notices-apn.html,CVA,6121,5,no,no,no,no,"Where the APN amount exceeds the company's (or individual's) liquidity, administration or CVA becomes a serious option. Administration imposes a statutory moratorium that stops enforcement; a CVA can "
MEDIUM,67828_accelerated-payment-notices-apn.html,moratorium,6186,2,no,no,no,no,"idity, administration or CVA becomes a serious option. Administration imposes a statutory moratorium that stops enforcement; a CVA can compromise the APN amount alongside other creditors (though HMRC "
MEDIUM,67957_why-debt-is-not-always-a-bad-thing-for-your-business.html,CVA,7808,2,no,no,no,no,"options for addressing the debt shift from commercial refinancing to formal restructure: CVA, administration, or CVL. A licensed insolvency practitioner is the right adviser to test whether your under"
MEDIUM,67957_why-debt-is-not-always-a-bad-thing-for-your-business.html,CVL,7832,2,no,no,no,no,"the debt shift from commercial refinancing to formal restructure: CVA, administration, or CVL. A licensed insolvency practitioner is the right adviser to test whether your underlying business is viabl"
MEDIUM,67960_cant-afford-to-pay-suppliers-what-are-the-options.html,IP (insolvency practitioner),7858,4,yes,yes,no,no,"or Variable, depends on realisation CVL No, orderly closure Initiated by directors; IP takes control Distribution from realised assets Director Liability When Supplier Debt Remains Unp"
MEDIUM,67960_cant-afford-to-pay-suppliers-what-are-the-options.html,advertised / advertisement (notice sense),3102,2,no,no,no,no,"up petition . Unpaid statutory demand at 21+ days supports a petition to the court. Once advertised in The Gazette, the petition freezes company bank accounts and is usually the point at which trading"
MEDIUM,67960_cant-afford-to-pay-suppliers-what-are-the-options.html,misfeasance,8661,3,no,no,no,no,"luding continuing to take supplier credit knowing the supplier would not be paid. Misfeasance under section 212, including preference payments to favoured creditors (often connected parties) while tra"
MEDIUM,67960_cant-afford-to-pay-suppliers-what-are-the-options.html,statutory demand,603,7,yes,no,no,no,ep trading. Lose your supply chain and your operating position collapses weeks before any statutory demand would have arrived. This page sets out what happens when a UK limited company cannot pay its 
MEDIUM,67960_cant-afford-to-pay-suppliers-what-are-the-options.html,the Gazette,3116,2,no,no,no,no,"Unpaid statutory demand at 21+ days supports a petition to the court. Once advertised in The Gazette, the petition freezes company bank accounts and is usually the point at which trading becomes pract"
MEDIUM,67962_what-is-a-statutory-demand-against-a-company.html,advertised / advertisement (notice sense),3522,3,no,no,no,no,"petition. Court fee £352 plus £2,600 deposit for the Official Receiver. Petition advertised in The Gazette, normally no earlier than seven business days after the petition is served and no later than"
MEDIUM,67962_what-is-a-statutory-demand-against-a-company.html,moratorium,6279,3,no,no,no,no,"rmal insolvency is the right answer, is to enter administration directly, the statutory moratorium stops the creditor's petition and opens rescue or sale of the business. Common Mistakes and Misconcep"
MEDIUM,67962_what-is-a-statutory-demand-against-a-company.html,presented (vs served),3892,4,no,no,no,no,"er makes a winding-up order, dispositions of company property made after the petition was presented can be void unless the court validates them. Hearing listed typically 4–6 weeks after advertisement."
MEDIUM,67962_what-is-a-statutory-demand-against-a-company.html,served / service,690,3,yes,no,no,yes,"hy It Matters A statutory demand is a formal written demand for payment of a debt, served on a company under section 123(1)(a) of the Insolvency Act 1986 . It is the most direct gateway into corporate"
MEDIUM,68076_county-court-judgements.html,wrongful trading,6846,2,no,no,no,no,"who would not have extended credit knowing the true position, risk personal liability for wrongful trading under s.214 of the Insolvency Act 1986. Options for Responding to a County Court Judgment You"
MEDIUM,68101_dealing-with-creditor-pressure.html,CVA,11925,14,yes,yes,no,no,"lender can pursue charging orders on the home, third-party debt orders, or bankruptcy. A CVA does not extinguish them. Read each guarantee before accepting any payment plan that names a guaranteed len"
MEDIUM,68101_dealing-with-creditor-pressure.html,Schedule B1,10077,2,no,no,no,no,comes the only mechanism that pauses enforcement. The administration moratorium under Schedule B1 paragraph 22 of the Insolvency Act 1986 freezes creditor action immediately on appointment of an admin
MEDIUM,68101_dealing-with-creditor-pressure.html,presented (vs served),1949,4,no,no,no,no,es to it. A statutory demand starts a 21-day window before a winding-up petition can be presented. An HMRC 7-day warning runs straight into a Notice of Enforcement. A county court judgment becomes a w
MEDIUM,68101_dealing-with-creditor-pressure.html,statutory demand,4,15,yes,no,no,no,"The statutory demand is on the desk, dated last Tuesday. The supplier has emailed to say goods are on stop until Friday. Your bank"
MEDIUM,68108_how-to-reduce-insolvency-risk.html,CVA,15716,1,yes,yes,no,no,"Initiates Trading Continues? Public Record HMRC Time to Pay Director Yes No CVA Director + IP proposal Yes Yes Administration Director, secured creditor, or court Often, under admin"
MEDIUM,68108_how-to-reduce-insolvency-risk.html,CVL,15846,1,yes,yes,no,no,"Administration Director, secured creditor, or court Often, under administrator Yes CVL Director No Yes Mistakes Directors Make Trying to Reduce Insolvency Risk Confusing Cost-"
MEDIUM,68111_what-to-do-about-customer-insolvency.html,IP (insolvency practitioner),754,22,yes,no,no,no,"secured pot. We have watched this clock run out on dozens of suppliers who waited for the IP to tell them what to do. This guide walks the supplier-side actions, the order they need to happen in, and"
MEDIUM,68111_what-to-do-about-customer-insolvency.html,Official Receiver,4338,2,no,no,no,no,"d above the £750 threshold, then a winding-up petition with a £352 court fee and a £2,600 Official Receiver deposit. That route only fits when you are confident the customer can pay and is choosing no"
MEDIUM,68111_what-to-do-about-customer-insolvency.html,floating charge,9171,2,no,no,no,no,"fter preferential creditors, the prescribed part under section 176A carves out a slice of floating charge realisations for unsecured creditors, capped at £800,000 on charges created on or after 6 Apri"
MEDIUM,68111_what-to-do-about-customer-insolvency.html,misfeasance,2397,3,no,no,no,no,l a director personally unless you hold a personal guarantee or the practitioner brings a misfeasance claim that flows recoveries back into the unsecured pool. Main Supplier Risk in the First Two Week
MEDIUM,68111_what-to-do-about-customer-insolvency.html,preference (unlawful),10108,4,no,no,no,no,"verdrawn director loan accounts, unlawful dividends under section 830 Companies Act 2006, preferences under section 239, transactions at undervalue under section 238, or misfeasance under section 212."
MEDIUM,68111_what-to-do-about-customer-insolvency.html,transaction at an undervalue,10139,2,no,no,no,no,", unlawful dividends under section 830 Companies Act 2006, preferences under section 239, transactions at undervalue under section 238, or misfeasance under section 212. If those claims succeed, the p"
MEDIUM,68115_rescue-your-business-from-insolvency.html,CVL,9740,5,yes,yes,no,no,utation Connected-party scrutiny under SIP 16 and the Pre-Pack Pool Pre-pack guide CVL (last resort) No viable rescue route; structured closure is the honest call The company itself Liquidator'
MEDIUM,68115_rescue-your-business-from-insolvency.html,IP (insolvency practitioner),9282,3,yes,yes,no,no,ight Personal liability for new debts incurred during moratorium if unpaid Role of the IP Administration Urgent creditor protection needed; rescue or sale possible Director control; the adminis
MEDIUM,68115_rescue-your-business-from-insolvency.html,Schedule B1,7852,3,no,no,no,no,"to Administration or a pre-pack. Administration imposes a statutory moratorium under Schedule B1, paragraph 43 of the Insolvency Act 1986 and hands the company to an administrator whose primary object"
MEDIUM,68115_rescue-your-business-from-insolvency.html,transaction at an undervalue,11130,1,yes,yes,no,no,6 months (2 years for connected) Payment reversed; director may be personally liable Transaction at Undervalue (IA 1986 s.238) Transferring assets at less than market value within 2 years before insol
MEDIUM,68117_how-to-save-a-struggling-business.html,CVL,8063,2,yes,yes,no,no,"ten modest; SIP 16 disclosure required Possible connected-party purchase, scrutinised CVL No viable rescue route left Distribution per priority rules Investigation by liquidator into conduct St"
MEDIUM,68117_how-to-save-a-struggling-business.html,moratorium,6684,4,no,no,no,no,"a CVA reschedules creditor debt over (typically) five years, an Administration buys you a moratorium and a restructure, a Restructuring Plan does similar work for larger or cross-class disputes. Sale,"
MEDIUM,68120_can-you-sell-your-insolvent-company.html,CVL,779,1,yes,no,no,no,"ngerous versions that land directors in personal-liability territory. In the pre-pack and CVL files we handle, the transactions that unwind later almost always share the same profile: an under-valued "
MEDIUM,68120_can-you-sell-your-insolvent-company.html,Schedule B1,2580,2,no,no,no,no,"de an insolvent shell. The sale is negotiated before the administrator is appointed under Schedule B1 of the Insolvency Act 1986, and executed on their appointment. The administrator's duty runs to th"
MEDIUM,68120_can-you-sell-your-insolvent-company.html,advertised / advertisement (notice sense),1904,2,no,no,no,no,"urt, an officeholder, and a creditor body can see the workings. A petition already advertised in the London Gazette changes the picture again. From the moment of presentation, section 127 voids any di"
MEDIUM,68120_can-you-sell-your-insolvent-company.html,presented (vs served),1983,3,no,no,no,no,"on already advertised in the London Gazette changes the picture again. From the moment of presentation, section 127 voids any disposition of company property, including payments from the company bank "
MEDIUM,68123_what-are-the-warning-signs-of-an-insolvent-company.html,CVA,12094,2,no,no,no,no,"ur actual numbers, tell you where you sit on the section 214 curve, and set out whether a CVA, a moratorium, an administration, or a creditors' voluntary liquidation is the right route. Nothing is cha"
MEDIUM,68123_what-are-the-warning-signs-of-an-insolvent-company.html,advertised / advertisement (notice sense),8344,2,no,no,no,no,"inding-up petition. Once presented, two things happen almost immediately. The petition is advertised in The Gazette , which banks monitor electronically. Within hours of the advert, your bank will fre"
MEDIUM,68123_what-are-the-warning-signs-of-an-insolvent-company.html,presented (vs served),8279,2,no,no,no,no,"ems reclassify you as high-risk. The next step up is the winding-up petition. Once presented, two things happen almost immediately. The petition is advertised in The Gazette , which banks monitor elec"
MEDIUM,68123_what-are-the-warning-signs-of-an-insolvent-company.html,the Gazette,8359,3,no,no,no,no,"ion. Once presented, two things happen almost immediately. The petition is advertised in The Gazette , which banks monitor electronically. Within hours of the advert, your bank will freeze the company"
MEDIUM,68123_what-are-the-warning-signs-of-an-insolvent-company.html,wrongful trading,1186,2,yes,no,no,no,"re options you still have, and the lower the risk of personal liability under section 214 wrongful trading. The First Warning Signs of an Insolvent Company: Cash Flow The earliest indicator is the Fri"
MEDIUM,68130_business-recovery-services.html,CVA,1744,12,yes,no,no,no,"rears, a Bounce Back Loan, and one aggressive trade creditor. A short repayment runway, a CVA, or a refinance can carve the bad debt off and leave the operation intact. Not realistic: a company wh"
MEDIUM,68130_business-recovery-services.html,CVL,8835,4,yes,yes,no,no,"siness to preserve goodwill and jobs Sale completes day one Yes, under new ownership CVL No realistic rescue, controlled closure Closure within weeks; wind-down 6-18 months No MVL Solvent com"
MEDIUM,68130_business-recovery-services.html,IVA,5028,3,no,no,no,no,"el has gone, or when you are personally so exposed through guarantees that a closure plus IVA combination protects you better than rescuing the company at any cost. If a £40,000 administrative rec"
MEDIUM,68130_business-recovery-services.html,MVL,8932,1,yes,yes,no,no,"realistic rescue, controlled closure Closure within weeks; wind-down 6-18 months No MVL Solvent company, tax-efficient distribution 6-12 months No Strike-off Dormant, debt-free, no creditor"
MEDIUM,68130_business-recovery-services.html,moratorium,4519,2,no,no,no,no,"ration, a restructuring plan under the Corporate Insolvency and Governance Act 2020, or a moratorium. These bind dissenting creditors, freeze enforcement action, and create a court-supervised framewor"
MEDIUM,68130_business-recovery-services.html,preference (unlawful),2556,4,no,no,no,no,"of trading without proper advice tightens the personal-liability case against you. Preferences, transactions at undervalue, and unrecorded director loan repayments come a close second. You can read th"
MEDIUM,68134_creditor-negotiations.html,IP (insolvency practitioner),17268,5,yes,yes,no,no,Date every board minute. Record the cashflow assumptions behind each offer. Take written IP advice if the negotiation extends past four weeks without a clear path to solvency. Preferences (s.239
MEDIUM,68134_creditor-negotiations.html,advertised / advertisement (notice sense),6943,5,no,no,no,no,"le Negotiation is not suitable when the creditor already has a winding-up petition advertised, when the company is balance-sheet insolvent on any honest reading, or when the creditor is a secured lend"
MEDIUM,68134_creditor-negotiations.html,transaction at an undervalue,17754,2,yes,yes,no,no,ransfers as off-limits. Negotiate at parity across creditor classes where possible. Transactions at undervalue (s.238 IA 1986) Settling a debt with company assets at less than market value is unwound 
MEDIUM,68183_funding-options-for-smes-in-the-uk.html,wrongful trading,7399,3,no,no,no,no,isk). Funding becomes irrelevant if it cannot land before the freeze. s.214 IA 1986 wrongful trading exposure compounds the risk: taking on new credit when no reasonable prospect of avoiding insolvent
MEDIUM,68189_how-to-legally-take-money-out-of-a-limited-company.html,misfeasance,521,5,yes,no,no,no,"s and you have a tax problem, a Companies Act problem, and, if things later get tight, a misfeasance problem on your desk. The mechanics of getting money out of your UK limited company cleanly are not"
MEDIUM,68189_how-to-legally-take-money-out-of-a-limited-company.html,preference (unlawful),13214,3,no,no,no,no,ue is a personal liability issue. The same payment that was fine in a strong year becomes a preference or a misfeasance in a weak one. Serious misconduct can end in disqualification under the Company 
MEDIUM,68192_preventing-company-director-disputes.html,wrongful trading,562,5,yes,no,no,yes,directors cannot agree on the exit route. Every week of that deadlock increases the wrongful trading exposure for both of them. We tell directors in dispute: the argument about what to do costs less t
MEDIUM,68207_are-directors-personally-liable-for-company-debts.html,IP (insolvency practitioner),2621,8,yes,yes,no,no,"oceedings. Director priority: audit your guarantees, clear or document your DLA, seek IP advice early, and stop trading when advised. A dated record of taking IP advice early is useful evidence that"
MEDIUM,68207_are-directors-personally-liable-for-company-debts.html,Official Receiver,2443,2,yes,yes,no,no,"tion is separate from debt liability: for an insolvent company, the Secretary of State or Official Receiver generally has three years from insolvency, or dissolution, to bring proceedings. Director pr"
MEDIUM,68207_are-directors-personally-liable-for-company-debts.html,misfeasance,663,14,yes,no,no,no,"udulent trading, an HMRC Personal Liability Notice or Joint and Several Liability Notice, misfeasance, or a prohibited-name breach after liquidation. If none of these applies, your personal assets are"
MEDIUM,68207_are-directors-personally-liable-for-company-debts.html,preference (unlawful),8272,2,no,no,no,no,"n, deal with it before the company enters insolvency. Repaying during insolvency creates preference risk under section 239 IA 1986, so act early or take specific advice on timing. Clearing it the day "
MEDIUM,68207_are-directors-personally-liable-for-company-debts.html,wrongful trading,552,21,yes,no,no,yes,"pecific routes set out below: a personal guarantee, an overdrawn director's loan account, wrongful trading, fraudulent trading, an HMRC Personal Liability Notice or Joint and Several Liability Notice,"
MEDIUM,68216_what-is-a-directors-responsibility-for-accountancy-errors.html,misfeasance,2995,3,no,no,no,no,"anies Act 2006, and the liquidator can recover them as transactions at undervalue or as a misfeasance claim. Incorrect tax returns. VAT returns that understated output VAT. Corporation Tax returns bas"
MEDIUM,68221_get-free-business-debt-advice.html,CVL,2728,4,no,no,no,no,"ment (CVA) , company administration . Directors who called late had two options: CVL or wait for a creditor to petition. The advice was free in both cases. The outcomes were not. What Ha"
MEDIUM,68221_get-free-business-debt-advice.html,IP (insolvency practitioner),445,6,yes,no,no,no,ors delay seeking advice. They assume the consultation will cost £500 or that engaging an IP commits them to a formal process. Neither is true. The initial consultation is diagnostic: the practit
MEDIUM,68221_get-free-business-debt-advice.html,MVL,3282,2,no,no,no,no,"s. Explain which options are available: informal negotiation, TTP, CVA, administration, MVL, CVL, or dissolution. Give you a realistic view of what each option costs, how long it takes, and what the"
MEDIUM,68356_advantages-and-disadvantages.html,CVA,999,5,yes,no,no,no,"etwork rather than abstract theory. If you're a director weighing pre-pack against a CVA, a standard administration, or a creditors' voluntary liquidation, the honest read is that pre-pack solves a"
MEDIUM,68356_advantages-and-disadvantages.html,Official Receiver,10670,1,yes,yes,no,no,n Forced by creditor petition; you've waited too long Director conduct investigation by Official Receiver Each route has a different cost-benefit profile for you and the people around you. A licensed 
MEDIUM,68356_advantages-and-disadvantages.html,misfeasance,7498,3,no,no,no,no,"oes not insulate you from wrongful trading , preferences, transactions at undervalue, or misfeasance claims that pre-date the administration. Get advice on your conduct file before pre-pack, not after"
MEDIUM,68356_advantages-and-disadvantages.html,preference (unlawful),7454,4,no,no,no,no,"ication Act 1986 can follow. Pre-pack does not insulate you from wrongful trading , preferences, transactions at undervalue, or misfeasance claims that pre-date the administration. Get advice on your "
MEDIUM,68356_advantages-and-disadvantages.html,preferential debt / creditor,1871,3,no,no,no,no,"rs than liquidation would, or (c) realising property to make a distribution to secured or preferential creditors. In a pre-pack, objective (b) is usually the one in play. The company itself is not res"
MEDIUM,68356_advantages-and-disadvantages.html,wrongful trading,7435,3,no,no,no,no,"Directors Disqualification Act 1986 can follow. Pre-pack does not insulate you from wrongful trading , preferences, transactions at undervalue, or misfeasance claims that pre-date the administration. "
MEDIUM,68356_pre-pack-advantages-and-disadvantages.html,CVA,999,5,yes,no,no,no,"etwork rather than abstract theory. If you're a director weighing pre-pack against a CVA, a standard administration, or a creditors' voluntary liquidation, the honest read is that pre-pack solves a"
MEDIUM,68356_pre-pack-advantages-and-disadvantages.html,Official Receiver,10670,1,yes,yes,no,no,n Forced by creditor petition; you've waited too long Director conduct investigation by Official Receiver Each route has a different cost-benefit profile for you and the people around you. A licensed 
MEDIUM,68356_pre-pack-advantages-and-disadvantages.html,misfeasance,7498,3,no,no,no,no,"oes not insulate you from wrongful trading , preferences, transactions at undervalue, or misfeasance claims that pre-date the administration. Get advice on your conduct file before pre-pack, not after"
MEDIUM,68356_pre-pack-advantages-and-disadvantages.html,preference (unlawful),7454,4,no,no,no,no,"ication Act 1986 can follow. Pre-pack does not insulate you from wrongful trading , preferences, transactions at undervalue, or misfeasance claims that pre-date the administration. Get advice on your "
MEDIUM,68356_pre-pack-advantages-and-disadvantages.html,preferential debt / creditor,1871,3,no,no,no,no,"rs than liquidation would, or (c) realising property to make a distribution to secured or preferential creditors. In a pre-pack, objective (b) is usually the one in play. The company itself is not res"
MEDIUM,68356_pre-pack-advantages-and-disadvantages.html,wrongful trading,7435,3,no,no,no,no,"Directors Disqualification Act 1986 can follow. Pre-pack does not insulate you from wrongful trading , preferences, transactions at undervalue, or misfeasance claims that pre-date the administration. "
MEDIUM,68387_insolvent-company-investigations.html,Official Receiver,1196,2,yes,no,no,no,"tion of the last two to three years of a company's trading, run by the office-holder (the Official Receiver in compulsory liquidations, a licensed insolvency practitioner in creditors' voluntary liqui"
MEDIUM,68736_company-is-having-financial-difficulties.html,CVA,1428,9,yes,no,no,no,"decisive weight in any subsequent conduct review. Choose the right formal route , CVA, administration, CVL, based on whether the underlying business is viable if historic debt is addressed."
MEDIUM,68736_company-is-having-financial-difficulties.html,CVL,1449,6,yes,no,no,no,"y subsequent conduct review. Choose the right formal route , CVA, administration, CVL, based on whether the underlying business is viable if historic debt is addressed. Recognising the"
MEDIUM,68736_company-is-having-financial-difficulties.html,moratorium,7450,2,no,no,no,no,"ageable historic debt. Administration Administration produces a statutory moratorium against creditor action. An administrator takes control to pursue rescue as a going concern, sale as a going"
MEDIUM,70501_preferential-payments-during-insolvency.html,misfeasance,5925,3,no,no,no,no,"the payment also involved misapplication of company money, there is a section 212 IA 1986 misfeasance claim. Second, if the payment contributed to creditor losses and the company was already past the "
MEDIUM,71514_directors-duties-to-creditors.html,preference (unlawful),4721,2,no,no,no,no,"connected parties (yourself, family, associated companies) ahead of other creditors is a preference and a breach of the creditor duty. New debts incurred. Every new order you placed, every new credit "
MEDIUM,71514_directors-duties-to-creditors.html,wrongful trading,406,2,yes,no,no,yes,"lain this duty to directors every week because it is the legal foundation of almost every wrongful trading claim, misfeasance action, and disqualification case we see. The Supreme Court confirmed in B"
MEDIUM,73778_alternatives-to-company-liquidation.html,preferential debt / creditor,3604,2,no,no,no,no,"tors than immediate liquidation, or realising assets to make a distribution to secured or preferential creditors. In practice, most administrations end in either a company sale or a transition to liqu"
MEDIUM,73778_alternatives-to-company-liquidation.html,statutory demand,4859,2,no,no,no,no,"ditor who agrees to a payment plan on Monday can change their mind on Friday and serve a statutory demand . There is no moratorium, no legal protection, and no enforcement freeze. Informal negotiation"
MEDIUM,74264_challenge-a-statutory-demand.html,advertised / advertisement (notice sense),2883,5,no,no,no,no,"Beyond 21 days, your creditor can present a winding-up petition. Once the petition is advertised in The Gazette (typically 7 working days after presentation), your company's bank accounts freeze autom"
MEDIUM,74264_challenge-a-statutory-demand.html,presented (vs served),2586,8,no,no,no,no,", which the creditor accepts in writing. Apply for an injunction to restrain the presentation of a winding-up petition where the debt is genuinely disputed on substantial grounds, is subject to a cros"
MEDIUM,74264_challenge-a-statutory-demand.html,restrain / restraining advertisement,2573,5,no,no,no,no,"fferent terms, which the creditor accepts in writing. Apply for an injunction to restrain the presentation of a winding-up petition where the debt is genuinely disputed on substantial grounds, is sub"
MEDIUM,74264_challenge-a-statutory-demand.html,the Gazette,2897,3,no,no,no,no,"days, your creditor can present a winding-up petition. Once the petition is advertised in The Gazette (typically 7 working days after presentation), your company's bank accounts freeze automatically u"
MEDIUM,74372_cant-pay-a-company-mortgage.html,moratorium,4437,2,no,no,no,no,"ator out of court under Schedule B1 of the Insolvency Act 1986. This produces a statutory moratorium against other creditors, but the administrator is acting in the interests of creditors as a whole, "
MEDIUM,74372_cant-pay-a-company-mortgage.html,preference (unlawful),5877,3,no,no,no,no,on 214. Paying connected parties (including director's loan account repayments) in preference to third-party creditors can be reversed by a liquidator as a preference under section 239. Transactio
MEDIUM,74390_when-a-cva-fails.html,moratorium,2653,3,no,no,no,no,"gest risk is that you continue trading as if nothing has changed. CVA failure removes the moratorium-style protection that was deterring creditor action. HMRC, trade creditors, and finance lenders can"
MEDIUM,74439_notice-of-intention-to-appoint-administrators.html,floating charge,2117,5,no,no,no,no,"eady to act before filing, because the 10-day window passes quickly. A qualifying floating charge holder. A bank or lender that holds a qualifying floating charge over the company's assets can also fi"
MEDIUM,74891_secured-vs-unsecured-creditors.html,preferential debt / creditor,590,11,yes,no,no,yes,has walked away whole and the bank with a glass-and-chrome lending team is queued behind preferential creditors. That is the question this guide answers. A creditor is secured by paperwork over a spec
MEDIUM,74891_secured-vs-unsecured-creditors.html,transaction at an undervalue,18937,2,no,no,no,no,"r. Antecedent Transactions : what the liquidator can unwind, including preferences and transactions at undervalue, which can change who counts as a creditor. Dealing with Creditor Pressure : practical"
MEDIUM,75111_overdrawn-directors-loan-accounts.html,preference (unlawful),1521,12,yes,yes,no,no,"repayment is enforced by the liquidator. Repaying in the run-up creates connected-party preference risk under section 239 of the Insolvency Act 1986, with a 2-year lookback. Director priority: check t"
MEDIUM,76323_insolvency-advice-for-directors.html,CVA,1849,5,no,no,no,no,"iew. Once the duty has shifted, only a licensed practitioner can route you through CVA, administration, or CVL without you accidentally doing something a liquidator will later unwind. Main"
MEDIUM,76323_insolvency-advice-for-directors.html,CVL,1873,5,no,no,no,no,"y has shifted, only a licensed practitioner can route you through CVA, administration, or CVL without you accidentally doing something a liquidator will later unwind. Main Director Risk From Late"
MEDIUM,76323_insolvency-advice-for-directors.html,officeholder / office-holder,2950,2,no,no,no,no,s Unregulated Insolvency Advice Only a licensed insolvency practitioner can act as office holder on a formal procedure. That is the line drawn by section 388 of the Insolvency Act 1986. Pre-appointmen
MEDIUM,7665_company-rescue-solutions.html,CVA,702,25,yes,no,no,no,"want to keep something trading. Below, you will find the family of formal procedures (CVA, Administration, Pre-Pack), the informal levers (HMRC Time to Pay, creditor negotiation), and the route-of-la"
MEDIUM,7665_company-rescue-solutions.html,MVL,840,1,yes,no,no,no,"ers (HMRC Time to Pay, creditor negotiation), and the route-of-last-resort closures (CVL, MVL) that sometimes serve directors better than a doomed rescue attempt. We are direct about the trade-off"
MEDIUM,7665_company-rescue-solutions.html,Schedule B1,4527,3,no,no,no,no,"istration and Pre-Pack Family Administration is a court-supervised procedure under Schedule B1 of the Insolvency Act 1986. The moment an administrator is appointed, a statutory moratorium halts most c"
MEDIUM,7665_company-rescue-solutions.html,preference (unlawful),7295,5,no,no,no,no,"Most directors arrive at this hub from a specific pressure point, not a procedure preference. The four situations below cover most of what we see. Find the one that matches what is actually on your de"
MEDIUM,7669_liquidation.html,CVL,1423,20,yes,no,no,yes,"ner before you pay any creditor, move assets, or reply to HMRC. We can tell you whether a CVL, compulsory liquidation, MVL, administration, or strike-off fits your situation, and what to do first. You"
MEDIUM,7669_liquidation.html,IP (insolvency practitioner),5917,20,yes,yes,no,no,"ly before a creditor forces the issue. The directors, with shareholder resolution. An IP chosen by the directors and approved (or replaced) by creditors. CVL guide Compulsory Liquidation"
MEDIUM,7669_liquidation.html,MVL,1452,9,yes,no,no,no,"or, move assets, or reply to HMRC. We can tell you whether a CVL, compulsory liquidation, MVL, administration, or strike-off fits your situation, and what to do first. You can talk to our team wheneve"
MEDIUM,7669_liquidation.html,Official Receiver,2470,5,yes,yes,no,no,"Typical CVL cost £4,000 to £6,000 plus VAT. Compulsory adds a £343 court fee and £2,600 Official Receiver deposit. Typical timeline 2 to 4 weeks from instruction to liquidation start; 12 to 18 months "
MEDIUM,7669_liquidation.html,Schedule 6,4227,4,no,no,no,no,"steps into that role on appointment day. Creditors are paid in a strict legal order: Schedule 6 of the Insolvency Act puts secured creditors with fixed charges first, then liquidator costs, then prefe"
MEDIUM,7669_liquidation.html,misfeasance,4920,3,no,no,no,no,"ute to court-ordered private examinations on oath. They can also sue former directors for misfeasance, wrongful trading, preferences, and transactions at undervalue. Acting in the company’s name now i"
MEDIUM,7669_liquidation.html,preferential debt / creditor,4337,3,no,no,no,no,"solvency Act puts secured creditors with fixed charges first, then liquidator costs, then preferential creditors (employees up to £800 per person and HMRC for VAT, PAYE, employee NIC, CIS, and student"
MEDIUM,7674_creditors-voluntary-liquidation.html,CVA,4141,5,yes,yes,no,no,realistic rescue exists CVL Company is insolvent but the business is still viable CVA or administration Company is solvent and closing voluntarily MVL Company has no debts and has s
MEDIUM,7674_creditors-voluntary-liquidation.html,IP (insolvency practitioner),912,15,yes,no,no,no,"irector to sit with it, and what comes next is a sequence of decisions you take with your IP, not alone. Continuing to trade while insolvent is not automatically wrongful trading: the risk under"
MEDIUM,7674_creditors-voluntary-liquidation.html,MVL,4215,3,yes,yes,no,no,still viable CVA or administration Company is solvent and closing voluntarily MVL Company has no debts and has stopped trading Strike-off may be possible HMRC has refused or faile
MEDIUM,7674_creditors-voluntary-liquidation.html,National Insurance Fund,19507,2,no,no,no,no,"aid wages, holiday pay and notice pay from the Redundancy Payments Service, paid from the National Insurance Fund and capped by the £751 statutory weekly pay limit from 6 April 2026, which puts the ma"
MEDIUM,7674_creditors-voluntary-liquidation.html,Official Receiver,20675,2,yes,yes,no,no,quidation A creditor (usually HMRC) has petitioned the court. Director loses control; Official Receiver runs the case. Compulsory guide Company Voluntary Arrangement (CVA) Insolvent but the business i
MEDIUM,7674_creditors-voluntary-liquidation.html,Schedule 6,19323,3,no,no,no,no,"n estate, arrears of wages rank as a preferential debt, capped at £800 per employee under Schedule 6 of the Insolvency Act 1986. Separately, employees claim statutory redundancy, unpaid wages, holiday"
MEDIUM,7674_creditors-voluntary-liquidation.html,Time to Pay,642,5,no,no,no,no,"this position every week. The pattern is consistent: months of mounting HMRC arrears, a Time to Pay arrangement that was refused or failed, and the quiet dread that builds each time another brown HMRC"
MEDIUM,7674_creditors-voluntary-liquidation.html,advertised / advertisement (notice sense),8068,3,no,no,no,no,"om that creditor decision procedure, the winding-up resolution must be . This filing and advertisement duty is a distinct statutory obligation, not part of the creditor notice above. The Gazette notic"
MEDIUM,7674_creditors-voluntary-liquidation.html,preference (unlawful),3202,6,no,no,no,no,"Wrongful trading, personal guarantees called in, an overdrawn director loan account, and preference or undervalue claims. Best next step Speak to a licensed IP before creditor action escalates, and co"
MEDIUM,7674_creditors-voluntary-liquidation.html,preferential debt / creditor,14363,4,yes,yes,no,yes,"at usually happens HMRC debt Treated as a company debt; HMRC ranks as a secondary preferential creditor for certain taxes (VAT, PAYE, employee NICs) since 1 December 2020. Supplier debt Usually unsecu"
MEDIUM,7676_members-voluntary-liquidation.html,CVL,2091,7,yes,yes,no,yes,"irst You cannot pay every liability plus interest in full An MVL is not available; a CVL may be appropriate, but take advice on whether a rescue or restructuring option remains viable first"
MEDIUM,7676_members-voluntary-liquidation.html,IP (insolvency practitioner),24400,2,yes,yes,no,no,"ition Solvent Solvent, minimal assets Insolvent Professional appointment Licensed IP as liquidator None; directors apply Licensed IP as liquidator Asset distribution Formal, liquidator-le"
MEDIUM,7676_members-voluntary-liquidation.html,the Gazette,10385,4,no,no,no,no,The special resolution. Filed at Companies House within fifteen days of being passed. Gazette notice of the resolution. Advertised in the London Gazette within fourteen days of the resolution. Liquid
MEDIUM,7680_compulsory-liquidation.html,Official Receiver,262,16,yes,no,no,yes,"ible to your customers, suppliers, and lenders. If the court grants the order, the Official Receiver takes control of your company and your authority as director ends. That is the outcome if you do no"
MEDIUM,7680_compulsory-liquidation.html,preference (unlawful),11446,2,no,no,no,no,"n account, a family member's invoice, a related company) when the company is insolvent is a preference under section 239 of the Insolvency Act 1986. The liquidator can reverse the payment and pursue y"
MEDIUM,7680_compulsory-liquidation.html,preferential debt / creditor,14048,2,no,no,no,no,". Employees are automatically dismissed on the date of the winding-up order. They become preferential creditors for certain claims (up to 4 months' unpaid wages, capped at £800 per employee, plus accr"
MEDIUM,7680_compulsory-liquidation.html,the Gazette,1212,15,yes,no,no,no,"ng is usually 8 to 10 weeks away, but your bank may freeze the account as soon as it sees the Gazette notice. Act the same day. If a winding-up order has been made. The Official Receiver is now in con"
MEDIUM,7680_compulsory-liquidation.html,wrongful trading,11895,4,no,no,no,no,ated. Do not continue trading if there is no reasonable prospect of paying creditors. Wrongful trading under section 214 can result in you being ordered to contribute personally to the company's debts
MEDIUM,7685_company-voluntary-arrangement.html,CVA,827,57,yes,no,no,yes,"y fell behind within 12 months. We are honest about both outcomes because a failed CVA is worse than no CVA at all: it wastes time, money, and creditor goodwill, and it ends in company liquidatio"
MEDIUM,7685_company-voluntary-arrangement.html,CVL,7657,3,no,no,no,no,"rium and is necessary when creditor pressure is too intense for a CVA timeline. CVA vs CVL. A CVA rescues the company. A CVL closes it. If the business is viable, CVA. If not, CVL. CVA vs TTP ."
MEDIUM,7685_company-voluntary-arrangement.html,IP (insolvency practitioner),1742,5,yes,no,no,no,"sets this out. You continue trading, make monthly payments to the supervisor (the IP who monitors compliance), and the supervisor distributes the funds to creditors over the term. In our"
MEDIUM,7685_company-voluntary-arrangement.html,moratorium,5684,4,no,no,no,no,hat you took responsible action. Disadvantages of a CVA: No automatic moratorium. Creditors can still enforce while the proposal is being prepared (unless you also file for a standalone mora
MEDIUM,7687_winding-up-petitions.html,IP (insolvency practitioner),9026,7,yes,yes,no,no,"e to be dealt with in parallel. Evidence takes time to assemble. So does coordinating an IP and a solicitor. The hearing The court considers the petition, the company's position, and any supportin"
MEDIUM,7687_winding-up-petitions.html,Official Receiver,3625,9,yes,yes,no,no,"is in compulsory liquidation and your powers as director have ended. Cooperate with the Official Receiver, the government officer who now controls the company. Take advice at once if you want to ask t"
MEDIUM,7687_winding-up-petitions.html,adjournment / adjourn,9173,7,yes,yes,no,yes,"the petition, the company's position, and any supporting creditors. An order, dismissal, adjournment, or other directions. Winding-up order The Official Receiver takes control of the company. Director"
MEDIUM,7687_winding-up-petitions.html,served / service,3991,3,yes,yes,no,yes,"alist insolvency-solicitor support where court action is needed. A Petition Has Been Served: Do These Five Things Now Read the petition properly, all of it. Note the hearing date , which court it"
MEDIUM,7687_winding-up-petitions.html,winding-up order (vs petition),196,11,yes,no,no,yes,"ay the debt. It is a request, not the decision. The decision is a separate thing called a winding-up order, and it comes later, at a hearing. That difference is your whole position at the moment. Unti"
MEDIUM,76904_am-i-solvent.html,misfeasance,6877,2,no,no,no,no,"es got worse), preferences under Section 239 (you paid one creditor ahead of others), and misfeasance under Section 212 (you breached a duty owed to the company). All three are personal claims. All th"
MEDIUM,76920_hmrc-penalties-investigations.html,CVA,11225,2,no,no,no,no,"ail. Where the combined bill exceeds what the business can service, licensed IP advice on CVA, administration, or CVL is the right next step. Methodology and Disclosure This guide is wri"
MEDIUM,76920_hmrc-penalties-investigations.html,CVL,11249,2,no,no,no,no,"bill exceeds what the business can service, licensed IP advice on CVA, administration, or CVL is the right next step. Methodology and Disclosure This guide is written by the Company Debt"
MEDIUM,77097_bailiffs-high-court-enforcement-officers.html,moratorium,11745,3,no,no,no,no,different effect on enforcement: Company administration triggers an immediate moratorium under Schedule B1 of the Insolvency Act 1986. Enforcement action cannot proceed against the company without t
MEDIUM,77097_bailiffs-high-court-enforcement-officers.html,preference (unlawful),13267,2,no,no,no,no,"he run-up to insolvency, and any unusual transfers to avoid enforcement can be unwound as preferences, transactions at undervalue, or transactions defrauding creditors under sections 238, 239, and 423"
MEDIUM,77146_debt-creditor-pressure-hub.html,CVA,8165,4,no,no,no,no,"into personal names when the writing is on the wall. See our director guarantees in a CVA guide , our personal guarantee risks guide , and the spoke pages on wrongful trading and director disqualifi"
MEDIUM,77146_debt-creditor-pressure-hub.html,Schedule B1,5676,3,no,no,no,no,"101 to 109 of the LPA 1925 over fixed-charge property, or appoint an administrator under Schedule B1 of the Insolvency Act 1986 over the floating charge. Do not stop banking with the lender holding th"
MEDIUM,77146_debt-creditor-pressure-hub.html,advertised / advertisement (notice sense),14578,3,no,no,no,no,"f more than one of these clocks is running, deal with the shortest first. A petition once advertised freezes bank accounts, collapses supplier credit and forces a formal response within days, regardle"
MEDIUM,77146_debt-creditor-pressure-hub.html,debenture,5961,3,no,no,no,no,"cement. Do not give a verbal undertaking on the call. Read the facility letter and the debenture in full before the next conversation. See our guides on when you cannot repay a business loan , the ris"
MEDIUM,77146_debt-creditor-pressure-hub.html,floating charge,5726,4,no,no,no,no,"erty, or appoint an administrator under Schedule B1 of the Insolvency Act 1986 over the floating charge. Do not stop banking with the lender holding the security; that triggers the relationship breakd"
MEDIUM,77146_debt-creditor-pressure-hub.html,preference (unlawful),7667,6,no,no,no,no,"38 and 239 give a future liquidator the power to claw back transactions at undervalue and preferences, with a six-month look-back for unconnected creditors and two years for connected parties. Directo"
MEDIUM,77146_debt-creditor-pressure-hub.html,presented (vs served),10088,2,no,no,no,no,"asier to negotiate before the 7-day warning than after it. After a winding-up petition is presented, HMRC's discretion narrows sharply. A Notice of Enforcement on the Door Notice of enforcement g"
MEDIUM,77146_debt-creditor-pressure-hub.html,statutory demand,4,17,yes,no,no,no,"The statutory demand sits on the office desk, dated last Tuesday. Twenty-one days of clock have already started. The bank has emai"
MEDIUM,77146_debt-creditor-pressure-hub.html,wrongful trading,8238,2,no,no,no,no,"guarantees in a CVA guide , our personal guarantee risks guide , and the spoke pages on wrongful trading and director disqualification. Creditor Pressure by Situation Most directors arrive at this hub"
MEDIUM,77157_construction-insolvency.html,CVA,1773,19,yes,no,no,no,"ons held, CIS deductions creating a temporary liability, or a single bad contract, then a CVA, administration, or informal creditor arrangement may create breathing room. If the problem is structural,"
MEDIUM,77157_construction-insolvency.html,moratorium,10189,2,no,no,no,no,"bility to enforce an adjudication award against it becomes complicated. An administration moratorium pauses enforcement action. A liquidation makes the adjudication award a claim in the insolvency, to"
MEDIUM,77161_transport-haulage-insolvency.html,Schedule 6,9811,2,no,no,no,no,"Drivers' statutory redundancy pay and unpaid wages rank as preferential claims under Schedule 6 of the Insolvency Act 1986, meaning they are paid ahead of unsecured creditors from available assets. Th"
MEDIUM,77162_hmrc-enforcement-action.html,CVA,9852,2,no,no,no,no,ormal insolvency (administration) produces a statutory moratorium stopping enforcement. A CVA proposal can restructure historic debt. Both need to be in play before the petition stage. Preserve y
MEDIUM,77162_hmrc-enforcement-action.html,advertised / advertisement (notice sense),5013,2,no,no,no,no,"goods from the operating premises. Operational disruption. A winding-up petition advertised in The Gazette freezes company bank accounts under section 127 of the Insolvency Act 1986 , trading becomes"
MEDIUM,77162_hmrc-enforcement-action.html,distraint / distrain,201,6,yes,no,no,yes,"escalates through a predictable series of steps, reminders, demands, field-force visits, distraint, before reaching the point where your bank accounts freeze and winding-up petitions are issued. Each "
MEDIUM,77162_hmrc-enforcement-action.html,moratorium,9817,3,no,no,no,no,t a licensed IP within 48 hours. Formal insolvency (administration) produces a statutory moratorium stopping enforcement. A CVA proposal can restructure historic debt. Both need to be in play before t
MEDIUM,77162_hmrc-enforcement-action.html,the Gazette,5027,2,no,no,no,no,"operating premises. Operational disruption. A winding-up petition advertised in The Gazette freezes company bank accounts under section 127 of the Insolvency Act 1986 , trading becomes practically imp"
MEDIUM,77162_hmrc-enforcement-action.html,wrongful trading,5654,2,no,no,no,no,"rsonal Liability Notices for unpaid NICs where fraud or neglect is established. Wrongful trading exposure under section 214 where trading continued past the point where insolvency was unavoidable, acc"
MEDIUM,77175_professional-services-insolvency.html,floating charge,7798,2,no,no,no,no,"he Finance Act 2020, meaning VAT, PAYE, employee NIC and similar taxes take priority over floating charge holders and unsecured creditors. If your firm has been using collected VAT or PAYE to fund ope"
MEDIUM,77175_professional-services-insolvency.html,moratorium,9131,2,no,no,no,no,"oncerns about client money during the CVA proposal period, it can still intervene. The moratorium that a CVA provides binds creditors but not regulators acting in the public interest. For partnerships"
MEDIUM,77181_energy-provider-insolvency.html,preference (unlawful),3602,6,no,no,no,no,"h as related companies or fellow directors, ahead of other creditors can be challenged as a preference under section 239 of the Insolvency Act 1986. Honouring ROC liabilities to Ofgem while leaving or"
MEDIUM,77186_care-home-insolvency.html,Schedule 6,6890,2,no,no,no,no,"ement of Crown preference. Employees are preferential for arrears of wages up to £800 (Schedule 6 Insolvency Act 1986) and holiday pay. Trade creditors, agency suppliers, and unsecured lenders rank be"
MEDIUM,77186_care-home-insolvency.html,preference (unlawful),6815,4,no,no,no,no,"creditor for VAT, PAYE and employee NIC under the Finance Act 2020 reinstatement of Crown preference. Employees are preferential for arrears of wages up to £800 (Schedule 6 Insolvency Act 1986) and ho"
MEDIUM,77186_care-home-insolvency.html,preferential debt / creditor,6712,2,no,no,no,no,"ortgagee) recover first against the registered care home asset. HMRC ranks as a secondary preferential creditor for VAT, PAYE and employee NIC under the Finance Act 2020 reinstatement of Crown prefere"
MEDIUM,77205_hmrc-debt-enforcement-hub.html,Time to Pay,1327,5,yes,no,no,yes,"to phone calls and field-force visits. The informal negotiation window sits here. Time to Pay refusal or breach , where an informal arrangement fails. See What Happens If HMRC Rejects Your Time to Pay"
MEDIUM,77205_hmrc-debt-enforcement-hub.html,moratorium,5707,3,no,no,no,no,"y Arrangement (CVA) , binding 3–5 year repayment plan. Administration , statutory moratorium, rescue or sale. Creditors' Voluntary Liquidation (CVL) , orderly wind-down. Your Next Step"
MEDIUM,77205_hmrc-debt-enforcement-hub.html,statutory demand,1890,4,no,no,no,no,"y court claim and judgment , civil enforcement toolkit including charging orders. Statutory demand and winding-up petition , the insolvency track. See Can HMRC Shut Down My Business . Personal Liabil"
MEDIUM,77205_hmrc-debt-enforcement-hub.html,wrongful trading,4416,2,no,no,no,no,"he Social Security Administration Act 1992 where fraud or neglect is established. Wrongful trading , personal contribution orders under section 214 of the Insolvency Act 1986 where trading continued p"
MEDIUM,77207_manufacturing-insolvency.html,National Insurance Fund,11325,2,no,no,no,no,"can trigger protective awards of up to 90 days' gross pay per employee, payable from the National Insurance Fund if the company cannot meet them. A buyer doing a pre-pack will price these liabilities "
MEDIUM,77207_manufacturing-insolvency.html,moratorium,17826,4,no,no,no,no,es a licensed insolvency practitioner in control of the company and provides an automatic moratorium against creditor action. For a manufacturing business under acute pressure (suppliers threatening t
MEDIUM,77216_hospitality-restaurant-insolvency.html,Schedule 6,14487,2,no,no,no,no,"ice pay through the Insolvency Service , capped at £751 per week from 6 April 2026 under Schedule 6 of the Insolvency Act 1986. Customer deposits and prepaid bookings become creditor claims. Gift-card"
MEDIUM,77216_hospitality-restaurant-insolvency.html,moratorium,8049,3,no,no,no,no,or calls us the stock is already inaccessible. Administration provides a statutory moratorium that prevents a landlord forfeiting by peaceable re-entry without court permission. That protection is one
MEDIUM,77216_hospitality-restaurant-insolvency.html,preference (unlawful),14739,5,no,no,no,no,"is a comfortable outcome, but continuing to take bookings you cannot honour creates both a preference risk and a fraud risk that our liquidators will examine. Director Risks During Hospitality & Resta"
MEDIUM,77218_charity-non-profit-insolvency.html,preferential debt / creditor,7246,2,no,no,no,no,"y insolvent company: fixed-charge secured creditors first, then insolvency costs, then preferential creditors including certain employee claims, then HMRC as a secondary preferential creditor for VAT,"
MEDIUM,77278_company-strike-off-and-dissolution.html,National Insurance Fund,3135,3,no,no,no,no,"s. The company has employees. Strike-off does not trigger redundancy through the National Insurance Fund. If your employees are owed wages or redundancy pay, dissolving the company without a formal in"
MEDIUM,77278_company-strike-off-and-dissolution.html,preference (unlawful),11862,2,no,no,no,no,"ehaviour can be investigated. Under the Insolvency Act, transactions at an undervalue and preferences made in the lead-up to insolvency can be challenged. You can be held personally liable for losses "
MEDIUM,77372_company-rescue-recovery-hub.html,CVA,216,33,yes,no,no,no,"has run out, the largest supplier is on stop, and the accountant said something about ""a CVA"" without naming when one works and when one wastes nine months of your life. Rescue and recovery are not t"
MEDIUM,77372_company-rescue-recovery-hub.html,Schedule B1,5572,4,no,no,no,no,"creditor approval by value, and the directors stay in the chair. Administration under Schedule B1 imposes a statutory moratorium and hands control to a licensed insolvency practitioner who restructure"
MEDIUM,77372_company-rescue-recovery-hub.html,advertised / advertisement (notice sense),3347,3,no,no,no,no,"hat matches what is actually on your desk this Friday: the supplier on stop, the petition advertised, the post-CVA contribution that just bounced, the strike-off you need to undo. Company Debt's edito"
MEDIUM,77372_company-rescue-recovery-hub.html,preference (unlawful),7855,5,no,no,no,no,"Most directors arrive at this hub from a specific pressure point, not a procedure preference. Find the row that matches the pressure on your desk this week. The four situations below cover most of wh"
MEDIUM,77396_director-protection-hub.html,CVA,5950,2,no,no,no,no,e cover. See the risks of signing a personal guarantee and director guarantees in a CVA for the procedure-specific mechanics. Wrongful Trading Defence Under Section 214 Section 214 o
MEDIUM,77396_director-protection-hub.html,Schedule 6,14062,3,no,no,no,no,"E, employee NIC, CIS, and student loan deductions ahead of floating-charge holders, under Schedule 6 of the Insolvency Act 1986. Protective behaviour starts long before the notice arrives. Pay PAYE an"
MEDIUM,77396_director-protection-hub.html,preference (unlawful),2106,11,no,no,no,no,"nd PG insurance, wrongful trading defence under section 214 of the Insolvency Act 1986 , preference and undervalue exposure under sections 238 and 239, and director disqualification under the CDDA 198"
MEDIUM,77396_director-protection-hub.html,preferential debt / creditor,13938,3,no,no,no,no,"ted on 1 December 2020 by the Finance Act 2020, which means HMRC now ranks as a secondary preferential creditor for VAT, PAYE, employee NIC, CIS, and student loan deductions ahead of floating-charge h"
MEDIUM,77396_director-protection-hub.html,statutory demand,9993,3,no,no,no,no,"h Tightening, No Procedure Yet Cash flow is uncomfortable but not yet critical. No statutory demand has arrived. HMRC is not chasing. The board is meeting more often than it was last year. This is the"
MEDIUM,77401_sector-specific-insolvency.html,Schedule 6,12526,2,no,no,no,no,on Insolvency Service redundancy claims sits at £751 per week from 6 April 2026 under Schedule 6 of the Insolvency Act 1986. Anything above that becomes an unsecured claim against the company. Your
MEDIUM,77401_sector-specific-insolvency.html,Schedule B1,10547,2,no,no,no,no,"s a mistake . If your sector has one, it is the procedure. We would not run a standard Schedule B1 administration thinking on top of it without rebuilding the plan from the regime's customer-protectio"
MEDIUM,77681_mental-health-debt-stress-support.html,CVA,7701,2,no,no,no,no,"s position confidentially and tell you whether continued trading is defensible, whether a CVA, administration, or liquidation is the right route, and what your personal exposure looks like. The conv"
MEDIUM,77681_mental-health-debt-stress-support.html,wrongful trading,7355,2,no,no,no,no,n’t suspend that shift. A director who keeps trading while seriously unwell can face wrongful trading exposure under section 214 of the Insolvency Act 1986 if creditor losses get worse. That sounds ha
MEDIUM,77693_insolvency-news-commentary.html,CVA,2475,4,no,no,no,no,"ke up roughly 6%, compulsory liquidations around 5%, and CVAs the remaining 1%. The CVA share has fallen since 2020; partly because HMRC's secondary preferential status makes the 75% by value appro"
MEDIUM,77693_insolvency-news-commentary.html,floating charge,3055,2,no,no,no,no,"ect creditor-recovery data, but practitioner consensus is that SME bank recovery rates on floating charges have fallen by 10-30 percentage points where significant trust-tax balances exist. Director R"
MEDIUM,77739_which-creditors-get-paid-first.html,floating charge,1347,21,yes,no,no,no,"nd holiday, HMRC for certain taxes), (4) the prescribed part for unsecured creditors from floating charge realisations, (5) floating charge holders, (6) unsecured creditors, (7) shareholders. In pract"
MEDIUM,77739_which-creditors-get-paid-first.html,preferential debt / creditor,1212,22,yes,no,no,yes,"y order in UK liquidation is: (1) fixed charge holders, (2) costs of the liquidation, (3) preferential creditors (employees for wages and holiday, HMRC for certain taxes), (4) the prescribed part for "
MEDIUM,77814_how-to-prepare-for-company-liquidation.html,Redundancy Payments Service,6884,3,no,no,no,no,"ore staff, collective consultation rules apply. Statutory entitlements are covered by the Redundancy Payments Service. 6 Contact HMRC before they contact you List all HMRC debts — VAT,"
MEDIUM,77883_liquidation-vs-dissolution-strike-off.html,CVL,1790,8,yes,yes,no,yes,"assets to distribute Cost £13 filing fee (DS01 form) £3,500 + VAT (MVL) or £5,000+ (CVL) Timeline 3 months from Gazette notice 6 to 18 months typically Creditor protection None beyond the"
MEDIUM,77883_liquidation-vs-dissolution-strike-off.html,MVL,1773,9,yes,yes,no,no,"it cannot pay, or assets to distribute Cost £13 filing fee (DS01 form) £3,500 + VAT (MVL) or £5,000+ (CVL) Timeline 3 months from Gazette notice 6 to 18 months typically Creditor protection"
MEDIUM,77883_liquidation-vs-dissolution-strike-off.html,Official Receiver,1576,1,yes,yes,no,no,"Who controls it Directors apply to Companies House Licensed insolvency practitioner or Official Receiver Suitable when No debts, no assets above £25k, no ongoing disputes Company has debts it cannot p"
MEDIUM,77916_voluntary-vs-compulsory-liquidation.html,CVL,1121,24,yes,yes,no,yes,director. Voluntary vs Compulsory Liquidation Comparison Table Voluntary (CVL) Compulsory Who starts it You (the directors and shareholders) A creditor petitions the court Who
MEDIUM,77916_voluntary-vs-compulsory-liquidation.html,IP (insolvency practitioner),1256,3,yes,yes,no,no,directors and shareholders) A creditor petitions the court Who controls it Licensed IP appointed by directors (creditors can replace) Official Receiver (court-appointed) Director input You no
MEDIUM,77916_voluntary-vs-compulsory-liquidation.html,Official Receiver,665,14,yes,no,no,yes,"Once the petition is gazetted and the court makes an order, that window closes. The Official Receiver takes over, your bank accounts are frozen, and the investigation into your conduct is mandatory ra"
MEDIUM,77916_voluntary-vs-compulsory-liquidation.html,served / service,2161,5,no,no,no,no,"ception Director acted responsibly Creditor forced the issue If a petition has been served but not yet gazetted, the voluntary window is still open, but it closes fast. A CVL gives you the ability to"
MEDIUM,77960_cant-afford-to-liquidate.html,National Insurance Fund,5805,4,no,no,no,no,"d meet the qualifying criteria, a redundancy payment from the Insolvency Service (via the National Insurance Fund) can be assigned to the practitioner to cover the liquidation fee. Asset realisations "
MEDIUM,77960_cant-afford-to-liquidate.html,advertised / advertisement (notice sense),7377,2,no,no,no,no,"director conduct, bank accounts are frozen, trade insurance is withdrawn, and the Gazette advertisement damages your commercial reputation. Directors who took this route are also more likely to face d"
MEDIUM,77960_cant-afford-to-liquidate.html,misfeasance,9238,2,no,no,no,no,"ncluded there was no reasonable prospect of avoiding insolvency. Under Section 212 (misfeasance), you can be pursued for breach of fiduciary duty. Under the Company Directors Disqualification Act 1986"
MEDIUM,77960_cant-afford-to-liquidate.html,the Gazette,4557,3,no,no,no,no,objections. HMRC and trade creditors routinely object to strike-off notices published in the Gazette. The Registrar will suspend the process until the issue is resolved. Personal liability under the 2
MEDIUM,78102_how-to-choose-the-right-insolvency-procedure.html,IP (insolvency practitioner),2392,12,yes,yes,no,no,"rector stays in control? Typical cost Typical timeline CVL No No (wound up) No (IP takes over) £3,500+ 3 to 12 months MVL Yes No (wound up) No (IP takes over) £3,500+ 6 to 18 months"
MEDIUM,78102_how-to-choose-the-right-insolvency-procedure.html,advertised / advertisement (notice sense),11990,2,no,no,no,no,"already threatening legal action or a winding-up petition? If a petition has been advertised, options collapse fast. Administration may still be possible if you move immediately. A CVA becomes almost "
MEDIUM,78102_how-to-choose-the-right-insolvency-procedure.html,wrongful trading,15584,3,no,no,no,no,"lem resolves itself. Every month of delay typically increases the deficit, exposes you to wrongful trading claims, and reduces the number of available routes. Inaction is itself a decision, and it is "
MEDIUM,78129_directors-conduct-report-2.html,transaction at an undervalue,9333,3,no,no,no,no,"two years before insolvency will be examined. If the payment looks like a preference or a transaction at undervalue, it goes into the report with a recommendation for further investigation. How to Pre"
MEDIUM,78560_company-property-and-real-estate-in-liquidation.html,debenture,4942,2,no,no,no,no,"aterial recoveries for the general creditor pool. If your property is secured by a debenture that covers book debts, stock, or machinery as well as the real estate, expect the liquidator to examine wh"
MEDIUM,78560_company-property-and-real-estate-in-liquidation.html,floating charge,3975,3,no,no,no,no,"istered at Companies House, the decisions sit with the lender, full stop. Fixed vs Floating Charges and the Section 176A Prescribed Part Here is the part most director-facing articles skip. The distin"
MEDIUM,78578_intellectual-property-and-trading-assets-in-liquidation.html,IP (insolvency practitioner),167,39,yes,no,no,no,"ctual property during liquidation. First, you own less of it personally than you thought: IP created in the course of employment belongs to the employer by default under s.39 of the Patents Act 1977 a"
MEDIUM,78578_intellectual-property-and-trading-assets-in-liquidation.html,wrongful trading,10001,2,no,no,no,no,Section 212 IA 1986 misfeasance claim available to liquidator + section 214 IA 1986 wrongful trading evidence where the new venture was set up during the wrongful-trading window. Section 216 IA 1986 p
MEDIUM,78596_company-vehicles-and-equipment-in-liquidation.html,preferential debt / creditor,11290,2,no,no,no,no,"ue is if the company was in VAT arrears at the point of liquidation, in which case HMRC's preferential claim under the Finance Act 2020 applies. Director Duties When the Liquidator Arrives From the mo"
MEDIUM,78654_how-to-challenge-a-liquidators-decisions-or-fees.html,officeholder / office-holder,4523,2,no,no,no,no,"acted unreasonably. Not whether you disagree with the decision, but whether no reasonable office-holder would have made that choice on the information available. Key Takeaway Two separate legal routes"
MEDIUM,78690_liquidation-deadlines-and-time-limits.html,Official Receiver,1184,4,yes,no,no,no,"ry liquidation , you do not control the timetable at all: the court sets the date and the Official Receiver takes over from day one. If you are still weeks away from acting, the most important deadlin"
MEDIUM,78690_liquidation-deadlines-and-time-limits.html,advertised / advertisement (notice sense),4629,4,no,no,no,no,"tlement, or prepare to oppose the petition in court. 7 business days after service: Advertisement. The petition must be advertised in the London Gazette at least 7 business days after service on the c"
MEDIUM,78690_liquidation-deadlines-and-time-limits.html,served / service,4266,2,no,no,no,no,Your involvement shifts from decision-maker to respondent. 21 days before hearing: Service of petition. The petitioning creditor must serve the petition on the company at its registered office at leas
MEDIUM,78690_liquidation-deadlines-and-time-limits.html,the Gazette,4680,4,no,no,no,no,. 7 business days after service: Advertisement. The petition must be advertised in the London Gazette at least 7 business days after service on the company and at least 7 business days before the hear
MEDIUM,78690_liquidation-deadlines-and-time-limits.html,wrongful trading,1517,4,yes,no,no,no,"idable. Every day of trading beyond that point increases your personal exposure to a wrongful trading claim. That is the deadline that matters most, and it has probably already started running. CVL Li"
MEDIUM,78707_company-restoration-after-liquidation.html,CVL,1065,1,yes,no,no,yes,Audience Directors of companies dissolved following a liquidation (CVL or compulsory) who need to pursue a claim or recover an asset Directors of companies struck off by Comp
MEDIUM,78756_liquidating-a-limited-liability-partnership.html,misfeasance,2968,2,no,no,no,no,"ility does not care what your entity is called. Wrongful trading, fraudulent trading, and misfeasance claims sit in sections 213, 214, and 212 of the Insolvency Act 1986 and apply to LLP members the s"
MEDIUM,78771_liquidating-a-charity-or-non-profit.html,CVL,1384,5,yes,yes,no,no,ce and Charity Commission A charitable company limited by guarantee that enters a CVL is subject to the same Insolvency Act 1986 provisions as any limited company; this includes wrongful trading
MEDIUM,78771_liquidating-a-charity-or-non-profit.html,wrongful trading,1480,5,yes,yes,no,no,subject to the same Insolvency Act 1986 provisions as any limited company; this includes wrongful trading under section 214 and preference claims under section 239. The Charity Commission adds a secon
MEDIUM,78781_can-i-be-sued-after-my-company-is-dissolved.html,wrongful trading,2508,2,no,no,no,no,"ur own personal contracts (guarantees), your own conduct as a director (fiduciary duties, wrongful trading, fraud), or from the regulator's interest in your fitness to act as a director. Each of those"
MEDIUM,78797_what-happens-if-a-director-resigns-before-liquidation.html,transaction at an undervalue,4970,2,no,no,no,no,"uct while in office. Transaction avoidance (sections 238-239). If you authorised transactions at undervalue or preferential payments while you were a director, the liquidator can pursue those transact"
MEDIUM,78797_what-happens-if-a-director-resigns-before-liquidation.html,wrongful trading,1547,8,yes,no,no,yes,"r liability for actions taken while you were a director. The liquidator can pursue wrongful trading claims, misfeasance claims, and transaction avoidance claims against former directors. The Insolvenc"
MEDIUM,78825_paying-staff-but-not-hmrc-before-liquidation.html,National Insurance Fund,6890,4,no,no,no,no,"case. The statutory framework provides substantial protection for employees. The National Insurance Fund. As we explain in our guide to employee rights in liquidation , employees of insolvent companie"
MEDIUM,78825_paying-staff-but-not-hmrc-before-liquidation.html,preferential debt / creditor,647,12,yes,no,no,no,"arithmetic. It cares about the statutory creditor priority order , and HMRC is a preferential creditor for certain debts. Paying staff ahead of HMRC can create a preference under section 239 of the In"
MEDIUM,78825_paying-staff-but-not-hmrc-before-liquidation.html,wrongful trading,816,5,yes,no,no,no,"a preference under section 239 of the Insolvency Act 1986, and it can also form part of a wrongful trading claim against you personally. Legal Exposure Paying Staff Over HMRC Can Trigger Personal Liab"
MEDIUM,78835_whats-the-risk-of-being-disqualified-as-a-director.html,Official Receiver,1591,2,yes,no,no,no,"cked loans. Investigations are usually triggered by insolvency practitioner or official receiver conduct reports , complaints, or regulatory referrals. In insolvency cases, proceedings are generally"
MEDIUM,79236_can-i-start-a-new-company-after-liquidating-my-old-one.html,transaction at an undervalue,9751,4,no,no,no,no,"ore liquidation or have the old company ""gift"" them to the new one. These transfers are transactions at undervalue under Section 238 of the Insolvency Act 1986 and can be reversed by the liquidator fo"
MEDIUM,79246_can-i-liquidate-my-company-with-a-bounce-back-loan.html,CVA,786,3,yes,no,no,no,"ted inside a liquidation, when to act, the risks of delay, and how to choose between CVL, CVA, administration and Pay As You Grow. We also cover what a liquidator actually does with the loan once"
MEDIUM,79246_can-i-liquidate-my-company-with-a-bounce-back-loan.html,IP (insolvency practitioner),8169,5,yes,yes,no,no,"insolvent with no recovery path, a CVL started voluntarily gives you control over timing, IP choice, and the conduct report. Strike-off with a BBL outstanding is not a fourth option; it is an enforcem"
MEDIUM,79246_can-i-liquidate-my-company-with-a-bounce-back-loan.html,misfeasance,15089,2,no,no,no,no,"Section 238, the lookback is two years. For wrongful trading under Section 214 and misfeasance under Section 212, there is no fixed lookback; the test is based on conduct. The liquidator will examine "
MEDIUM,79246_can-i-liquidate-my-company-with-a-bounce-back-loan.html,preference (unlawful),5411,4,no,no,no,no,on. Delay is dangerous because it extends the lookback window for clawback claims. Preferences under Section 239 have a six-month lookback for third parties and a two-year lookback for connected parti
MEDIUM,79246_can-i-liquidate-my-company-with-a-bounce-back-loan.html,transaction at an undervalue,5536,3,no,no,no,no,"a six-month lookback for third parties and a two-year lookback for connected parties, and transactions at undervalue under Section 238 have a two-year lookback. The longer you delay, the more the liqu"
MEDIUM,79256_liquidating-a-company-with-no-assets-or-bank-account-uk.html,CVL,766,13,yes,no,no,no,"ollow doing nothing. Below, we walk through the three funding routes for a no-asset CVL, what the liquidator investigates even where there is nothing to recover (the answer: everything), and the pe"
MEDIUM,79256_liquidating-a-company-with-no-assets-or-bank-account-uk.html,IP (insolvency practitioner),1401,18,yes,no,no,no,"Creditors' Voluntary Liquidation (CVL) under s.84 IA 1986; director-initiated, IP funded by director or via Director Redundancy claim. Strike-off (DS01) under s.1003 CA 2006; only if no d"
MEDIUM,79256_liquidating-a-company-with-no-assets-or-bank-account-uk.html,Redundancy Payments Service,442,6,yes,no,no,no,"liquidated. You can fund the procedure yourself, claim Director Redundancy via the Redundancy Payments Service, or accept a creditor petition into compulsory liquidation. The formal process closes off"
MEDIUM,79256_liquidating-a-company-with-no-assets-or-bank-account-uk.html,misfeasance,9624,5,no,no,no,no,panies House Transactions at undervalue (s.238 IA 1986) Preferences (s.239 IA 1986) Misfeasance (s.212 IA 1986) Wrongful trading (s.214 IA 1986) BBL misuse (added since 2021) Where investigatio
MEDIUM,79256_liquidating-a-company-with-no-assets-or-bank-account-uk.html,preference (unlawful),7406,5,no,no,no,no,can fund the IP fee. This is legitimate provided documented as a third-party payment (not a preference under s.239 IA 1986). Creditor-funded CVL is sometimes negotiated where a major creditor sees com
MEDIUM,79256_liquidating-a-company-with-no-assets-or-bank-account-uk.html,the Gazette,4090,2,no,no,no,no,"lances paid) If any of these conditions fail, strike-off is not safe. The 2-month Gazette objection window allows HMRC and other creditors to object; and they routinely do. HMRC's automatic objection"
MEDIUM,79256_liquidating-a-company-with-no-assets-or-bank-account-uk.html,wrongful trading,564,6,yes,no,no,no,"accept a creditor petition into compulsory liquidation. The formal process closes off the wrongful trading exposure, the 2021 Act direct investigation window, and the disqualification proceedings that"
MEDIUM,79266_can-i-liquidate-a-dormant-company.html,CVL,419,17,yes,no,no,no,"R applies. A dormant company with an unpaid HMRC liability from three years ago is CVL territory regardless of how dormant it has been since. And the cheapest ""do-nothing"" route; keeping th"
MEDIUM,79266_can-i-liquidate-a-dormant-company.html,IP (insolvency practitioner),1636,7,yes,no,no,no,"bts, dormant 3+ months, HMRC cleared. MVL under s.84(1)(b) IA 1986. Flat £3,500 + VAT IP fee. Appropriate where the company has reserves to distribute under BADR 18% CGT treatment. CVL under s.8"
MEDIUM,79266_can-i-liquidate-a-dormant-company.html,MVL,280,23,yes,no,no,no,"ur asset position do. A dormant shell with £50,000 in reserves and no creditors is MVL territory, with an 18% CGT outcome where BADR applies. A dormant company with an unpaid HMRC liability"
MEDIUM,79266_can-i-liquidate-a-dormant-company.html,the Gazette,6690,6,no,no,no,no,"CA 2006. The DS01 is filed by Companies House on your behalf, the company is published in the Gazette, and unless you object within 2 months the company is dissolved. Late filing penalties. Section 45"
MEDIUM,79276_can-you-liquidate-to-avoid-paying-suppliers.html,preferential debt / creditor,3485,2,no,no,no,no,"mpany. Suppliers sit as unsecured creditors, ranking behind the liquidator's fees, preferential claims (mainly employee wages and a portion of HMRC's debt), and any secured creditors. In the average i"
MEDIUM,79285_liquidating-a-group-company-or-holding-company-in-the-uk.html,wrongful trading,10132,2,no,no,no,no,51 of the Companies Act 2006. That means the subsidiary's liquidator can pursue you for wrongful trading even if you were never formally appointed to the subsidiary's board. We advise directors of gro
MEDIUM,79295_company-voluntary-arrangement-vs-administration-which-to-choose.html,CVA,60,25,yes,no,no,yes,"Administration gives you court protection from creditors. A CVA lets you restructure your debts while you keep trading. They solve different problems, and choosing the wrong"
MEDIUM,79295_company-voluntary-arrangement-vs-administration-which-to-choose.html,IP (insolvency practitioner),1214,1,yes,yes,no,no,"r control Administrator runs the company You keep running the company, supervised by an IP Cost £15,000+ (administrator fees) £5,000–£10,000 (nominee + supervisor fees) Timeline Typically 12"
MEDIUM,79304_cva-vs-strike-off-vs-liquidation.html,CVA,156,27,yes,no,no,yes,for your situation because the internet makes them sound interchangeable. They are not. A CVA keeps the company alive under a binding agreement with creditors. Strike-off dissolves it cheaply but only
MEDIUM,79304_cva-vs-strike-off-vs-liquidation.html,CVL,720,16,yes,no,no,yes,"rs. The CVA failed at the creditor vote, he lost the professional fees, and ended up in a CVL anyway. That is the cost of choosing the wrong route. This guide sets out what each route actually doe"
MEDIUM,79304_cva-vs-strike-off-vs-liquidation.html,MVL,2119,2,no,no,no,no,"in full) and you want to close it, use strike-off if there are no material assets, or an MVL if there are retained profits to extract tax-efficiently. If the company is insolvent but the underlying bu"
MEDIUM,79322_winding-up-petition-vs-compulsory-liquidation.html,Official Receiver,2641,6,yes,yes,no,yes,"Your control You can still act, but with severe constraints All control passes to the Official Receiver Investigation Not yet started Mandatory investigation of all directors Timeline to act 6-10 week"
MEDIUM,79322_winding-up-petition-vs-compulsory-liquidation.html,validation order,7650,2,no,no,no,no,"on, and the process is generally faster and less expensive. Option 5: Apply for a validation order. If you need the company's bank accounts to remain operational pending the hearing (for example, to p"
MEDIUM,79322_winding-up-petition-vs-compulsory-liquidation.html,winding-up order (vs petition),796,6,yes,no,no,yes,"hing can be done when it can). The petition is serious, but it is not the end. The winding-up order is the end. Understanding the difference tells you exactly how much time you have and what you can d"
MEDIUM,79332_what-happens-if-a-cva-fails-mid-term.html,Official Receiver,6272,2,no,no,no,no,breach is exactly what liquidators examine. Disqualification. Liquidators and the Official Receiver must report on director conduct under the Company Directors Disqualification Act 1986. Disqualificat
MEDIUM,79332_what-happens-if-a-cva-fails-mid-term.html,advertised / advertisement (notice sense),8309,2,no,no,no,no,sessment where HMRC is a major creditor. Other creditors follow the lead. A petition advertisement in the Gazette triggers bank account freezes and effectively ends trading for most businesses. What t
MEDIUM,79332_what-happens-if-a-cva-fails-mid-term.html,preference (unlawful),6774,4,no,no,no,no,"noring creditor correspondence. All of these feature in the conduct reports we see. Preferences (s.239 IA 1986). If you paid a connected party, a family member's invoice, or your own director's loan w"
MEDIUM,79332_what-happens-if-a-cva-fails-mid-term.html,the Gazette,8326,2,no,no,no,no,RC is a major creditor. Other creditors follow the lead. A petition advertisement in the Gazette triggers bank account freezes and effectively ends trading for most businesses. What the CVA Supervisor
MEDIUM,79342_hmrc-as-a-creditor-in-liquidation.html,wrongful trading,7682,2,no,no,no,no,outes: PG-secured HMRC facilities (rare; HMRC does not typically take PG) s.214 wrongful trading contribution orders flowing from HMRC's claim in liquidation s.212 misfeasance where HMRC payments were
MEDIUM,79351_can-i-choose-my-liquidator.html,IP (insolvency practitioner),1600,19,yes,no,no,no,"any is insolvent and a formal procedure is coming, start the conversation with a licensed IP while you still have the luxury of choice. Once a petition is advertised in the London Gazette, that choice"
MEDIUM,79351_can-i-choose-my-liquidator.html,Official Receiver,410,14,yes,no,no,no,"Wait until after a petition is advertised and you lose that right altogether, with the Official Receiver or a court-appointed practitioner taking over. We see directors lose control of this every week"
MEDIUM,79351_can-i-choose-my-liquidator.html,disposition,2265,2,no,no,no,no,"nst the interests of the creditors. Section 127 means that if a winding-up order follows, dispositions of company property made after the petition was presented can be void unless the court validates "
MEDIUM,79351_can-i-choose-my-liquidator.html,wrongful trading,13180,2,no,no,no,no,"s director conduct, pursues any clawback claims (preferences, transactions at undervalue, wrongful trading), distributes the proceeds, and ultimately dissolves the company. They also file statutory re"
MEDIUM,79379_business-bank-account-in-liquidation.html,CVL,1365,3,yes,no,no,yes,d but not yet advertised: the voluntary window is still open. We've seen directors enter CVL at this stage and retain meaningful control over the process. Company in voluntary liquidation (CVL):
MEDIUM,79379_business-bank-account-in-liquidation.html,IP (insolvency practitioner),1188,2,yes,no,no,no,count frozen: you cannot legitimately make payments. Do not attempt workarounds. Call an IP today and ask about a validation order for essential payments. Petition filed but not yet advertised:
MEDIUM,79379_business-bank-account-in-liquidation.html,floating charge,11602,2,no,no,no,no,r the Finance Act 2020) Prescribed part set aside for unsecured creditors out of floating charge realisations Secured creditors with floating charges Unsecured creditors (most trade credit
MEDIUM,79379_business-bank-account-in-liquidation.html,misfeasance,12837,2,no,no,no,no,r will face personal liability for the same amount plus potentially wrongful trading and misfeasance claims under Section 212 of the Insolvency Act 1986. Opening a new account at a different bank. Any
MEDIUM,79379_business-bank-account-in-liquidation.html,preferential debt / creditor,10506,4,no,no,no,no,loyee wages but not yet paid to HMRC (though this is contested and HMRC may claim it as a preferential debt) Your duty as director here is to flag these funds to the liquidator at the earliest opportu
MEDIUM,79379_business-bank-account-in-liquidation.html,transaction at an undervalue,15601,3,no,no,no,no,"onths before liquidation to ""keep money safe"" is likely to be reversed as a preference or transaction at undervalue. The liquidator will investigate every unusual transfer. A validation order is a cou"
MEDIUM,79379_business-bank-account-in-liquidation.html,validation order,1213,11,yes,no,no,no,legitimately make payments. Do not attempt workarounds. Call an IP today and ask about a validation order for essential payments. Petition filed but not yet advertised: the voluntary window is still o
MEDIUM,79379_business-bank-account-in-liquidation.html,winding-up order (vs petition),282,7,yes,no,no,no,"tion was presented are potentially void under Section 127 of the Insolvency Act 1986 if a winding-up order is later made. If you're reading this because your account has just frozen, you have days, no"
MEDIUM,79387_use-a-cva-to-close-a-company.html,Official Receiver,6012,2,no,no,no,no,"n petition for winding up. The £352 court fee for a winding-up petition and the £2,600 Official Receiver deposit for a creditor petition are waiting at the end of that road. The CVA bought delay, not "
MEDIUM,79387_use-a-cva-to-close-a-company.html,misfeasance,13306,2,no,no,no,no,"ll object to the application. Using strike-off to escape debts without addressing them is misfeasance and can result in the company being restored to the register, with directors facing personal claim"
MEDIUM,79396_director-conduct-review.html,preference (unlawful),3030,3,no,no,no,no,"he circumstances in which the company became insolvent, any transactions at undervalue or preferences, any wrongful or fraudulent trading, and any personal benefit the directors derived at the expense"
MEDIUM,79404_uk-insolvency-glossary.html,CVA,663,8,yes,no,no,no,"tation not knowing the difference between insolvency and liquidation, between a CVL and a CVA, or between a fixed charge and a floating charge. These are not academic distinctions. Each one changes wh"
MEDIUM,79404_uk-insolvency-glossary.html,CVL,653,8,yes,no,no,no,"rst consultation not knowing the difference between insolvency and liquidation, between a CVL and a CVA, or between a fixed charge and a floating charge. These are not academic distinctions. Each one "
MEDIUM,79404_uk-insolvency-glossary.html,IP (insolvency practitioner),1257,5,yes,no,no,no,see used when creditor pressure on your company is intense. An administrator (a licensed IP) takes control of the company under court protection. An automatic moratorium prevents all creditor enforcem
MEDIUM,79404_uk-insolvency-glossary.html,floating charge,700,7,yes,no,no,no,"ween insolvency and liquidation, between a CVL and a CVA, or between a fixed charge and a floating charge. These are not academic distinctions. Each one changes what happens to your company, your cred"
MEDIUM,79404_uk-insolvency-glossary.html,moratorium,1327,3,yes,no,no,no,"strator (a licensed IP) takes control of the company under court protection. An automatic moratorium prevents all creditor enforcement during administration. Purpose: rescue the company, achieve a bet"
MEDIUM,79404_uk-insolvency-glossary.html,preference (unlawful),3211,3,no,no,no,no,onnected parties in the two years before insolvency face heightened scrutiny and presumed preference. Contribution order. A court order under section 214 (wrongful trading) requiring a director to con
MEDIUM,79412_uk-insolvency-flowchart.html,Time to Pay,1472,2,no,no,no,no,"letters, calls, early-stage demands): Try informal negotiation first. Contact HMRC for a Time to Pay arrangement. Explore invoice finance or refinancing. See our guide to alternatives to liquidation ."
MEDIUM,79412_uk-insolvency-flowchart.html,moratorium,1887,2,no,no,no,no,"High (winding-up petition filed or imminent): Administration provides a court-ordered moratorium on all creditor action. This is the strongest rescue tool but the most expensive. Alternatively, pay th"
MEDIUM,79423_insolvency-checklist.html,CVL,11992,3,no,no,no,no,"cility, key creditor pressure) Alternatives considered (refinance, CVA, administration, CVL, continuing trade) Professional advice received (accountant, tax adviser, IP, lawyer; by name and date) D"
MEDIUM,79423_insolvency-checklist.html,misfeasance,1451,2,yes,no,no,no,"nce exposure is automatic. Assess your personal exposure. PGs, DLA, wrongful trading, misfeasance, HMRC PLN. Brief your staff honestly. TULRCA 1992 s.188 collective consultation rules apply. Check you"
MEDIUM,79423_insolvency-checklist.html,wrongful trading,1433,6,yes,no,no,no,"ts. s.239 preference exposure is automatic. Assess your personal exposure. PGs, DLA, wrongful trading, misfeasance, HMRC PLN. Brief your staff honestly. TULRCA 1992 s.188 collective consultation rules"
MEDIUM,79445_list-of-liquidation-documents.html,floating charge,2059,2,no,no,no,no,"members (shareholders) Register of charges (secured creditors, debentures, fixed and floating charges) Board minutes for at least the last 3 years, and all minutes relating to financial decisions, bor"
MEDIUM,79445_list-of-liquidation-documents.html,preference (unlawful),3865,2,no,no,no,no,"ut of the company's accounts for the two years before liquidation. They are looking for preferences (payments to connected parties), transactions at undervalue (assets sold below market value), and pa"
MEDIUM,79455_insolvency-vs-bankruptcy.html,IVA,1207,1,yes,yes,no,no,"Main routes CVL, MVL, administration, CVA, compulsory liquidation Bankruptcy order, IVA, DRO, debt management plan Who controls the process Licensed insolvency practitioner or Official Receiver"
MEDIUM,79455_insolvency-vs-bankruptcy.html,Official Receiver,1303,2,yes,yes,no,no,"RO, debt management plan Who controls the process Licensed insolvency practitioner or Official Receiver Official Receiver or trustee in bankruptcy Effect on the entity Company is wound up and dissolve"
MEDIUM,79455_insolvency-vs-bankruptcy.html,wrongful trading,2374,4,no,no,no,no,"unless you gave personal guarantees, have an overdrawn director's loan account, or face a wrongful trading contribution order. We stress this because directors who conflate company insolvency with per"
MEDIUM,79463_insolvency-myths-debunked.html,CVL,2569,8,no,no,no,no,ation application from HMRC. The legal costs of defending the restoration exceeded what a CVL would have cost in the first place. The £13 strike-off fee was the most expensive saving they ever made.
MEDIUM,79463_insolvency-myths-debunked.html,preferential debt / creditor,5072,3,no,no,no,no,"Just Another Unsecured Creditor Reality: Since December 2020, HMRC has secondary preferential creditor status for PAYE, employee NICs, VAT, CIS deductions, and student loan repayments. These taxes; th"
MEDIUM,79463_insolvency-myths-debunked.html,wrongful trading,572,7,yes,no,no,no,lean exit creates personal liability that follows them for years. A director who confuses wrongful trading with criminal prosecution panics when they should be planning. Every myth on this page costs 
MEDIUM,79472_should-i-close-my-company-or-try-to-save-it.html,CVA,1414,9,yes,yes,no,no,"editor action is imminent Director control You retain control (informal) or share it (CVA/administration) Control transfers to the liquidator Creditor pressure Can be paused (moratorium, CVA, ad"
MEDIUM,79472_should-i-close-my-company-or-try-to-save-it.html,CVL,1764,5,yes,yes,no,no,"trade while insolvent Cost Variable: informal is low-cost, CVA/admin is £5k to £20k+ CVL from £5k, compulsory from £0 (creditor-initiated) Timeline Weeks to months for informal; 12+ months for C"
MEDIUM,79472_should-i-close-my-company-or-try-to-save-it.html,wrongful trading,365,6,yes,no,no,no,ery month you continue trading an insolvent company increases your personal exposure to a wrongful trading claim. Every month you delay closing a viable company burns cash that could have been preserv
MEDIUM,79480_when-should-a-director-stop-trading.html,wrongful trading,676,11,yes,no,no,yes,"any's deficiency, and the liquidator calculates that increase as the starting point for a wrongful trading claim against you personally. We have written this page to help you identify the point at whi"
MEDIUM,79489_seek-insolvency-advice-before-missing-payments.html,CVA,1809,4,yes,yes,no,no,"Directors who call after the first statutory demand has been served often find the CVA route is already closed (creditors won't agree), administration is too expensive, and the choice has narrowed"
MEDIUM,79489_seek-insolvency-advice-before-missing-payments.html,CVL,1926,4,yes,yes,no,no,"(creditors won't agree), administration is too expensive, and the choice has narrowed to CVL or compulsory liquidation. The difference is not the size of the debt; it is the timing of the conversation"
MEDIUM,79489_seek-insolvency-advice-before-missing-payments.html,wrongful trading,803,6,yes,no,no,no,"ho waited three months past this point, hoping things would improve. The hope cost them a wrongful trading claim. Quick Answer: When Should You Seek Insolvency Advice? Before you miss a payment. Befor"
MEDIUM,79515_can-directors-go-to-prison-for-company-debt.html,preference (unlawful),5840,2,no,no,no,no,Misfeasance (section 212): Civil. You pay compensation for breach of duty. No prison. Preference/undervalue claims (sections 238 to 239): Civil. The transaction is reversed. No prison for you (though 
MEDIUM,79529_what-happens-if-a-director-hides-company-assets.html,preference (unlawful),2655,7,no,no,no,no,"ther is true. The lookback period for transactions at undervalue is two years. For preferences to connected parties, it is also two years. And for fraud, there is no time limit at all. What Counts"
MEDIUM,79537_can-a-director-be-sued-personally-by-creditors.html,officeholder / office-holder,6582,2,no,no,no,no,"g premises, but not the director's home, to enforce a company judgment. Insolvency Office-Holder Claims: Wrongful Trading and Contribution Orders If the company goes into liquidation, the liquidator"
MEDIUM,79537_can-a-director-be-sued-personally-by-creditors.html,wrongful trading,1505,13,yes,no,no,yes,"Company has entered liquidation: the liquidator can bring claims against you for wrongful trading, misfeasance, preferences, or overdrawn director's loan accounts. These are separate from creditor cla"
MEDIUM,79545_what-happens-if-a-director-transfers-assets-before-insolvency.html,transaction at an undervalue,732,8,yes,no,no,no,"ases recover. The Insolvency Act 1986 gives the liquidator a two-year lookback window for transactions at undervalue and connected-party preferences, and for fraud there is no time limit at all. Legal"
MEDIUM,79553_can-directors-pay-themselves-before-liquidation.html,National Insurance Fund,10239,2,no,no,no,no,"y pay, and notice pay when the company enters liquidation. These are paid from the National Insurance Fund via the Insolvency Service, not from company assets, and they are a legitimate recovery for a"
MEDIUM,79553_can-directors-pay-themselves-before-liquidation.html,misfeasance,11887,2,no,no,no,no,you can be ordered to contribute to the company's assets personally. Section 212 (misfeasance). A summary remedy the liquidator can use against directors who have misapplied company money or breached 
MEDIUM,79553_can-directors-pay-themselves-before-liquidation.html,transaction at an undervalue,4920,4,no,no,no,no,yroll. Both patterns look like extraction to a liquidator. Both can be attacked as transactions at undervalue under section 238 if the company received nothing equivalent in return. If your business i
MEDIUM,79563_what-happens-if-hmrc-freezes-your-business-bank-account.html,advertised / advertisement (notice sense),2824,3,no,no,no,no,"of the Insolvency Act 1986 , produces a de facto freeze when a winding-up petition is advertised in The Gazette. Banks stop processing company transactions because any post-petition disposition of com"
MEDIUM,79563_what-happens-if-hmrc-freezes-your-business-bank-account.html,disposition,2920,3,no,no,no,no,ised in The Gazette. Banks stop processing company transactions because any post-petition disposition of company property is void without court validation. This is technically not a freeze order; it i
MEDIUM,79563_what-happens-if-hmrc-freezes-your-business-bank-account.html,moratorium,8614,2,no,no,no,no,"r essentials) while the petition is pending. Enter administration , the statutory moratorium stops the petition and permits normal banking operations to resume under administrator control. Succe"
MEDIUM,79563_what-happens-if-hmrc-freezes-your-business-bank-account.html,the Gazette,2838,3,no,no,no,no,"vency Act 1986 , produces a de facto freeze when a winding-up petition is advertised in The Gazette. Banks stop processing company transactions because any post-petition disposition of company propert"
MEDIUM,79571_what-happens-if-hmrc-sends-bailiffs-to-a-business.html,wrongful trading,6620,2,no,no,no,no,Personal Liability Notices for unpaid NIC where fraud or neglect is established. Wrongful trading findings in subsequent liquidation where continued trading was unjustifiable. Director disqualificat
MEDIUM,79580_can-hmrc-shut-down-my-business.html,CVL,11157,2,no,no,no,no,"ts can assess the position, negotiate with HMRC directly, and implement administration or CVL where those are the right answers. Call us free on 0800 074 6757 for immediate confidential advice, well b"
MEDIUM,79580_can-hmrc-shut-down-my-business.html,moratorium,5686,3,no,no,no,no,"al suppliers) while the petition is pending. Enter administration , the statutory moratorium stops the petition and permits banking under administrator control. Dispute the petition , rare at th"
MEDIUM,79580_can-hmrc-shut-down-my-business.html,presented (vs served),1322,9,yes,no,no,no,"tatutory demand for debts over £750, giving 21 days to pay. Winding-up petition presented to the court if the demand is unpaid. Petition advertised in The Gazette (typically 7 working days a"
MEDIUM,79580_can-hmrc-shut-down-my-business.html,validation order,5505,4,no,no,no,no,"Pay the petitioning debt in full and apply for petition dismissal. Apply for a validation order , a specific court order authorising particular payments (payroll, essential suppliers) while the petiti"
MEDIUM,79580_can-hmrc-shut-down-my-business.html,winding-up order (vs petition),1639,5,yes,no,no,no,"6 once the petition is advertised. Court hearing 4–6 weeks after advertisement. Winding-up order made unless petition is settled, dismissed, or replaced by administration. Official Receiver appointe"
MEDIUM,79580_can-hmrc-shut-down-my-business.html,wrongful trading,9697,2,no,no,no,no,Personal Liability Notices for unpaid NIC where fraud or neglect is established. Wrongful trading findings where continued trading after cash-flow insolvency was unavoidable. Director disqualificati
MEDIUM,79588_what-happens-if-you-ignore-hmrc-letters.html,CVL,7705,2,no,no,no,no,"onversations directly, model formal-process alternatives, and implement administration or CVL where the underlying business cannot absorb the tax bill. Call us free on 0800 074 6757 for confidential a"
MEDIUM,79588_what-happens-if-you-ignore-hmrc-letters.html,advertised / advertisement (notice sense),2810,2,no,no,no,no,"Statutory demand , 21-day clock to petition. Winding-up petition filed and advertised in The Gazette. See Can HMRC Shut Down My Business . Typical timeline from first reminder to petit"
MEDIUM,79588_what-happens-if-you-ignore-hmrc-letters.html,misfeasance,5917,2,no,no,no,no,"C debt while trading is strong evidence of both the insolvency and the knowledge. Misfeasance under section 212 of the Insolvency Act 1986, particularly where director-connected payments continued whi"
MEDIUM,79596_what-happens-if-hmrc-rejects-your-time-to-pay-arrangement.html,CVA,6805,3,no,no,no,no,"e the cash is genuinely not there, a second proposal will not fix that. Administration or CVA may be the better route, and early instruction preserves the options. Freeze dividends and director d"
MEDIUM,79596_what-happens-if-hmrc-rejects-your-time-to-pay-arrangement.html,IP (insolvency practitioner),7490,7,yes,yes,no,no,"n Keeps trading Director control Protects creditors Cost range Revised TTP (with IP) Yes Retained Partial, interest continues IP fee £1–3k CVA Yes Retained Binding compromise, 3–5 y"
MEDIUM,79596_what-happens-if-hmrc-rejects-your-time-to-pay-arrangement.html,Time to Pay,82,30,yes,no,no,yes,"The call from HMRC, or the flat line in the portal, ""we are unable to accept your Time to Pay proposal"", lands with a specific kind of gravity. The cash flow plan you built the quarter around has just"
MEDIUM,79596_what-happens-if-hmrc-rejects-your-time-to-pay-arrangement.html,preference (unlawful),7049,2,no,no,no,no,to connected parties while HMRC is unpaid is evidence against any fresh TTP and potential preference evidence in subsequent insolvency. Your Main Options After HMRC Refuses Time to Pay Four rea
MEDIUM,79596_what-happens-if-hmrc-rejects-your-time-to-pay-arrangement.html,statutory demand,3999,2,no,no,no,no,"ake control of company goods under the Taking Control of Goods Regulations 2013. Statutory demand , followed by winding-up petition where the debt exceeds £750 and remains unpaid. The window bet"
MEDIUM,79606_what-happens-if-a-creditor-takes-me-to-court.html,advertised / advertisement (notice sense),2850,2,no,no,no,no,"nce Winding-up petition filed at court (£2,943+ in fees and deposit) Petition advertised in London Gazette: bank account frozen within hours Court hearing: winding-up order granted, Official R"
MEDIUM,79606_what-happens-if-a-creditor-takes-me-to-court.html,statutory demand,383,18,yes,no,no,no,s into insolvency. We speak to directors every week who received a claim form or a statutory demand and did nothing because they assumed it was a bluff or hoped it would go away. It does not go away. 
MEDIUM,79606_what-happens-if-a-creditor-takes-me-to-court.html,the Gazette,2864,4,no,no,no,no,"ing-up petition filed at court (£2,943+ in fees and deposit) Petition advertised in London Gazette: bank account frozen within hours Court hearing: winding-up order granted, Official Receiver appointe"
MEDIUM,79606_what-happens-if-a-creditor-takes-me-to-court.html,wrongful trading,8870,2,no,no,no,no,"verdrawn director's loan account You continued trading while the company was insolvent (wrongful trading exposure under section 214 ) HMRC issues a personal liability notice for unpaid PAYE, NICs, or "
MEDIUM,79615_can-a-supplier-force-my-company-into-liquidation.html,disposition,10064,2,no,no,no,no,"e it is served on the company. Section 127 voids post-petition transactions. Any disposition of company property made between the petition date and the winding-up order is potentially void, unless the"
MEDIUM,79615_can-a-supplier-force-my-company-into-liquidation.html,moratorium,12870,2,no,no,no,no,tor than letting compulsory liquidation happen. Administration in particular triggers a moratorium under Schedule B1 of the Insolvency Act 1986 that stops the petition in its tracks. Director Duties W
MEDIUM,79615_can-a-supplier-force-my-company-into-liquidation.html,presented (vs served),1442,4,yes,yes,no,no,"commencement of winding up is void, and winding up commences on the date the petition is presented, not the date the order is made. Banks monitor the London Gazette and freeze company accounts automat"
MEDIUM,79615_can-a-supplier-force-my-company-into-liquidation.html,restrain / restraining advertisement,12201,4,no,no,no,no,"he supplier can change their mind and the petition continues. Apply to dismiss or restrain. If the debt is genuinely disputed on substantial grounds, or if the petition contains procedural defects, a"
MEDIUM,79615_can-a-supplier-force-my-company-into-liquidation.html,served / service,3149,4,no,no,no,no,uses are: Section 123(1)(a): a statutory demand for a debt exceeding £750 has been served and remains unpaid (or unsecured) for 21 clear days Section 123(1)(e) and 123(2): evidence that the
MEDIUM,79615_can-a-supplier-force-my-company-into-liquidation.html,validation order,1738,4,yes,yes,no,no,"wages, supplier payments, and HMRC, can be unwound by the liquidator unless you obtain a validation order from the court before making them. Quick answer if a supplier has just threatened action"
MEDIUM,79847_winding-up-petition-tracker.html,the Gazette,417,11,yes,no,no,no,"urt to close a company. This page counts the petitions advertised against UK companies in The Gazette each month, and shows how many convert into winding-up orders. Publication"
MEDIUM,79850_payment-practices-late-payment.html,Time to Pay,1002,1,no,no,no,no,Latest reporting period 34.5 days Average time to pay an invoice Across all reporting businesses Department for Business and Trade
MEDIUM,80581_management-consultancy-insolvency-statistics.html,advertised / advertisement (notice sense),17410,3,no,no,no,no,"as a Company Voluntary Arrangement or administration . Once a winding-up petition is advertised, the bank account is usually frozen within days, and at that point creditors' voluntary liquidation may "
MEDIUM,80584_architectural-engineering-insolvency-statistics.html,advertised / advertisement (notice sense),16481,3,no,no,no,no,"as a Company Voluntary Arrangement or administration . Once a winding-up petition is advertised, the bank account is usually frozen within days, and at that point creditors' voluntary liquidation may "
MEDIUM,8324_cant-pay-paye.html,floating charge,2472,2,no,no,no,no,"preferential debts since December 2020. In liquidation, HMRC's PAYE claim ranks ahead of floating charge holders and unsecured creditors in the creditor priority order . This means HMRC recovers more "
MEDIUM,8324_cant-pay-paye.html,preferential debt / creditor,811,5,yes,no,no,no,"ally: HMRC can issue personal liability notices to directors for unpaid PAYE, and it is a preferential debt in insolvency. We see directors who treated PAYE as a flexible cash-flow buffer discover tha"
MEDIUM,8350_hmrc-threatening-letters.html,distraint / distrain,3611,3,no,no,no,no,"ditor. Three features shape its enforcement behaviour: Statutory powers , DRD, distraint, security bond demands, Personal Liability Notices. None of these require HMRC to obtain a court judgment fir"
MEDIUM,8350_hmrc-threatening-letters.html,statutory demand,374,9,yes,no,no,no,"RC's published escalation ladder (routine reminder, formal demand, Notice of Enforcement, statutory demand, or petition warning) and each has a different procedural weight that you need to read carefu"
MEDIUM,8350_hmrc-threatening-letters.html,wrongful trading,5178,2,no,no,no,no,"he Insolvency Act 1986 . Director-level escalation , Personal Liability Notices, wrongful trading claims, disqualification proceedings. The arithmetic on our open files is consistent: responding at"
MEDIUM,8358_what-is-an-insolvency-practitioner.html,Schedule B1,3083,2,no,no,no,no,"245. Distributes proceeds to creditors and dissolves the company. Administrator (Schedule B1 IA 1986). Takes over management to rescue the company as a going concern, achieve a better result for credi"
MEDIUM,8358_what-is-an-insolvency-practitioner.html,statutory demand,123,3,yes,no,no,no,"night, and you are typing ""how to find an insolvency practitioner"" into Google because a statutory demand landed on the doormat at five. Your accountant has suggested you need ""an IP"", but has not exp"
MEDIUM,8396_pre-packs.html,Schedule 6,12745,2,no,no,no,no,"ured lender, preferential claims rank next. These are employee wages capped at £800 under Schedule 6 of the Insolvency Act 1986, holiday pay, and the Crown preference for VAT, PAYE and employee NIC re"
MEDIUM,8396_pre-packs.html,floating charge,6183,3,no,no,no,no,"ourt appointment route under paragraph 22 of Schedule B1, where directors or a qualifying floating charge holder file a notice of appointment at court. A court order is required only where someone is "
MEDIUM,8396_pre-packs.html,preference (unlawful),4490,5,no,no,no,no,"ude a single dominant trade creditor likely to challenge the sale on the basis of a clear preference. It is also not suitable where HMRC's secondary preferential claim for VAT, PAYE and employee NIC i"
MEDIUM,8396_pre-packs.html,preferential debt / creditor,4552,4,no,no,no,no,"ale on the basis of a clear preference. It is also not suitable where HMRC's secondary preferential claim for VAT, PAYE and employee NIC is large enough that a CVL with full asset realisation would in"
MEDIUM,8408_problems-paying-corporation-tax-hmrc.html,Time to Pay,1020,15,yes,no,no,yes,any longer. That is the point most directors go looking for help. HMRC may agree a Time to Pay arrangement where the proposal is affordable and the company can keep up with its current tax liabilities
MEDIUM,8414_time-to-pay-hmrc.html,IP (insolvency practitioner),8877,4,yes,yes,no,no,debt is unmanageable and the business cannot be rescued. Closes the company; preserves IP choice and timing if you act before petition. What You Should Do Right Now About HMRC Time to Pa
MEDIUM,8414_time-to-pay-hmrc.html,statutory demand,6495,3,no,no,no,no,"If none of those work and HMRC proceeds to enforcement, the next step is typically a statutory demand followed by a winding-up petition under section 124 of the Insolvency Act 1986. At that point the "
MEDIUM,9443_cant-pay-vat.html,served / service,2729,3,no,no,no,no,k balance. Contact HMRC before enforcement starts. Phone the Business Payment Support Service on 0300 200 3835. Early contact keeps every option open. Keep records of cash flow and decisions. If the c
MEDIUM,9702_receivership-mean-business.html,Schedule B1,4004,3,no,no,no,no,"Banks with post-2003 lending use administration instead. The administration regime under Schedule B1 of the Insolvency Act 1986 provides the moratorium banks and large secured creditors actually want,"
MEDIUM,9702_receivership-mean-business.html,wrongful trading,10551,2,no,no,no,no,"ses separately: most commonly from personal guarantees you have given to the lender, from wrongful trading if you allowed the company to incur liabilities when there was no reasonable prospect of avoi"
LOW,10562_personal-liability-notices.html,IP (insolvency practitioner),7044,3,yes,no,no,no,"tions to ensure NIC was paid (prioritisation of PAYE/NIC over other creditors , licensed IP advice contemporaneously, attempted TTP negotiations with HMRC). Calculation errors , the NIC figure"
LOW,10562_personal-liability-notices.html,IVA,8805,3,yes,no,no,no,"y practitioner , to assess personal cash-flow position and advise on payment arrangement, IVA, or bankruptcy where appropriate. Our licensed IPs and business rescue specialists can assess the p"
LOW,10562_personal-liability-notices.html,Time to Pay,5922,5,no,no,no,no,"with HMRC where the liability is accepted but full payment is not immediately possible. Time to Pay on personal tax is possible, with terms typically 6–24 months. Consider personal insolvency , Indivi"
LOW,10562_personal-liability-notices.html,preference (unlawful),8302,1,no,no,no,no,"e reasoning, the alternatives considered, the advice taken. Avoid connected-party preference payments , PLN cases frequently surface director's loan repayments made while PAYE/NIC went unpaid."
LOW,10564_security-bond-notices.html,Schedule B1,7120,1,no,no,no,no,"ituation, administration is frequently the cleanest route. The statutory moratorium under Schedule B1 of the Insolvency Act 1986 halts the NOR enforcement along with other HMRC action. Your Next Step "
LOW,10564_security-bond-notices.html,Time to Pay,2404,1,yes,no,no,no,"ith HMRC arrears. Persistent late compliance , repeated late VAT or PAYE filings, TTP breaches. Sector-risk indicators , HMRC applies elevated scrutiny in specific industries (constructio"
LOW,10564_security-bond-notices.html,moratorium,7103,1,no,no,no,no,"answer for your situation, administration is frequently the cleanest route. The statutory moratorium under Schedule B1 of the Insolvency Act 1986 halts the NOR enforcement along with other HMRC action"
LOW,10930_distraint-order-notice.html,Time to Pay,3177,4,yes,no,no,no,he goods while the agent retains legal possession. CGA gives 7+ days to settle or arrange TTP. Refusing a CGA triggers immediate removal of goods and the Enforcement Stage 2 fee (£495 + 7.5% over £
LOW,10930_distraint-order-notice.html,advertised / advertisement (notice sense),7733,1,no,no,no,no,"ede petitions by 60-120 days. Bank freeze risk. Once a petition is presented, Gazette advertisement triggers proactive bank freeze under s.127 IA 1986 voidance risk. Our advice is rarely ""ride this ou"
LOW,10930_distraint-order-notice.html,presented (vs served),7714,1,no,no,no,no,"sits typically precede petitions by 60-120 days. Bank freeze risk. Once a petition is presented, Gazette advertisement triggers proactive bank freeze under s.127 IA 1986 voidance risk. Our advice i"
LOW,10930_distraint-order-notice.html,the Gazette,7725,1,no,no,no,no,"lly precede petitions by 60-120 days. Bank freeze risk. Once a petition is presented, Gazette advertisement triggers proactive bank freeze under s.127 IA 1986 voidance risk. Our advice is rarely"
LOW,11193_hmrc-compliance-checks.html,CVA,13942,1,no,no,no,no,"reatens your business viability, we can act as the licensed Insolvency Practitioner for a CVA, Administration, or CVL under separate engagement."
LOW,11193_hmrc-compliance-checks.html,CVL,13966,1,no,no,no,no,"ability, we can act as the licensed Insolvency Practitioner for a CVA, Administration, or CVL under separate engagement."
LOW,11193_hmrc-compliance-checks.html,IP (insolvency practitioner),8951,1,yes,no,no,no,"e business is already stretched, that overlap deserves separate attention from a licensed IP. In our experience, directors who treat the two problems as one tend to make concessions during the check t"
LOW,11229_security-bonds.html,IP (insolvency practitioner),5981,3,yes,no,no,no,ectors Disqualification Act 1986 frequently follows. We see this pattern regularly in our IP practice. Challenging an HMRC Security Bond Two routes to reduce or cancel a bond: R
LOW,11229_security-bonds.html,distraint / distrain,5548,1,no,no,no,no,"parallel enforcement on any existing arrears, statutory demand, winding-up petition , distraint . The security notice does not replace those routes. If you have previously liquidated a business w"
LOW,11229_security-bonds.html,statutory demand,5506,1,no,no,no,no,"nivance, or neglect. HMRC can open parallel enforcement on any existing arrears, statutory demand, winding-up petition , distraint . The security notice does not replace those routes. If you have"
LOW,11384_hmrc-tax-investigations.html,IP (insolvency practitioner),7429,2,yes,no,no,no,llel insolvency advice if the likely settlement threatens business viability. A licensed IP can model cash-flow impact and formal-process alternatives. When an HMRC Investigation Signals Wide
LOW,11516_joint-and-several-liability-for-unpaid-vat.html,Schedule B1,9974,1,no,no,no,no,exists progress to criminal investigation. Yes. The statutory moratorium under Schedule B1 of the Insolvency Act 1986 halts HMRC enforcement including JSL recovery. Where the assessment is being app
LOW,11516_joint-and-several-liability-for-unpaid-vat.html,distraint / distrain,4569,1,no,no,no,no,"r deliberate. Full HMRC enforcement toolkit , see HMRC Enforcement Action . DRD, distraint, statutory demand, winding-up petition. Risk of criminal investigation , particularly for MTIC cases"
LOW,11516_joint-and-several-liability-for-unpaid-vat.html,statutory demand,4580,1,no,no,no,no,"e. Full HMRC enforcement toolkit , see HMRC Enforcement Action . DRD, distraint, statutory demand, winding-up petition. Risk of criminal investigation , particularly for MTIC cases where the ""knew or"
LOW,11644_notice-of-enforcement.html,IP (insolvency practitioner),6655,1,yes,no,no,no,"lly if grounds exist, County Court application to restrain enforcement. Licensed IP advice if the NoE signals broader insolvency, administration produces a statutory moratorium. The"
LOW,11644_notice-of-enforcement.html,Schedule B1,9013,1,no,no,no,no,"pliance stage saves everything beyond £75. Yes. The statutory moratorium under Schedule B1 of the Insolvency Act 1986 halts most creditor action, including enforcement under an NoE. For businesses f"
LOW,11644_notice-of-enforcement.html,Time to Pay,2367,6,yes,no,no,no,notices issued. Formal demand from Debt Management. Phone contact offering Time to Pay negotiation. Field force visit for larger debts. NoE served (this document). By the
LOW,11644_notice-of-enforcement.html,statutory demand,5944,1,no,no,no,no,"fees first, then the underlying debt. Parallel HMRC escalation : HMRC can pursue statutory demand and winding-up petition for any shortfall. For a £5,000 debt, the full statutory agent fees run"
LOW,11788_frozen-bank-account.html,CVL,4534,1,no,no,no,no,"benefit the company's creditors. Step 5: If the company is insolvent, consider a CVL . Initiating a voluntary liquidation before the court hearing converts the process from creditor-driven to d"
LOW,11788_frozen-bank-account.html,Time to Pay,6625,1,no,no,no,no,"ement team immediately to negotiate. In some cases, the order can be varied or a Time to Pay arrangement can replace it. What to Do About a Frozen Bank Account Right Now Call the bank."
LOW,11788_frozen-bank-account.html,validation order,1838,9,yes,no,no,no,before you do anything else. The cause determines the remedy. A Gazette freeze requires a validation order. An HMRC order requires negotiation with HMRC. A bank set-off requires negotiation with the b
LOW,12958_controlled-goods-agreement.html,Time to Pay,8218,1,no,no,no,no,"seven-day window is your last, cheapest opportunity to stop the process. A payment or a Time to Pay arrangement agreed inside the seven days prevents the visit entirely. If you ignore the notice, our "
LOW,12979_what-can-hmrc-bailiffs-take.html,IP (insolvency practitioner),5342,1,yes,no,no,no,Time to Pay with HMRC directly . Accepted TTP stops enforcement. Take licensed IP advice if the bailiff visit signals broader insolvency. Administration's statutory moratorium halts the enfo
LOW,12979_what-can-hmrc-bailiffs-take.html,Time to Pay,5254,4,yes,no,no,yes,. £75 fee only; avoids £235+ enforcement fee and any removal costs. Negotiate a Time to Pay with HMRC directly . Accepted TTP stops enforcement. Take licensed IP advice if the bailiff visit s
LOW,12979_what-can-hmrc-bailiffs-take.html,debenture,4701,1,no,no,no,no,"ship . Hire-purchase agreements, lease contracts, supplier ROT clauses, bank fixed-charge debentures. Keep copies accessible at your premises. Verify agent certification on arrival. Certified agents m"
LOW,13029_understanding-hmrc-debt-collection.html,IP (insolvency practitioner),4100,2,yes,no,no,no,"hly amounts, and credible assurance of future compliance. Typically 6–12 months. Licensed IP involvement often shifts the outcome in your favour. Rejection triggers: prior TTP breach, persistent"
LOW,13029_understanding-hmrc-debt-collection.html,Schedule B1,8461,1,no,no,no,no,ys to object before the deduction is made. Yes. The statutory moratorium under Schedule B1 of the Insolvency Act 1986 halts HMRC enforcement from the moment the administrator is appointed (or from fil
LOW,13029_understanding-hmrc-debt-collection.html,Time to Pay,1965,18,yes,no,no,yes,ate filing or late payment. Phone contact from Debt Management officers offering Time to Pay arrangements. Formal demand letters escalating the tone and warning of next steps. This is
LOW,13029_understanding-hmrc-debt-collection.html,advertised / advertisement (notice sense),5326,1,no,no,no,no,"n unpaid statutory demand . Court fee £352 plus £2,600 Official Receiver deposit. Advertisement in The Gazette freezes your company bank accounts under section 127 of the Insolvency Act 1986 . At that"
LOW,13029_understanding-hmrc-debt-collection.html,moratorium,8444,1,no,no,no,no,axpayer has 30 days to object before the deduction is made. Yes. The statutory moratorium under Schedule B1 of the Insolvency Act 1986 halts HMRC enforcement from the moment the administrator is appo
LOW,13029_understanding-hmrc-debt-collection.html,statutory demand,5246,1,no,no,no,no,"HMRC The final HMRC collection step: a winding-up petition following an unpaid statutory demand . Court fee £352 plus £2,600 Official Receiver deposit. Advertisement in The Gazette freezes your comp"
LOW,13029_understanding-hmrc-debt-collection.html,the Gazette,5343,1,no,no,no,no,"ry demand . Court fee £352 plus £2,600 Official Receiver deposit. Advertisement in The Gazette freezes your company bank accounts under section 127 of the Insolvency Act 1986 . At that point, our lice"
LOW,13513_statement-of-affairs.html,IP (insolvency practitioner),3486,1,yes,no,no,no,"-up value. Fixed assets, at forced-sale valuation. Intangible assets, including goodwill, IP, and customer lists. Secured creditors , the holder of any fixed or floating charge, the nature of th"
LOW,13513_statement-of-affairs.html,Official Receiver,2145,4,yes,no,no,no,"ys of the winding-up order under section 131 of the Insolvency Act 1986, delivered to the Official Receiver. Extensions are granted sparingly. Creditors' voluntary liquidation (CVL) , submitted to the"
LOW,13513_statement-of-affairs.html,Schedule B1,2515,1,no,no,no,no,"t point. Administration , the administrator may require one under paragraph 47 of Schedule B1 of the Insolvency Act 1986, usually within 11 days of the requirement being served. Administrative re"
LOW,13513_statement-of-affairs.html,floating charge,3565,1,no,no,no,no,"goodwill, IP, and customer lists. Secured creditors , the holder of any fixed or floating charge, the nature of the security, the amount outstanding, and the estimated value of the security. Typically"
LOW,13513_statement-of-affairs.html,misfeasance,6842,1,no,no,no,no,lication under the Company Directors Disqualification Act 1986. The liquidator may pursue misfeasance under section 212 Insolvency Act 1986 or wrongful trading under section 214. How the Liquidator Wi
LOW,13513_statement-of-affairs.html,presented (vs served),9816,1,no,no,no,no,"y dealings, need to be disclosed properly, not suppressed. If a petition has been presented but no order yet , you are still in the zone of insolvency. Stop moving assets. Start reconstructing the cre"
LOW,13513_statement-of-affairs.html,wrongful trading,6895,1,no,no,no,no,Act 1986. The liquidator may pursue misfeasance under section 212 Insolvency Act 1986 or wrongful trading under section 214. How the Liquidator Will Cross-Check Your Statement of Affairs The officehol
LOW,13600_insolvency-test.html,CVA,13112,1,no,no,no,no,"g claims later. If both tests fail and rescue is not viable, the formal options are CVA (Pt I IA 1986), Administration (Sch B1 IA 1986), Restructuring Plan (Pt 26A CA 2006), or CVL (s.84 IA 1986)."
LOW,13600_insolvency-test.html,CVL,13205,1,no,no,no,no,"(Pt I IA 1986), Administration (Sch B1 IA 1986), Restructuring Plan (Pt 26A CA 2006), or CVL (s.84 IA 1986). The ""engagement before enforcement"" rule still applies: pre-petition options outnumber post"
LOW,13600_insolvency-test.html,IP (insolvency practitioner),12361,5,yes,no,no,no,"ued statutory demand, escalated to litigation? Which have you missed payments to? Free IP diagnostic call within 14 days. Industry-wide free under s.388 IA 1986 + IPR 2005. Verify the IP on ICAEW (i"
LOW,13600_insolvency-test.html,preference (unlawful),2366,3,yes,no,no,no,isfeasance ; claim for breach of fiduciary duty on specific transactions s.239 IA 1986 preferences ; reviewable selective payments in the look-back window s.6 CDDA 1986 disqualification ; 2-15 year di
LOW,13766_preferential-non-preferential-creditors.html,advertised / advertisement (notice sense),15048,1,no,no,yes,no,"d ranges is drawn from published receipts and payments accounts in our casework, not from advertised recovery promises. We do not guarantee outcomes."
LOW,13766_preferential-non-preferential-creditors.html,preference (unlawful),10948,1,no,no,no,no,"nsecured tier. PGs are enforceable directly; ROT pulls your goods out of the estate; preferences, if pursued by the liquidator, enlarge the unsecured pot. These routes have real recovery value, and th"
LOW,13766_preferential-non-preferential-creditors.html,statutory demand,9595,1,no,no,no,no,"ll is still enforceable against the director. You pursue it in the County Court, or by statutory demand and bankruptcy petition (£680 total via the adjudicator route). The waterfall is irrelevant; the"
LOW,14158_hmrc-fraud-investigations.html,wrongful trading,12220,1,no,no,no,no,"sonal Liability Notices, Loan Charge exposure on personal loans received through schemes, wrongful trading findings in subsequent insolvency, and direct criminal prosecution where personal dishonesty "
LOW,14460_hmrc-criminal-investigations.html,CVA,14637,1,no,no,no,no,"hreaten your business viability, we can act as the licensed Insolvency Practitioner for a CVA, Administration, or CVL under separate engagement, working alongside the defence team. Our 0800 number is "
LOW,14460_hmrc-criminal-investigations.html,CVL,14661,1,no,no,no,no,"ability, we can act as the licensed Insolvency Practitioner for a CVA, Administration, or CVL under separate engagement, working alongside the defence team. Our 0800 number is a free confidential cons"
LOW,14460_hmrc-criminal-investigations.html,wrongful trading,8854,1,no,no,no,no,"ons 327–329, up to 14 years. In parallel, company-level proceedings can arise, wrongful trading findings in any subsequent insolvency, director disqualification orders, and confiscation proceedings ag"
LOW,14619_hmrcs-ir35-investigations-different.html,CVA,7886,1,no,no,no,no,"s. If your company cannot absorb the tax demand, it may need a Time to Pay arrangement, a CVA, or, if the liability is too large, formal insolvency. Seek insolvency advice as soon as you receive a"
LOW,14775_tax-penalties.html,Time to Pay,8495,3,no,no,no,no,"lity-of-disclosure scoring but not a standalone ground for waiver. Yes, HMRC's Time to Pay arrangements can cover penalties alongside the underlying tax. TTP on penalties-only is unusual; the normal a"
LOW,14775_tax-penalties.html,misfeasance,9322,1,no,no,no,no,", Joint and Several Liability Notices (Finance Act 2020), wrongful trading findings, and misfeasance claims. These are specific routes requiring findings, not automatic on penalty non-payment. Yes,"
LOW,14775_tax-penalties.html,wrongful trading,9290,1,no,no,no,no,"or unpaid NIC (fraud or neglect), Joint and Several Liability Notices (Finance Act 2020), wrongful trading findings, and misfeasance claims. These are specific routes requiring findings, not automatic"
LOW,14912_vat-penalties.html,CVA,8021,1,no,no,no,no,"n handle HMRC Debt Management conversations, negotiate TTP, and implement formal process (CVA, Administration, CVL) where your underlying business cannot absorb the VAT arrears. Call us free on 0800 0"
LOW,14912_vat-penalties.html,CVL,8042,1,no,no,no,no,"nagement conversations, negotiate TTP, and implement formal process (CVA, Administration, CVL) where your underlying business cannot absorb the VAT arrears. Call us free on 0800 074 6757 for confident"
LOW,14912_vat-penalties.html,distraint / distrain,6705,1,no,no,no,no,"Debts , HMRC takes funds from bank accounts for established VAT debts of £1,000+. Distraint , certified agents attend premises to take control of goods. Statutory demand and winding-up petitio"
LOW,14912_vat-penalties.html,statutory demand,6784,1,no,no,no,no,"+. Distraint , certified agents attend premises to take control of goods. Statutory demand and winding-up petition , HMRC routinely uses this route for substantial VAT arrears. Security bond"
LOW,14912_vat-penalties.html,wrongful trading,9953,1,no,no,no,no,"y Notices under the Finance Act 2020 where insolvency is being used to avoid tax, through wrongful trading findings in subsequent liquidation, or through director-specific offences where VAT fraud is "
LOW,14914_director-redundancy.html,IP (insolvency practitioner),7264,4,yes,no,no,no,"for statutory notice pay, is submitted separately after your notice period has run. Your IP will tell you when this is due, and we flag this deadline in our initial case management to avoid it being m"
LOW,14914_director-redundancy.html,preferential debt / creditor,2018,1,no,no,no,no,the National Insurance Fund and then recovers what it can from the insolvency estate as a preferential creditor. The key point that trips directors up: holding a director appointment does not automati
LOW,15010_what-happens-to-employees.html,served / service,13251,1,no,no,yes,no,"maximum statutory payment is £22,530 (£751 weekly cap × 30, reflecting up to 20 years of service at 1.5 weeks per year). The RPS processes the claim once the liquidator has formally confirmed the inso"
LOW,15141_vs-cva.html,IP (insolvency practitioner),2092,1,yes,no,no,no,"ning the company. In a CVA, you retain full management control, supervised by a licensed IP. In administration, the administrator runs the company and your authority is suspended. We see directors"
LOW,15141_vs-cva.html,Schedule B1,7354,1,no,no,no,no,"e drawn on the Insolvency Act 1986 (Part I on Company Voluntary Arrangements, Part II and Schedule B1 on administration), the Insolvency (England and Wales) Rules 2016 (SI 2016/1024), and current Inso"
LOW,15141_vs-cva.html,adjournment / adjourn,3414,1,no,no,no,no,"automatically stay a winding-up petition. You would need a separate court application to adjourn the hearing, which may not succeed. Administration creates an automatic moratorium that prevents the pe"
LOW,15203_check-if-a-company-is-insolvent.html,statutory demand,5399,1,no,no,no,no,"If you cannot make payroll on time, the cash-flow test is failed. You have received a statutory demand or county court claim. A creditor has escalated beyond letters. Your accountant has expressed con"
LOW,16106_vs-administrative-receivership.html,Schedule B1,8578,1,no,no,no,no,"lable on pre-2003 floating charges. We've drawn on the Insolvency Act 1986 (Part II and Schedule B1 on administration, Part III on administrative receivership), the Enterprise Act 2002 (section 250, w"
LOW,16106_vs-administrative-receivership.html,preference (unlawful),6453,1,no,no,no,no,"r choice. The receiver arrives and takes control of the secured assets regardless of your preferences. If you are facing the prospect of receiver appointment, take advice immediately. You may be able "
LOW,16353_hmrc-follower-notice.html,CVA,11824,1,no,no,no,no,"PN threatens business viability, we can act as the licensed Insolvency Practitioner for a CVA, Administration, or CVL under separate engagement. Our 0800 number is a free confidential consultation. Sp"
LOW,16353_hmrc-follower-notice.html,CVL,11848,1,no,no,no,no,"ability, we can act as the licensed Insolvency Practitioner for a CVA, Administration, or CVL under separate engagement. Our 0800 number is a free confidential consultation. Specialist tax counsel is "
LOW,16353_hmrc-follower-notice.html,distraint / distrain,4460,1,no,no,no,no,"tax position cannot be paid, the subsequent HMRC enforcement follows the standard track, distraint, statutory demand, winding-up petition . See HMRC Enforcement Action for the full escalation path."
LOW,16353_hmrc-follower-notice.html,statutory demand,4471,1,no,no,no,no,"on cannot be paid, the subsequent HMRC enforcement follows the standard track, distraint, statutory demand, winding-up petition . See HMRC Enforcement Action for the full escalation path. Your Options"
LOW,16565_hmrc-offices-contact-guide.html,distraint / distrain,2760,1,yes,no,no,no,"as Started 0300 200 3862. If you have received a notice of enforcement, a distraint warning, or a visit from HMRC's field force, this is the line to call. The Debt Management team handles activ"
LOW,16565_hmrc-offices-contact-guide.html,statutory demand,5219,1,no,no,no,no,"here are situations where calling HMRC is not enough: HMRC has already served a statutory demand or filed a winding-up petition . You need insolvency advice, not a payment plan. The company owes multi"
LOW,17568_timeline.html,Official Receiver,4625,6,yes,no,no,no,"ulsory liquidation is the slowest route because you do not control the timetable, and the Official Receiver's investigation adds a layer of process that does not exist in voluntary liquidation. Pre-he"
LOW,17568_timeline.html,advertised / advertisement (notice sense),4955,1,no,no,no,no,"ek gap. During this time, your bank accounts are likely to be frozen once the petition is advertised in the London Gazette. We see directors lose this entire window because they do not act on the peti"
LOW,17568_timeline.html,the Gazette,4969,1,no,no,no,no,"this time, your bank accounts are likely to be frozen once the petition is advertised in the London Gazette. We see directors lose this entire window because they do not act on the petition when it ar"
LOW,17568_timeline.html,winding-up order (vs petition),5105,1,yes,no,no,no,"this entire window because they do not act on the petition when it arrives. Day 0: Winding-up order. If the court grants the order, the Official Receiver is appointed as liquidator. You must submit a "
LOW,20268_retail-industry-insolvency-trends.html,CVL,9455,2,yes,no,no,no,"sist it. A CVA is not a payment plan, an Administration is not a closing-down sale, and a CVL is not a rescue. Informal Agreement or Repayment Plan For HMRC arrears in isolation, a Time to"
LOW,20268_retail-industry-insolvency-trends.html,National Insurance Fund,19879,1,no,no,yes,no,"dundancy, arrears of wages, holiday pay) from the Redundancy Payments Service through the National Insurance Fund, subject to statutory caps. The insolvency practitioner guides employees through the R"
LOW,20268_retail-industry-insolvency-trends.html,Schedule 6,20123,1,no,no,yes,no,"red creditors in priority for the wages preferential portion of their claim, capped under Schedule 6 of the Insolvency Act 1986. A CVA is typically proposed and voted within four to six weeks of inst"
LOW,20268_retail-industry-insolvency-trends.html,Schedule B1,10568,1,no,no,no,no,"promise is too aggressive for landlords to vote through, a company administration under Schedule B1 buys a moratorium and gives the administrator power to disclaim onerous leases under section 178. Th"
LOW,20268_retail-industry-insolvency-trends.html,transaction at an undervalue,2566,3,yes,no,no,no,"ion that ""it's our stock anyway."" It isn't, once the company is insolvent. That sale is a transaction at undervalue under section 238 of the Insolvency Act 1986, and a liquidator will unwind it. Perso"
LOW,20428_vs-liquidation.html,National Insurance Fund,24913,1,no,no,no,no,"im statutory redundancy and other payments from the Redundancy Payments Service under the National Insurance Fund, subject to the statutory caps. For companies with significant staff numbers, the diff"
LOW,20428_vs-liquidation.html,Redundancy Payments Service,24875,1,no,no,no,no,"liday pay, and notice pay, and can claim statutory redundancy and other payments from the Redundancy Payments Service under the National Insurance Fund, subject to the statutory caps. For companies wi"
LOW,20428_vs-liquidation.html,Schedule 6,10499,1,no,no,no,no,"ble price. The proceeds are distributed to creditors in the statutory order set out in Schedule 6 IA 1986. Fixed charge holders come first, then the expenses of the liquidation, then preferential cred"
LOW,20428_vs-liquidation.html,moratorium,21915,1,no,no,no,no,"ed. A third option, administration, exists for companies that need the protection of a moratorium while a sale or restructuring is attempted, and may be worth considering if neither CVA nor CVL fits t"
LOW,20428_vs-liquidation.html,preference (unlawful),10695,8,yes,no,no,no,"al creditors. Preferential creditors include employees’ arrears of wages and the Crown preference reinstated under the Finance Act 2020 for VAT, PAYE, employee NIC, and CIS. After preferential credito"
LOW,20428_vs-liquidation.html,preferential debt / creditor,10595,4,yes,no,no,no,"le 6 IA 1986. Fixed charge holders come first, then the expenses of the liquidation, then preferential creditors. Preferential creditors include employees’ arrears of wages and the Crown preference re"
LOW,20428_vs-liquidation.html,wrongful trading,2777,4,yes,no,no,no,nd Liquidation The main risk of choosing a CVA when liquidation is the right answer is wrongful trading under section 214 IA 1986. If the company continues trading through a CVA that was always likely
LOW,20435_partnership-voluntary-arrangements.html,Official Receiver,19379,1,no,no,no,no,"ts are realised and distributed to creditors in the statutory order of priority, with the Official Receiver or a licensed IP acting as liquidator. Winding up does not automatically lead to individual "
LOW,20435_partnership-voluntary-arrangements.html,preference (unlawful),3832,1,no,no,no,no,"e longer you trade under creditor pressure without formal advice, the greater the risk of preference claims and wrongful trading exposure. You also need advice that covers both the partnership positio"
LOW,20435_partnership-voluntary-arrangements.html,winding-up order (vs petition),19241,1,yes,no,no,no,"ition against the partnership. The court fee for a winding-up petition is £352. Once a winding-up order is made, the partnership's assets are realised and distributed to creditors in the statutory ord"
LOW,20435_partnership-voluntary-arrangements.html,wrongful trading,3854,1,yes,no,no,no,"er creditor pressure without formal advice, the greater the risk of preference claims and wrongful trading exposure. You also need advice that covers both the partnership position and your personal po"
LOW,20681_can-director-criminal-record.html,CVL,3120,1,no,no,no,no,"ment where the director moved a company van into a friend's garage the weekend before the CVL. Destruction or falsification of records (section 209). Destroying, altering, or falsifying company"
LOW,21011_what-is-limited-liability.html,misfeasance,6243,5,yes,no,no,no,al liability for company debts. Criminal sanctions sit alongside the civil claim. Misfeasance. Section 212 of the Insolvency Act 1986. Breach of a statutory or fiduciary duty that caused loss to the c
LOW,21011_what-is-limited-liability.html,preference (unlawful),10678,1,no,no,no,no,"ere fine yesterday, a dividend, a bonus, clearing the director's loan account, can become preferences or misfeasance if made after the solvency line has moved. Continuing to trade is not automatically"
LOW,21122_shareholders-liable-company-debts.html,preferential debt / creditor,21968,1,yes,no,no,no,"ation you can claim for the loan, but if it is unsecured you rank behind secured lenders, preferential creditors and HMRC, so recovery is often limited. A director's loan the other way, where you owe "
LOW,21122_shareholders-liable-company-debts.html,wrongful trading,4423,6,yes,no,no,no,"the exposure is different: directors can be personally liable for company debts through wrongful trading claims, personal guarantees, overdrawn loan accounts, and specific HMRC regimes in defined tax "
LOW,22277_insolvent-company-owes-me-money.html,IP (insolvency practitioner),5066,13,yes,no,no,no,"s partly contested, claim the agreed sum and note the disputed portion separately, so the IP has something to admit rather than reject. What Retention of Title and Set-Off Mean for Your Position"
LOW,22277_insolvent-company-owes-me-money.html,Official Receiver,2164,2,yes,no,no,no,"on , or County Court action, and the fees are known (£352 court fee on a petition, £2,600 Official Receiver deposit on top). Where Your Claim Sits Against an Insolvent Company Your recovery is not set"
LOW,22277_insolvent-company-owes-me-money.html,debenture,2477,1,no,no,no,no,"a fixed waterfall. Secured creditors with a fixed charge (usually the bank holding a debenture) are paid first from the asset they hold. Next come the expenses of the insolvency, then ordinary prefere"
LOW,22277_insolvent-company-owes-me-money.html,winding-up order (vs petition),11359,1,yes,no,yes,no,"No. Section 130 IA 1986 imposes an automatic stay on new proceedings once a winding-up order is made, and a creditors' voluntary liquidation has the same practical effect. Your remedy is the Proof of "
LOW,22277_insolvent-company-owes-me-money.html,wrongful trading,8374,1,no,no,no,no,"s own claims. The liquidator can bring misfeasance proceedings under section 212 IA 1986, wrongful trading under section 214, preferences under section 239, or transactions at undervalue under section"
LOW,22554_limited-company-bankruptcy.html,Official Receiver,4386,1,yes,no,no,no,"liquidation is initiated by a creditor petitioning the court. You lose all control. The Official Receiver takes over and investigates your conduct. If a creditor is threatening a winding-up petition ,"
LOW,22785_the-risks-of-signing-a-personal-guarantee.html,IP (insolvency practitioner),18044,1,yes,no,no,no,"ory firm. Where a called PG sits alongside company insolvency, we can act as the licensed IP under separate engagement. Nothing on this page is a substitute for tailored legal or insolvency advice on "
LOW,22785_the-risks-of-signing-a-personal-guarantee.html,IVA,14454,1,yes,no,no,no,"registers for six years from judgment; bankruptcy registers for six years from order; an IVA registers for six years or the duration of the arrangement, whichever is longer. Not on the face o"
LOW,22899_privacy-policy.html,IP (insolvency practitioner),4160,1,no,no,no,no,"s website are usually transferred to a Google server in the USA and stored there. If the IP anonymisation option is activated on this website, your IP address is abbreviated by Google within Member St"
LOW,23698_how-much-does-liquidation-cost.html,National Insurance Fund,13740,1,no,no,no,no,"ges, holiday pay and notice pay from the Redundancy Payments Service. It is paid from the National Insurance Fund rather than out of company assets, and it is the same statutory scheme that protects y"
LOW,23698_how-much-does-liquidation-cost.html,Official Receiver,11999,3,yes,no,no,no,"it upfront, and where the company has sufficient assets, allowable petition costs and the Official Receiver's fees may ultimately be met from the estate. What you may choose to contribute. Where the c"
LOW,23698_how-much-does-liquidation-cost.html,officeholder / office-holder,14015,1,no,no,no,no,"y the company. Being a director does not create the entitlement, because a director is an office-holder who may or may not also be an employee. The Redundancy Payments Service assesses whether a genui"
LOW,23698_how-much-does-liquidation-cost.html,served / service,25319,1,no,no,yes,no,"in the cases we handle. Every claim is assessed independently by the Redundancy Payments Service on its own evidence, and we cannot guarantee an outcome. We do not publish an average director redundan"
LOW,24080_can-we-trade-out-of-insolvency.html,CVA,7444,3,yes,no,no,no,res 75% in value of creditors voting to approve. You stay in day-to-day control. See our CVA guide . Part A1 Moratorium (inserted by CIGA 2020). A standalone 20-business-day moratorium from cre
LOW,24080_can-we-trade-out-of-insolvency.html,IP (insolvency practitioner),4052,7,yes,no,no,no,"able handing to a liquidator on day one. Professional advice on file. A licensed IP or an insolvency-specialist solicitor consulted before the trade-on decision, with the advice recorded in wri"
LOW,24080_can-we-trade-out-of-insolvency.html,statutory demand,6255,1,no,no,no,no,"able. That means the shift can happen well before formal insolvency, well before a statutory demand, well before a winding-up petition. It happens at the point where a diligent director looking at the"
LOW,24080_can-we-trade-out-of-insolvency.html,wrongful trading,2359,4,yes,no,no,no,"tor-interest lens. On top of that sits section 214 of the Insolvency Act 1986, the wrongful trading provision. If the company goes into insolvent liquidation and it is shown you knew, or a reasonably "
LOW,24402_what-are-the-duties-and-responsibilities-of-a-company-director.html,preference (unlawful),7447,1,no,no,no,no,"ce of compliance. Do not make selective payments. Pay in the ordinary course only. No preferences to connected parties. Declare conflicts. If you have any interest in any transaction with the company,"
LOW,24434_what-is-a-freezing-order-or-injunction.html,CVL,8449,1,no,no,no,no,"petition while frozen , a winding-up petition, an administration application, or your own CVL resolution, the freezing-order regime continues to bind you personally. The insolvency practitioner, once "
LOW,24434_what-is-a-freezing-order-or-injunction.html,IP (insolvency practitioner),6582,2,yes,no,no,no,"duties shift under BTI v Sequana , creditor interests must now be considered. A licensed IP conversation is prudent in parallel with the litigation response. The Ordinary Course of Business E"
LOW,24434_what-is-a-freezing-order-or-injunction.html,disposition,8848,1,no,no,no,no,"vency Act 1986 section 127 then bites in parallel with the freezing order. Post-petition dispositions are void unless the court validates them, which means the company cannot safely transact even on """
LOW,24434_what-is-a-freezing-order-or-injunction.html,validation order,8995,1,yes,no,no,no,"ich means the company cannot safely transact even on ""ordinary course"" payments without a validation order from the Companies Court. If the company is placed into administration or liquidation , the m"
LOW,24589_pub-closures-in-the-uk.html,Time to Pay,20270,3,no,no,no,no,"we would point you toward turns on exactly that question. Options range from a Time to Pay arrangement with HMRC, through a Company Voluntary Arrangement or administration where the business can be re"
LOW,24760_what-are-fixed-and-floating-charges.html,wrongful trading,6076,1,no,no,no,no,ects your personal position in two ways. 1. What is left for creditors determines wrongful trading exposure. If the bank's fixed charge consumes the most valuable asset and the floating charge (after 
LOW,25310_validation-order.html,IP (insolvency practitioner),7462,4,yes,no,no,no,"to several thousand pounds; a contested one to substantially more. Accountant or IP support , where management accounts or cash-flow projections need to be produced or verified. The o"
LOW,25310_validation-order.html,preference (unlawful),3835,3,yes,no,no,no,"nusual transactions. Arm's-length terms , the transaction is at market rates, not a preference or a transaction at undervalue. Good faith , the company, the directors, and the counterparty are act"
LOW,25310_validation-order.html,transaction at an undervalue,3853,1,no,no,no,no,"s. Arm's-length terms , the transaction is at market rates, not a preference or a transaction at undervalue. Good faith , the company, the directors, and the counterparty are acting honestly, with ful"
LOW,25310_validation-order.html,winding-up order (vs petition),2668,3,yes,no,no,no,"der section 129, is deemed to be the date the petition was presented, not the date of the winding-up order. The statutory freeze serves a creditor-protection purpose. Without it, directors could drain"
LOW,26139_company-cash-flow-problems.html,CVA,4733,3,yes,no,no,no,"nduct reviewed. Each stage narrows your options. The restructuring window for a CVA or administration closes sharply once a petition is advertised, because the company bank account freezes unde"
LOW,26139_company-cash-flow-problems.html,IP (insolvency practitioner),6836,3,yes,no,no,no,on whether the underlying business is viable if historic debt is restructured. A licensed IP answers that question from the management accounts in an hour. Directors' Duties and Personal Liabilit
LOW,26139_company-cash-flow-problems.html,Official Receiver,4603,1,yes,no,no,no,"quidation , court-ordered wind-up where the petition succeeds. Loss of director control; Official Receiver appointed; director conduct reviewed. Each stage narrows your options. The restructuring wind"
LOW,26139_company-cash-flow-problems.html,misfeasance,7338,1,no,no,no,no,"dulent trading under section 213, carrying on with intent to defraud creditors. Misfeasance under section 212, breach of specific fiduciary duty. HMRC Personal Liability Notices , unpaid NI"
LOW,26139_company-cash-flow-problems.html,moratorium,6430,1,no,no,no,no,"g to trade. Requires 75% creditor approval by value. Administration , statutory moratorium while administrator pursues rescue or sale. Creditors' Voluntary Liquidation (CVL) , orderly wind-d"
LOW,26139_company-cash-flow-problems.html,statutory demand,3569,3,yes,no,no,no,g or being withdrawn. Directors injecting personal cash to fund payroll. A statutory demand received from any creditor. Any one of these is a reason to look at your forecast. Two or three to
LOW,26218_business-debt-advice.html,CVL,5876,1,yes,no,no,no,to service old debt You're considering closing the company and want to know whether a CVL or a strike-off is the right route Insolvency practitioners are licensed by recognised professional b
LOW,26218_business-debt-advice.html,Time to Pay,991,11,yes,no,no,no,"t, the next quarter, would fix it. It rarely does, and waiting forecloses options. A Time to Pay arrangement with HMRC is considerably easier to negotiate before HMRC has issued a distraint notice tha"
LOW,26218_business-debt-advice.html,advertised / advertisement (notice sense),10983,1,no,no,no,no,"demand that has gone unanswered for 21 days. A winding-up petition, once presented and advertised in the Gazette, causes most banks to freeze your business account immediately, which typically ends tr"
LOW,26218_business-debt-advice.html,presented (vs served),10969,1,no,no,no,no,"ed a statutory demand that has gone unanswered for 21 days. A winding-up petition, once presented and advertised in the Gazette, causes most banks to freeze your business account immediately, which ty"
LOW,26218_business-debt-advice.html,the Gazette,10997,1,no,no,no,no,"as gone unanswered for 21 days. A winding-up petition, once presented and advertised in the Gazette, causes most banks to freeze your business account immediately, which typically ends trading. Direct"
LOW,26234_debt-management-guide.html,Time to Pay,1271,3,yes,no,no,no,itors without enforcement powers). Deal with category 1 first. Contact HMRC for a Time to Pay arrangement . Negotiate directly with critical suppliers. Then assess whether the business is viable with 
LOW,26234_debt-management-guide.html,debenture,2627,1,no,no,no,no,"ce charges over property, and call in personal guarantees. If you have a bank loan with a debenture, the bank is your second priority. Landlord: can forfeit the lease and lock you out of your premises"
LOW,26234_debt-management-guide.html,preferential debt / creditor,3055,1,no,no,no,no,"r can petition. Employees: unpaid wages create immediate operational problems and are preferential debts in insolvency. We tell directors: the supplier who phones you five times a day may be annoying,"
LOW,26234_debt-management-guide.html,statutory demand,2860,1,no,no,no,no,"the premises, this is operationally critical. Trade creditors over £750: can serve a statutory demand and petition for compulsory liquidation . The £750 threshold is low. Almost any supplier can petit"
LOW,26234_debt-management-guide.html,wrongful trading,5228,1,no,no,no,no,"ess increases the total debt, narrows the options, and increases the director's personal wrongful trading exposure . Formal Business Debt Management Options If informal negotiation is not enough, form"
LOW,26279_cease-trading.html,CVL,8706,5,yes,no,no,no,"ections 122 and 124 of the Insolvency Act 1986, usually triggered by a creditor petition. CVL keeps the choice of liquidator with the directors. Compulsory does not. Route When it fits What"
LOW,26279_cease-trading.html,Redundancy Payments Service,17588,1,no,no,yes,no,"f the company is insolvent and cannot pay, employees can claim statutory amounts from the Redundancy Payments Service, which then ranks as a creditor in the liquidation. Do I need to notify HMRC if I "
LOW,26279_cease-trading.html,Schedule B1,19790,1,no,no,yes,no,"Statutory references draw on the Insolvency Act 1986 (sections 123, 214, 238 to 239, and Schedule B1), the Companies Act 2006 (sections 1003 to 1012 and Part 25), the Company Directors Disqualificatio"
LOW,26279_cease-trading.html,moratorium,2582,4,yes,no,no,no,"uidation (insolvent), or company administration (rescue or controlled wind-down with a moratorium). Drift is not a fifth option, although directors often try to make it one. What Does Ceased Tradin"
LOW,26279_cease-trading.html,preferential debt / creditor,6096,1,no,no,no,no,"ns: who they are, what they are owed, and what status they hold. Secured lenders, HMRC as preferential creditor for PAYE and VAT, and unsecured trade suppliers each behave differently when a company s"
LOW,26279_cease-trading.html,statutory demand,4765,1,no,no,no,no,"has unpaid suppliers chasing payment, has an outstanding bounce back loan, or is facing a statutory demand, ceasing trade as a self-help measure tends to make matters worse. HMRC and bank creditors wi"
LOW,26279_cease-trading.html,the Gazette,7428,1,no,no,no,no,"a DS01 is cheap and quick. Filing fee is modest, processing takes around two months on the gazette, and the company is removed from the register. The cost of getting it wrong is much higher than the c"
LOW,26298_misfeasance.html,Official Receiver,4483,1,no,no,no,no,"feasance Claim Against a Director? Section 212 allows claims to be brought by: the official receiver, the liquidator, any creditor of the company, or any contributory (shareholder). In practice, the l"
LOW,26347_cant-pay-business-rates.html,CVA,10481,2,yes,no,no,no,"We can work out whether your business is viable if the historic debt is addressed through CVA, whether administration produces a better outcome, or whether a CVL is the cleaner route. Our licensed"
LOW,26347_cant-pay-business-rates.html,CVL,10549,2,yes,no,no,no,"is addressed through CVA, whether administration produces a better outcome, or whether a CVL is the cleaner route. Our licensed IPs and business rescue specialists can assess your position and ex"
LOW,26347_cant-pay-business-rates.html,advertised / advertisement (notice sense),12070,1,no,no,no,no,"not produced payment. The petition is a serious step, it freezes company bank accounts on advertisement, so early engagement is the much better alternative. Small Business Rate Relief is the headline "
LOW,26347_cant-pay-business-rates.html,misfeasance,11640,1,no,no,no,no,"as given (uncommon on rates), or through insolvency misconduct routes (wrongful trading, misfeasance ). Partnerships and sole traders are different: the ratepayer is personally liable from the outset."
LOW,26347_cant-pay-business-rates.html,moratorium,9782,1,no,no,no,no,"g to trade. Requires 75% creditor approval by value. Administration , a statutory moratorium against creditor action while a rescue or sale is pursued. Creditors' Voluntary Liquidation , orderly"
LOW,26888_stop-or-avoid-insolvency.html,IP (insolvency practitioner),11395,2,yes,no,no,no,ission. Larger or more complex cases can take several weeks and may require accountant or IP support. Current-period returns must be up to date before HMRC will agree TTP on older arrears. Se
LOW,26888_stop-or-avoid-insolvency.html,Schedule B1,12768,1,no,no,no,no,"eferences are drawn from the Insolvency Act 1986 (sections 123, 127, 214, Part 1 on CVAs, Schedule B1), the Corporate Insolvency and Governance Act 2020 (Part A1 Moratorium), and the Insolvency (Engla"
LOW,26888_stop-or-avoid-insolvency.html,moratorium,5065,9,yes,no,no,no,"so the call you make matters. Formal Tools That Can Stop Insolvency Short: CVA and Moratorium When the informal options are exhausted but the business is still viable, two formal tools can halt th"
LOW,26888_stop-or-avoid-insolvency.html,officeholder / office-holder,13044,1,no,no,no,no,"re a CVA, moratorium, administration, or CVL is the right outcome, we act as the licensed officeholder under separate engagement. Our 0800 number is a free confidential consultation, not a transaction"
LOW,26888_stop-or-avoid-insolvency.html,the Gazette,6804,1,no,no,no,no,"and, after 21 days, petition for your company's winding-up. The petition is advertised in the London Gazette seven business days after presentation, and from that moment section 127 of the Insolvency "
LOW,26888_stop-or-avoid-insolvency.html,winding-up order (vs petition),9250,1,no,no,no,no,"e, because a creditors' voluntary liquidation caught early preserves optionality that a winding-up order does not. Your Next Step on Stopping or Avoiding Insolvency The real problem is rarely the numb"
LOW,26888_stop-or-avoid-insolvency.html,wrongful trading,8136,1,yes,no,no,no,"g to fight make things worse?"". Section 214 of the Insolvency Act 1986 creates the wrongful trading offence. A director who continues trading after the point at which there was no reasonable prospect "
LOW,26902_biggest-struggles-for-small-business-owners.html,IP (insolvency practitioner),12140,1,yes,no,no,no,"ds being delayed, HMRC arrears accumulating, supplier pressure increasing. Early licensed-IP advice expands the options available (CVA, administration, restructuring) rather than narrowing them to liq"
LOW,26902_biggest-struggles-for-small-business-owners.html,Time to Pay,13604,1,no,no,no,no,", current Insolvency Service guidance, and HMRC published guidance on debt management and Time to Pay arrangements. Where we describe how creditor pressure plays out operationally, including the order"
LOW,26902_biggest-struggles-for-small-business-owners.html,misfeasance,12621,1,no,no,no,no,"facilities, overdrawn director's loan accounts, wrongful or fraudulent trading findings, misfeasance claims, and HMRC Personal Liability Notices. Ordinary business failure in a properly-run limited co"
LOW,26902_biggest-struggles-for-small-business-owners.html,moratorium,9250,1,no,no,no,no,"istoric debt over 3–5 years while continuing to trade. Administration , statutory moratorium against creditor action while rescue or sale is pursued. Creditors' Voluntary Liquidation (CVL) , ord"
LOW,26902_biggest-struggles-for-small-business-owners.html,wrongful trading,8724,1,yes,no,no,no,"ing every step a reasonably diligent director would take to minimise creditor losses, is wrongful trading . The remedy is a personal contribution order against you under section 214 of the Insolvency "
LOW,28526_personal-liability-spouses-business-debts.html,IP (insolvency practitioner),12184,1,yes,no,no,no,"k cleared at the time. That is a paperwork-led argument, and the sooner a solicitor or an IP reviews the bundle, the sooner you know where the defence sits. Leaving it until the bank has issued procee"
LOW,28526_personal-liability-spouses-business-debts.html,served / service,9773,1,no,no,no,no,"nst you if creditors come calling. Once a PG is called or a statutory demand is served on your spouse personally, the protective window is narrower. The focus shifts to the Etridge defence, to bank"
LOW,28545_personally-liabilty-of-company-secretary.html,officeholder / office-holder,7683,1,no,no,no,no,"ps each route to the statutory basis, the typical financial scale, and what the lender or office-holder can pursue. Trigger Statutory or contract basis Typical scale What is at risk Personal gua"
LOW,28545_personally-liabilty-of-company-secretary.html,wrongful trading,7128,1,no,no,no,no,"g assets to a connected company. Section 213 (fraudulent trading) and section 214 (wrongful trading) of the Insolvency Act 1986 both reach officers other than directors where they ""knowingly"" particip"
LOW,28761_corporation-tax-penalties.html,CVA,10583,1,no,no,no,no,"ce signals that formal process is on the table, and partly because we can model whether a CVA or administration produces a better result for everyone. Your Next Step on Corporation Tax Penalties"
LOW,28761_corporation-tax-penalties.html,IP (insolvency practitioner),13806,1,yes,no,no,no,"tax debt, statutory demand, winding-up petition, and the full enforcement toolkit. Early IP advice is the right call in that position. Methodology and Disclosure This guide is writt"
LOW,28761_corporation-tax-penalties.html,Time to Pay,10139,2,no,no,no,no,"pany cannot pay the underlying tax and accumulating penalties, HMRC can refuse a standard Time to Pay arrangement. At that point your next steps move onto the enforcement track: HMRC enforcement , pot"
LOW,28761_corporation-tax-penalties.html,distraint / distrain,2253,1,no,no,no,no,"If you ignore any of these, the escalation path leads to HMRC enforcement action , distraint, statutory demand , and eventually a winding-up petition . The penalties are not collected through a"
LOW,28761_corporation-tax-penalties.html,wrongful trading,12442,1,no,no,no,no,"al Liability Notices for unpaid NIC under the Social Security Administration Act 1992, or wrongful trading findings in subsequent insolvency where continued trading worsened creditor losses. What is t"
LOW,29543_lpa-receivership.html,IP (insolvency practitioner),6761,3,yes,no,no,no,se. Directors remain in office. The receiver owes primary duty to the lender. No licensed IP is required. Appointment is fast and contractual. No court involvement. Administration under Schedule
LOW,29543_lpa-receivership.html,IVA,11661,1,no,no,no,no,"The window to restructure (refinance the PG, negotiate a capped settlement, consider an IVA, or look at wider business restructuring ) is typically three to six months from appointment to sale. I"
LOW,29543_lpa-receivership.html,misfeasance,4798,1,no,no,no,no,"s contracts in the way an administrator can under Schedule B1 IA 1986. They cannot pursue misfeasance claims against directors. Their remit is the charged property and nothing more. Receiver Duties, C"
LOW,29543_lpa-receivership.html,moratorium,7044,1,no,no,no,no,"ol. The administrator is a licensed IP with duties to all creditors. There is a statutory moratorium on enforcement by other creditors. The goal is company rescue, a better outcome than liquidation, o"
LOW,29543_lpa-receivership.html,officeholder / office-holder,6455,1,no,no,no,no,"ation These three procedures are often confused because they all involve an external office-holder taking control of assets, but they operate on different scales and different legal bases. LPA receive"
LOW,29543_lpa-receivership.html,preferential debt / creditor,7189,1,no,no,no,no,"goal is company rescue, a better outcome than liquidation, or distribution to secured and preferential creditors. Appointment can be by court or out-of-court, but is subject to the Insolvency Act fram"
LOW,31199_business-restructuring.html,CVL,1827,1,no,no,no,no,"e underlying problem, the company is not restructurable. It needs to be closed through a CVL or will face compulsory liquidation . We are honest about this because we see directors pursue restr"
LOW,31199_business-restructuring.html,IP (insolvency practitioner),4089,3,yes,no,no,no,"val by value. The company continues to trade under your control, supervised by a licensed IP. We find CVAs work well for businesses with a viable core and a specific, identifiable debt problem. S"
LOW,31199_business-restructuring.html,Time to Pay,1137,5,yes,no,no,no,"rom lightest to most formal: Tier 1, Informal: Direct creditor negotiation, HMRC Time to Pay, invoice finance, refinancing, cost reduction, and operational changes. No statutory framework, no public r"
LOW,31199_business-restructuring.html,wrongful trading,2035,1,yes,no,no,no,"ing options that delay the inevitable, accumulate more debt, and increase their personal wrongful trading exposure . Tier 1: Informal Business Restructuring Informal restructuring is the first step an"
LOW,31237_cant-pay-a-commercial-lease-or-rent.html,Official Receiver,4751,1,no,no,no,no,"petition . Court fee for a winding-up petition is £352, with a deposit of £2,600 for the Official Receiver (current figures). Advertisement in The Gazette freezes company bank accounts. County Court C"
LOW,31237_cant-pay-a-commercial-lease-or-rent.html,advertised / advertisement (notice sense),4788,1,no,no,no,no,"p petition is £352, with a deposit of £2,600 for the Official Receiver (current figures). Advertisement in The Gazette freezes company bank accounts. County Court Claim For the arrears balance itself"
LOW,31237_cant-pay-a-commercial-lease-or-rent.html,preference (unlawful),6021,1,no,no,no,no,"ile knowing the rent cannot be paid and insolvency is unavoidable. Misfeasance or preference findings in subsequent insolvency, particularly where other creditors (often connected parties) were paid w"
LOW,31237_cant-pay-a-commercial-lease-or-rent.html,the Gazette,4805,1,no,no,no,no,"2, with a deposit of £2,600 for the Official Receiver (current figures). Advertisement in The Gazette freezes company bank accounts. County Court Claim For the arrears balance itself, a straightfor"
LOW,39500_what-is-a-high-court-writ.html,IP (insolvency practitioner),9460,1,yes,no,no,no,"int have shifted toward creditor interests under BTI v Sequana , and engaging a licensed IP is the right response. Our team handles exactly this scenario regularly, and the earlier you call us, the mo"
LOW,39500_what-is-a-high-court-writ.html,disposition,10537,1,no,no,no,no,"ceeds. Winding-up petition . Once a petition is advertised, section 127 makes any disposition of company property void unless validated. HCEO continuing to enforce after advertisement risks the sale b"
LOW,39500_what-is-a-high-court-writ.html,moratorium,8700,9,yes,no,no,no,"ia . An administration appointment, pre-pack or otherwise, creates an immediate statutory moratorium under Schedule B1 paragraph 43 that stops the HCEO from continuing. A CVA with moratorium, or the P"
LOW,41082_can-personal-assets-of-directors-be-seized-from-a-ltd-company.html,preference (unlawful),6608,1,no,no,no,no,"n, plan to repay before the company enters insolvency. Repaying during insolvency creates preference risk, so act early. Stop trading on time. A shorter period of wrongful trading means a smaller cont"
LOW,41082_can-personal-assets-of-directors-be-seized-from-a-ltd-company.html,transaction at an undervalue,9326,1,no,no,no,no,"nsolvency Act 1986 (section 214 wrongful trading; Part IX bankruptcy; sections 339 to 342 transactions at undervalue), HMRC personal liability notice provisions, the Taking Control of Goods Regulation"
LOW,42739_what-happens-if-a-company-cannot-pay-its-debts.html,Time to Pay,7612,3,yes,no,no,no,"ry cash gap or one large creditor causing the pressure, an informal arrangement may hold. Time to Pay with HMRC is the most common. Bilateral forbearance with a landlord or trade creditor works where "
LOW,42739_what-happens-if-a-company-cannot-pay-its-debts.html,advertised / advertisement (notice sense),6769,1,no,no,no,no,"Creditor pressure is the third diagnostic. A statutory demand, a winding-up petition advertised in the Gazette, or a single creditor refusing further forbearance is an external signal that the cash-fl"
LOW,42739_what-happens-if-a-company-cannot-pay-its-debts.html,the Gazette,6783,1,no,no,no,no,"pressure is the third diagnostic. A statutory demand, a winding-up petition advertised in the Gazette, or a single creditor refusing further forbearance is an external signal that the cash-flow test w"
LOW,43522_unenforceable-personal-guarantee.html,IP (insolvency practitioner),13958,1,yes,no,no,no,"ory firm. Where a called PG sits alongside company insolvency, we can act as the licensed IP under separate engagement. The 0800 number is a free confidential consultation; nothing is charged until a "
LOW,43522_unenforceable-personal-guarantee.html,misfeasance,10446,1,no,no,no,no,e shows up in any subsequent insolvency review and converts the guarantee problem into a misfeasance or preference claim stacked on top. The guarantee is bad. The guarantee plus a director-conduct fin
LOW,43522_unenforceable-personal-guarantee.html,preference (unlawful),10462,1,no,no,no,no,y subsequent insolvency review and converts the guarantee problem into a misfeasance or preference claim stacked on top. The guarantee is bad. The guarantee plus a director-conduct finding is signific
LOW,43522_unenforceable-personal-guarantee.html,rescind / rescission,1911,3,yes,no,no,no,"nt. Where the false statement was material to your decision to sign, the guarantee can be rescinded. Duress or undue influence. The guarantee was signed under pressure that went beyond ordinary commer"
LOW,43580_directors-liability-for-bounce-back-loans.html,IP (insolvency practitioner),4772,7,yes,no,no,no,patterns are readily visible in the bank statements and both are standard findings in our IP reviews. Separate personal guarantees on other borrowing This is the one most commonly missed.
LOW,43675_what-happens-if-i-default.html,IP (insolvency practitioner),16970,1,yes,no,no,no,"isory firm; where a CVL or Administration is the right answer, we can act as the licensed IP under separate engagement. The 0800 number is a free confidential consultation."
LOW,43675_what-happens-if-i-default.html,Official Receiver,8655,1,yes,no,no,no,"ersation. Inside liquidation: A licensed Insolvency Practitioner (or the Official Receiver) reviews company books and bank statements. Director conduct is assessed, with particular focus on how"
LOW,43675_what-happens-if-i-default.html,Time to Pay,15763,1,yes,no,no,no,Strike-Off and Dissolution : why striking off with a live BBL does not work. HMRC Time to Pay : if there are tax arrears alongside the loan. Methodology and Disclosure This guide is writt
LOW,43675_what-happens-if-i-default.html,officeholder / office-holder,2756,1,no,no,no,no,early advice reduce exposure more than any clever restructure. Regulators and insolvency officeholders treat proactive correction very differently from evasion. What the Bounce Back Loan Government G
LOW,43675_what-happens-if-i-default.html,transaction at an undervalue,16250,1,no,no,no,no,"trading under section 214, misfeasance under section 212, preferences under section 239, transactions at undervalue under section 238) and the Company Directors Disqualification Act 1986. We also draw"
LOW,43675_what-happens-if-i-default.html,wrongful trading,16152,1,no,no,no,no,"les as at the last-reviewed date. Our statutory references are the Insolvency Act 1986 (wrongful trading under section 214, misfeasance under section 212, preferences under section 239, transactions a"
LOW,43745_dissolving-a-company-with-bounce-back-loan.html,IP (insolvency practitioner),6894,2,yes,no,no,no,"enditure or to clear a director's loan account, that is the conversation to have with the IP before the liquidation begins, not after. Correct what can be corrected. If the application overstat"
LOW,43745_dissolving-a-company-with-bounce-back-loan.html,misfeasance,9722,1,yes,no,no,no,"here inflated turnover on the application amounts to fraud, or where wrongful trading or misfeasance is found during the CVL investigation. Yes, materially. Use of BBL funds for personal expenditure"
LOW,43745_dissolving-a-company-with-bounce-back-loan.html,wrongful trading,9701,1,yes,no,no,no,"nds is established, where inflated turnover on the application amounts to fraud, or where wrongful trading or misfeasance is found during the CVL investigation. Yes, materially. Use of BBL funds for p"
LOW,43917_cant-afford-to-repay-business-loan.html,Schedule B1,2772,1,no,no,no,no,"r a qualifying floating-charge holder, out-of-court appointment of an administrator under Schedule B1 of the Insolvency Act 1986 . Director Liabilities and Personal Guarantees on a Business Loan A"
LOW,43917_cant-afford-to-repay-business-loan.html,Time to Pay,11235,1,yes,no,no,no,", current Insolvency Service guidance, and HMRC published guidance on debt management and Time to Pay arrangements. Where we describe how creditor pressure plays out operationally, including the order"
LOW,43917_cant-afford-to-repay-business-loan.html,moratorium,6622,1,no,no,no,no,"ans sit outside unless the secured creditor agrees). Administration , statutory moratorium, rescue or sale of the business. Creditors' Voluntary Liquidation (CVL) , orderly wind-down where t"
LOW,43917_cant-afford-to-repay-business-loan.html,preference (unlawful),3867,1,no,no,no,no,"on with intent to defraud creditors . Misfeasance under section 212, including preference payments where a connected-party creditor (often the director's own loan account) was paid ahead of the lende"
LOW,43917_cant-afford-to-repay-business-loan.html,the Gazette,2433,1,no,no,no,no,"y. Winding-up petition where the presumption is not rebutted. Advertisement in The Gazette freezes company bank accounts. For secured loans (typically over £100,000, or anything secured on s"
LOW,44055_cant-pay-staff-wages.html,IP (insolvency practitioner),7566,3,yes,no,no,no,"the orderly wind-down route where rescue is not viable. Directors initiate it, a licensed IP takes control, employees are made redundant (unlocking RPS access), and assets are realised and distributed"
LOW,44055_cant-pay-staff-wages.html,National Insurance Fund,4241,1,no,no,no,no,"tlements from the Insolvency Service 's Redundancy Payments Service (RPS), paid from the National Insurance Fund. What the Redundancy Payments Service covers Unpaid wages , up to 8 weeks, subject to t"
LOW,44055_cant-pay-staff-wages.html,Schedule 6,10731,1,no,no,no,no,"es are preferential creditors for up to 4 months' wages capped at £800 per employee under Schedule 6 of the Insolvency Act 1986, paid ahead of floating-charge holders and unsecured creditors from comp"
LOW,44055_cant-pay-staff-wages.html,misfeasance,9984,1,no,no,no,no,employment-related obligations (rare); wrongful trading findings; fraudulent trading; or misfeasance . You can also face personal liability where HMRC issues a Personal Liability Notice for unpaid PAY
LOW,44055_cant-pay-staff-wages.html,moratorium,7123,1,no,no,no,no,han current operations. Administration Administration imposes a statutory moratorium on creditor action while an administrator pursues rescue or sale of the business. Where the trading operation
LOW,44055_cant-pay-staff-wages.html,preferential debt / creditor,4051,2,yes,no,no,no,"a specific safety net where your company enters formal insolvency. Your employees become preferential creditors for unpaid wages up to a statutory cap, and can claim certain statutory entitlements fro"
LOW,44055_cant-pay-staff-wages.html,wrongful trading,2371,4,yes,no,no,no,director can face. Continued trading without a realistic rescue plan becomes wrongful trading under section 214 of the Insolvency Act 1986. Personal contribution to creditor losses is the remedy.
LOW,46579_bounce-back-loan-fraud.html,CVL,14952,1,yes,no,no,no,"se rules to live cases every week. Company Debt is an insolvency advisory firm. Where a CVL or Administration is the right answer, we can act as the licensed IP under separate engagement. The 0800 num"
LOW,46579_bounce-back-loan-fraud.html,misfeasance,4415,4,yes,no,no,no,stematic. The reputational weight of any of those is significant. Even a civil misfeasance finding stays on the public record; a disqualification is published on the register and widely indexed; a cr
LOW,46579_bounce-back-loan-fraud.html,wrongful trading,18779,1,no,no,no,no,I Default on a Bounce Back Loan? : the difference between not paying and misusing. Wrongful Trading : the conduct test a liquidator applies to directors. Creditors' Voluntary Liquidation : the formal 
LOW,46674_what-is-a-creditor.html,CVL,8401,1,yes,no,no,no,"What creditors can do: Vote on the appointment of the liquidator in a CVL, or ratify the administrator's proposals in administration. Request further information from the off"
LOW,46674_what-is-a-creditor.html,Schedule 6,2020,1,no,no,no,no,"rs into classes, and the class determines your place in the distribution order set out in Schedule 6 of the Insolvency Act 1986: Fixed-charge secured creditors , typically a bank with a mortgage over"
LOW,46674_what-is-a-creditor.html,Schedule B1,8824,1,no,no,no,no,"llenge officeholder decisions , fees, decisions, conduct, under the applications route in Schedule B1 or the Insolvency Rules. For a creditor owed £12,000 in a £3 million estate, the committee rarely "
LOW,47451_chinese-takeaway.html,misfeasance,3861,1,no,no,no,no,"y had no realistic means of paying. The director's personal exposure (wrongful trading, misfeasance, potential disqualification) increased every week he continued to trade. A voluntary CVL would let h"
LOW,47550_what-is-the-insolvency-service.html,CVA,5215,1,no,no,no,no,"blurred constantly. A licensed insolvency practitioner (the person you appoint for a CVL, CVA, or administration ) is a regulated professional working within an authorised body such as the ICAEW or IP"
LOW,47550_what-is-the-insolvency-service.html,CVL,5210,1,no,no,no,no,"gets blurred constantly. A licensed insolvency practitioner (the person you appoint for a CVL, CVA, or administration ) is a regulated professional working within an authorised body such as the ICAEW "
LOW,47550_what-is-the-insolvency-service.html,winding-up order (vs petition),9782,1,yes,no,no,no,"ent agency; the Official Receiver is the operational role within it. When a compulsory winding-up order is made, the Official Receiver is automatically appointed liquidator until either a private IP t"
LOW,47772_insolvency-act-1986.html,IP (insolvency practitioner),3637,5,yes,no,no,no,"from creditor action while a rescue plan is developed. Managed by a ""monitor"" (a licensed IP), directors remain in day-to-day control. Administration, Schedule B1 . Replaced the old sections 8–2"
LOW,47772_insolvency-act-1986.html,IVA,11780,2,yes,no,no,no,"al debt over (usually) five years. Used by directors whose PGs have been called. See our IVA guide . Bankruptcy, Parts IX–XI . The personal equivalent of liquidation. Assets vest in a trustee, d"
LOW,47772_insolvency-act-1986.html,Schedule 6,9888,1,no,no,no,no,"first. The Order of Distribution in the Insolvency Act 1986 Section 175 and Schedule 6 set out the priority waterfall, who gets paid before whom from the liquidation estate: Fixed-charg"
LOW,47772_insolvency-act-1986.html,advertised / advertisement (notice sense),9250,1,no,no,no,no,unless validated by the court. This is why banks freeze accounts the moment a petition is advertised. An avoidance claim does not require dishonesty; for preferences it requires an influence test that
LOW,47772_insolvency-act-1986.html,execution (enforcement sense),5137,2,yes,no,no,no,"ass without payment, security, or compromise. Section 123(1)(b)–(d) , unsatisfied execution of a judgment debt (England & Wales, Scotland, and Northern Ireland variants). Section 123(1)(e), cas"
LOW,47772_insolvency-act-1986.html,preferential debt / creditor,1874,4,yes,no,no,no,"The Third Group of Parts (Parts XII–XIX) contains the cross-cutting provisions: preferential debts, malpractice offences, insolvency practitioners' regulation, and miscellaneous and supplementary prov"
LOW,47772_insolvency-act-1986.html,presented (vs served),9099,1,no,no,no,no,"et aside. Section 127, post-petition dispositions . Once a winding-up petition is presented, any disposition of the company's property is void unless validated by the court. This is why banks freeze a"
LOW,48170_creditors-guides-to-insolvency-practitioners-fees.html,CVL,19245,3,yes,no,yes,no,"he additional fees within eight weeks of the disclosure. For a straightforward CVL with limited assets and no contentious work, fixed fees of £3,500 are common. Time-cost cases of similar comp"
LOW,48170_creditors-guides-to-insolvency-practitioners-fees.html,preferential debt / creditor,17576,2,yes,no,no,yes,lation of the office-holder whose fees you are scrutinising. Preferential and Non-Preferential Creditors : where unsecured creditors sit in the distribution after fees and disbursements come out. Freq
LOW,48758_automotive.html,Time to Pay,8993,4,no,no,no,no,"routes below is a defeat, and we talk dealers through each of them every week. Time to Pay arrangement. If the business is viable and the problem is a specific HMRC arrears, a Time to Pay arrangemen"
LOW,48758_automotive.html,wrongful trading,12147,1,yes,no,yes,no,"rsonal guarantee to a stocking lender or bank, an overdrawn director's loan account, or a wrongful trading finding. Selling stock subject to a lender's or manufacturer's rights can also create persona"
LOW,49488_care-homes.html,CVA,8831,2,yes,no,no,no,"eads PAYE or VAT over a manageable period and keeps you trading. Restructuring plan or CVA. For a viable operator carrying too much debt or rent, a Part 26A restructuring plan or a CVA can reduce l"
LOW,49488_care-homes.html,Time to Pay,8618,4,no,no,no,no,"ough each of them every week, with the residents kept at the centre throughout. Time to Pay arrangement. If the home is viable and the problem is a specific HMRC arrears, a Time to Pay arrangement s"
LOW,49488_care-homes.html,wrongful trading,11663,1,no,no,yes,no,"a personal guarantee to a lender or landlord, an overdrawn director's loan account, or a wrongful trading finding. Guarantees survive the company's closure, so it is worth checking what you have signe"
LOW,49550_charity.html,Time to Pay,10131,3,no,no,no,no,"every week. Once insolvency is likely, keep operating only on informed advice. Time to Pay arrangement. Where the charity is viable and the issue is a defined HMRC arrears, a Time to Pay arrangement"
LOW,49618_creditors-meeting.html,CVA,5035,4,yes,no,no,no,"of those voting, with the chair able to admit or reject claims for voting purposes. In a CVA, the threshold is 75% in value of those voting, with a connected-creditor override: a proposal cannot pass "
LOW,49618_creditors-meeting.html,Official Receiver,4466,2,yes,no,no,no,Compulsory liquidation following a winding-up petition has a different rhythm. The Official Receiver takes office automatically and convenes a decision later only if creditors want a private-sector IP
LOW,49618_creditors-meeting.html,advertised / advertisement (notice sense),8883,1,no,no,no,no,"eport. After the vote, the appointed liquidator files notice with Companies House, advertises the appointment, and writes to creditors with proof-of-debt forms and the timetable for distribution. The "
LOW,49618_creditors-meeting.html,misfeasance,6448,1,no,no,no,no,the one in the Statement of Affairs is not. Any inconsistency is the fastest route to a misfeasance question later. Challenge or Complaint Routes After a Decision Creditors who believe the decis
LOW,49618_creditors-meeting.html,preference (unlawful),10138,1,no,no,no,no,"already chasing. These are the transactions the liquidator will look at later for preference or transaction-at-undervalue claims, and they are the ones a determined creditor will press you on at the m"
LOW,49694_childcare.html,Time to Pay,10215,4,no,no,no,no,"s still a viable setting, they protect both the children and your own position. Time to Pay arrangement. Where the setting is viable and the issue is a defined HMRC arrears, a Time to Pay arrangement"
LOW,49694_childcare.html,wrongful trading,13682,1,no,no,yes,no,"nal guarantee on a lease or a loan, an overdrawn director's loan account, or a finding of wrongful trading. Guarantees on nursery premises are common and survive the company's closure, so it is worth "
LOW,49699_travel.html,Time to Pay,10526,4,no,no,no,no,"brand, the customer database and the bookings, which shapes what is realistic. Time to Pay arrangement. Where the business is viable and the problem is defined HMRC arrears, a Time to Pay arrangemen"
LOW,49699_travel.html,the Gazette,15729,1,no,no,yes,no,"Authority and the Air Travel Trust, and the named company failures are from CAA notices, The London Gazette and trade press, with dates in the text. Where a figure is time-specific, the period it rela"
LOW,49699_travel.html,wrongful trading,14300,1,no,no,yes,no,"a bond, a lease or a bank facility, an overdrawn director's loan account, or a finding of wrongful trading, which is a particular risk if you keep taking bookings while insolvent. Misusing trust or bo"
LOW,49706_taxi-companies.html,Time to Pay,9756,4,yes,no,no,no,"ter the earlier it is taken, while there is still a viable business to protect. Time to Pay arrangement. Where the business is viable and the issue is defined HMRC arrears, a Time to Pay arrangement"
LOW,49706_taxi-companies.html,advertised / advertisement (notice sense),12742,1,no,no,yes,no,"A winding-up petition means HMRC is asking the court to close the company, and once it is advertised your bank account is likely to be frozen. Acting before the hearing gives you options, such as payi"
LOW,49706_taxi-companies.html,wrongful trading,13412,1,no,no,yes,no,"vehicle finance or a bank facility, an overdrawn director's loan account, or a finding of wrongful trading. Personal guarantees on fleet finance are common and survive the company's closure, so it is "
LOW,49717_retail.html,Time to Pay,8664,4,no,no,no,no,"ers through each of them every week. Each works better the earlier it is taken. Time to Pay arrangement. If the business is viable and the problem is a specific HMRC arrears, a Time to Pay arrangemen"
LOW,49717_retail.html,statutory demand,5611,1,no,no,no,no,"Falling behind with HMRC. Missing VAT or PAYE, or holding it back to bridge a gap. A statutory demand or winding-up petition from HMRC means the business is already in serious trouble. Rent and rates "
LOW,49717_retail.html,wrongful trading,11732,1,no,no,yes,no,"personal guarantee on a lease or to a lender, an overdrawn director's loan account, or a wrongful trading finding. Guarantees on shop leases are common in retail and survive the company's closure, so "
LOW,49727_restaurants.html,Time to Pay,8509,4,no,no,no,no,"outes below is a defeat, and we talk operators through each of them every week. Time to Pay arrangement. If the restaurant is viable and the problem is a specific HMRC arrears, a Time to Pay arrangem"
LOW,49739_recruitment.html,wrongful trading,11719,1,yes,no,yes,no,"ntee to your invoice finance provider or bank, an overdrawn director's loan account, or a wrongful trading finding. Guarantees to funders are common in recruitment and survive the company's closure, s"
LOW,49767_cleaning-contractors.html,Time to Pay,9996,5,no,no,no,no,"ter the earlier it is taken, while there is still a viable business to protect. Time to Pay arrangement. Where the business is viable and the issue is defined HMRC arrears, a Time to Pay arrangement"
LOW,49767_cleaning-contractors.html,wrongful trading,13775,1,no,no,yes,no,"nance facility or a bank overdraft, an overdrawn director's loan account, or a finding of wrongful trading. Because cleaning firms lean heavily on invoice finance to bridge the wage gap, guarantees on"
LOW,49778_construction.html,Time to Pay,13981,4,no,no,no,no,"s comes down to whether there is a viable business underneath the cash problem. Time to Pay arrangement. If the business itself works and the problem is a defined HMRC arrears, VAT, PAYE or CIS, a Ti"
LOW,49778_construction.html,wrongful trading,13535,2,yes,no,no,no,"uidation, carrying on in a way that leaves creditors worse off can expose a director to a wrongful trading claim. That claim turns on what you knew or ought to have worked out, and on what you did abo"
LOW,49810_property.html,CVL,11667,1,yes,no,no,no,"nder enforces, a fixed-charge receiver may deal with the charged asset regardless, and a CVL closes the company in an orderly way for an agency or investor with no viable business left, though neither"
LOW,49810_property.html,Time to Pay,15329,1,no,no,yes,no,ditors' Voluntary Liquidation : the standard route to close an insolvent company. HMRC Time to Pay Arrangements : spreading VAT and PAYE arrears. Are Directors Personally Liable for Company Debts? : w
LOW,49810_property.html,moratorium,11328,2,yes,no,no,no,"enerates enough cash to fund the plan. Administration. Administration gives a legal moratorium that holds off creditor action while a part-built scheme is completed, sold or refinanced, which can prot"
LOW,49810_property.html,the Gazette,16156,1,no,no,yes,no,"ublished transaction data and industry reporting, and the named company failures are from The London Gazette, insolvency notices and trade press, with dates in the text. Where a figure is time-specifi"
LOW,49810_property.html,wrongful trading,14756,1,no,no,yes,no,"on development or bridging finance, an overdrawn director's loan account, or a finding of wrongful trading. Personal and cross-guarantees are especially common in property finance and survive the comp"
LOW,49820_professional-services.html,CVA,9916,1,yes,no,no,no,VAT or PAYE over a manageable period and keeps you trading. Voluntary arrangement. A CVA lets a viable company compromise its debts and trade on; a partnership voluntary arrangement does the same j
LOW,49820_professional-services.html,Time to Pay,9698,3,no,no,no,no,"is taken, while there is still work in progress and goodwill worth protecting. Time to Pay arrangement. Where the firm is viable and the issue is a defined HMRC arrears, a Time to Pay arrangement s"
LOW,49831_manufacturing.html,Time to Pay,10515,4,yes,no,no,no,"ile the workforce, the order book and the machinery can still be kept together. Time to Pay arrangement. Where the business is viable and the problem is defined HMRC arrears, a Time to Pay arrangemen"
LOW,49831_manufacturing.html,the Gazette,15682,1,no,no,yes,no,"e from Make UK and the Food and Drink Federation, and the named company failures are from The London Gazette, insolvency notices and trade press, with dates in the text. Where a figure is time-specifi"
LOW,49831_manufacturing.html,wrongful trading,14403,1,no,no,yes,no,"chinery finance or a bank facility, an overdrawn director's loan account, or a finding of wrongful trading. Personal guarantees on asset finance are common in manufacturing and survive the company's c"
LOW,49839_leisure.html,Time to Pay,9761,4,no,no,no,no,"ter the earlier it is taken, while there is still a viable business to protect. Time to Pay arrangement. Where the business is viable and the issue is a defined HMRC arrears, a Time to Pay arrangemen"
LOW,49839_leisure.html,statutory demand,6443,1,no,no,no,no,"ration. HMRC going unpaid. Missing VAT or PAYE, or holding it back to bridge a gap. A statutory demand or winding-up petition from HMRC means the position is already serious. Finance terms tightening."
LOW,49839_leisure.html,wrongful trading,13224,1,yes,no,yes,no,"bank facility or equipment finance, an overdrawn director's loan account, or a finding of wrongful trading. Guarantees on leisure premises and equipment are common and survive the company's closure, s"
LOW,49849_dry-cleaning-laundry.html,Time to Pay,10259,4,no,no,no,no,"ter the earlier it is taken, while there is still a viable business to protect. Time to Pay arrangement. Where the shop is viable and the problem is defined HMRC arrears, a Time to Pay arrangement s"
LOW,49849_dry-cleaning-laundry.html,the Gazette,15684,1,no,no,yes,no,"e index and published National Living Wage rates, and the named company failures are from The London Gazette, insolvency notices and trade press, with dates in the text. Where a figure is time-specifi"
LOW,49849_dry-cleaning-laundry.html,wrongful trading,14272,1,no,no,yes,no,"inance, a lease or a bank facility, an overdrawn director's loan account, or a finding of wrongful trading. Personal guarantees are common on laundry plant and premises and survive the company's closu"
LOW,49856_hotels.html,Time to Pay,8920,4,no,no,no,no,"outes below is a defeat, and we talk operators through each of them every week. Time to Pay arrangement. If the hotel is viable and the problem is a seasonal cash gap or a specific HMRC arrears, a Ti"
LOW,49866_haulage.html,National Insurance Fund,10560,1,no,no,no,no,"o their owners and deals with creditors including HMRC, with driver claims falling to the National Insurance Fund, though it does not clear personal guarantees you have given. The honest question is w"
LOW,49866_haulage.html,wrongful trading,13552,1,no,no,yes,no,"vehicle finance or a bank facility, an overdrawn director's loan account, or a finding of wrongful trading. Personal guarantees on fleet finance are common in haulage and survive the company's closure"
LOW,49873_gyms.html,Time to Pay,8632,4,no,no,no,no,"outes below is a defeat, and we talk operators through each of them every week. Time to Pay arrangement. If the gym is viable and the problem is a specific HMRC arrears, a Time to Pay arrangement sp"
LOW,49873_gyms.html,wrongful trading,11678,1,no,no,yes,no,", the equipment finance or an energy contract, an overdrawn director's loan account, or a wrongful trading finding. Guarantees are common in the sector and survive the company's closure, so it is wort"
LOW,49880_events.html,Time to Pay,9734,4,no,no,no,no,"y of dealing with that position, and each works better the earlier it is taken. Time to Pay arrangement. Where the business is viable and the problem is defined HMRC arrears, a Time to Pay arrangemen"
LOW,49880_events.html,statutory demand,6380,1,no,no,no,no,"of it. HMRC going unpaid. Missing VAT or PAYE, or holding it back to bridge a gap. A statutory demand or winding-up petition from HMRC means the position is already serious. Margin gone from won work."
LOW,49890_entertainment.html,Time to Pay,10050,4,no,no,no,no,"ter the earlier it is taken, while there is still a viable business to protect. Time to Pay arrangement. Where the venue is viable and the problem is defined HMRC arrears, a Time to Pay arrangement"
LOW,49890_entertainment.html,the Gazette,15159,1,no,no,yes,no,"Industries Association and the Music Venue Trust, and the named company failures are from The London Gazette, insolvency notices and trade press, with dates in the text. Where a figure is time-specifi"
LOW,49890_entertainment.html,wrongful trading,13740,1,yes,no,yes,no,"on a lease or on equipment finance, an overdrawn director's loan account, or a finding of wrongful trading. Guarantees on premises and on sound or staging equipment are common in this sector and survi"
LOW,49898_energy.html,CVA,11175,1,yes,no,no,no,"an unlicensed energy business is viable and the issue is debt or defined HMRC arrears, a CVA or a Time to Pay arrangement may restructure the position while it trades on. Creditors' Voluntary Liqu"
LOW,49898_energy.html,Time to Pay,11065,4,no,no,no,no,"ld, sometimes to a buyer who continues the operation. Company Voluntary Arrangement or Time to Pay. Where an unlicensed energy business is viable and the issue is debt or defined HMRC arrears, a CVA o"
LOW,49906_schools.html,CVL,11422,1,yes,no,no,no,"A Time to Pay arrangement may bridge defined HMRC arrears for a viable school, while a CVL is the route where funds are exhausted and closure cannot be avoided, requiring close coordination with loca"
LOW,49906_schools.html,Time to Pay,11282,4,no,no,no,no,"-concern sale or transfer is arranged, particularly where the estate holds real value. Time to Pay or Creditors' Voluntary Liquidation. A Time to Pay arrangement may bridge defined HMRC arrears for a "
LOW,50629_personal-liability-for-cbils-loans.html,wrongful trading,6942,1,no,no,no,no,"ct law, the Insolvency Act 1986 (sections 122 and 123 on insolvency tests, section 214 on wrongful trading), and current Insolvency Service guidance. Where we describe how CBILS guarantees play out op"
LOW,50819_cant-pay-coronavirus-business-interruption-loan-cbils.html,Schedule B1,6984,1,no,no,no,no,"Act 1986 (sections 122 and 123 on insolvency tests, section 214 on wrongful trading, and Schedule B1 on administration), and current HMRC Time to Pay guidance. Where we describe how CBILS defaults pla"
LOW,50819_cant-pay-coronavirus-business-interruption-loan-cbils.html,debenture,3409,1,no,no,no,no,"ssed instalments. Stage 3: Enforcement against the company. If the lender holds a debenture (fixed and floating charges), they can appoint a receiver, enforce the charges, and realise company assets."
LOW,50819_cant-pay-coronavirus-business-interruption-loan-cbils.html,wrongful trading,6962,1,no,no,no,no,"ct law, the Insolvency Act 1986 (sections 122 and 123 on insolvency tests, section 214 on wrongful trading, and Schedule B1 on administration), and current HMRC Time to Pay guidance. Where we describe"
LOW,52222_garden-centres.html,Time to Pay,8909,4,no,no,no,no,"e routes below is a defeat, and we talk owners through each of them every week. Time to Pay arrangement. If a wet spring has caused a temporary cash gap and the business is otherwise sound, a Time to"
LOW,52222_garden-centres.html,statutory demand,5878,1,no,no,no,no,"ling behind with HMRC. Missing VAT or PAYE, or holding the money back to bridge a gap. A statutory demand or winding-up petition from HMRC means your business is already in trouble. Energy and rates a"
LOW,52222_garden-centres.html,wrongful trading,11665,1,no,no,yes,no,"ersonal guarantee to a bank or a key supplier, an overdrawn director's loan account, or a wrongful trading finding. Guarantees survive the company's closure, so it is worth checking what you have sign"
LOW,52808_find-a-liquidator-near-me.html,CVA,2933,1,yes,no,no,no,"vency Practitioner Licensing Actually Works To act as a liquidator, administrator, CVA supervisor, or trustee in bankruptcy, an individual must hold a current licence from one of the four RPBs."
LOW,53158_hold-action-on-my-account.html,Time to Pay,14917,1,no,no,yes,no,", you need to contact the Business Payment Support Service on 0300 200 3835 and discuss a Time to Pay arrangement. Sending this letter to HMRC is unlikely to achieve the same outcome as sending it to "
LOW,53159_i-have-no-knowledge-of-this-debt.html,served / service,15424,1,no,no,yes,no,"or sends a statutory demand after I send the letter? A statutory demand served on a company is serious. You have 21 days to apply to court to have it set aside, or 21 days before the creditor"
LOW,53159_i-have-no-knowledge-of-this-debt.html,statutory demand,10548,6,yes,no,no,no,"ons there are a formal legal dispute or, if the amount is significant, a challenge to any statutory demand before it leads to a winding-up petition. We recommend speaking to an adviser before that sit"
LOW,53166_i-cannot-afford-to-repay-my-debt.html,Official Receiver,10983,2,yes,no,no,no,"not improved by the end. Apply through an authorised debt adviser, not directly, and the Official Receiver handles it from there. The fee is £90. An Individual Voluntary Arrangement (IVA) is an agreem"
LOW,53174_request-a-reduced-monthly-payment.html,IVA,14438,1,yes,no,no,no,"A letter explaining inability to repay and a formal proposal for a Debt Management Plan, IVA, or Debt Relief Order may be more appropriate at that stage. We can help you assess which route fits your"
LOW,53183_write-off-my-debt.html,Time to Pay,12688,2,yes,no,yes,no,"HMRC very rarely writes off tax debt outside formal insolvency. They do operate Time to Pay arrangements and, in narrow circumstances, will accept a partial settlement under their ""remission"" or ""remi"
LOW,53185_i-need-more-information-about-this-debt.html,Time to Pay,16960,1,no,no,no,no,"in our letters section, including letters for disputing specific charges and requesting time to pay. Frequently Asked Questions About the ""I Need More Information About This Debt"" Letter D"
LOW,53187_cease-trading-template.html,CVA,14919,2,yes,no,no,no,"yments or wrongful trading decisions, face a different outcome. See our comparison of CVA vs liquidation if you are weighing options at this point. If the company has a viable core — a product, a"
LOW,53187_cease-trading-template.html,misfeasance,2778,2,yes,no,no,no,"ct whether a liquidator later decides to pursue you for wrongful trading, preferences, or misfeasance. The letter is simple. The context around it is not. What to Have Ready Before You Send It The man"
LOW,53187_cease-trading-template.html,wrongful trading,2744,4,yes,no,no,no,"ch you do things can directly affect whether a liquidator later decides to pursue you for wrongful trading, preferences, or misfeasance. The letter is simple. The context around it is not. What to Hav"
LOW,53243_tell-debt-collector-to-stop-contacting-you.html,moratorium,14484,1,no,no,no,no,"essure : the decision guide for choosing between payment offer, write-off request, formal moratorium, or insolvency procedure. Creditor Negotiations : the structured negotiation routes (informal forbe"
LOW,53625_can-i-lose-my-house-with-a-bounce-back-loan.html,IP (insolvency practitioner),6772,6,yes,no,no,no,"mpliant use. Bank statements, purchase invoices, payroll records, supplier payments. The IP will reconstruct the use of the loan from these documents regardless of whether you volunteer them. If you c"
LOW,53625_can-i-lose-my-house-with-a-bounce-back-loan.html,misfeasance,11747,1,no,no,no,no,"dance. We've also drawn on the Insolvency Act 1986 (wrongful trading under section 214, misfeasance under section 212, preferences and transactions at undervalue under sections 238 and 239), the Fraud"
LOW,53625_can-i-lose-my-house-with-a-bounce-back-loan.html,preference (unlawful),11778,1,no,no,no,no,"e Insolvency Act 1986 (wrongful trading under section 214, misfeasance under section 212, preferences and transactions at undervalue under sections 238 and 239), the Fraud Act 2006, the Company Direct"
LOW,53625_can-i-lose-my-house-with-a-bounce-back-loan.html,transaction at an undervalue,11794,1,no,no,no,no,"1986 (wrongful trading under section 214, misfeasance under section 212, preferences and transactions at undervalue under sections 238 and 239), the Fraud Act 2006, the Company Directors Disqualificat"
LOW,55381_writing-off-a-directors-loan-account.html,CVA,11912,1,no,no,no,no,", and transactions at undervalue). Company Debt is an insolvency advisory firm. Where a CVA, Administration, or CVL is the right answer, we can act as the licensed IP under separate engagement. The 08"
LOW,55381_writing-off-a-directors-loan-account.html,CVL,11936,1,no,no,no,no,"dervalue). Company Debt is an insolvency advisory firm. Where a CVA, Administration, or CVL is the right answer, we can act as the licensed IP under separate engagement. The 0800 number is a free conf"
LOW,55381_writing-off-a-directors-loan-account.html,transaction at an undervalue,6160,2,yes,no,no,no,"rusted Source - GOV.UK - )). Two lines of challenge typically surface: Transaction at undervalue , writing off a loan for no or inadequate consideration when insolvency was already likely. The court c"
LOW,55751_fish-chip.html,Time to Pay,9662,5,no,no,no,no,"ter the earlier it is taken, while there is still a viable business to protect. Time to Pay arrangement. Where the shop is viable and the problem is defined HMRC arrears, a Time to Pay arrangement s"
LOW,55751_fish-chip.html,wrongful trading,13368,1,no,no,yes,no,"uipment finance or a bank facility, an overdrawn director's loan account, or a finding of wrongful trading. Guarantees and director's loans are common in this trade, so it is worth establishing exactl"
LOW,58601_cant-pay-business-energy.html,CVL,7853,4,yes,no,no,no,"n notice almost always do not. When Business Energy Arrears Mean You Need a CVA or CVL Where the energy arrears are not isolated, where they sit alongside VAT arrears, supplier debt, and PA"
LOW,58601_cant-pay-business-energy.html,IP (insolvency practitioner),14373,1,yes,no,no,no,etition) that needs the statutory moratorium to buy time for a rescue or sale. A licensed IP will pick between them based on the specific facts. Does paying my energy supplier before othe
LOW,58601_cant-pay-business-energy.html,misfeasance,13436,1,no,no,no,no,"but not unknown on larger accounts), or where insolvency is reached and wrongful trading, misfeasance, or preference claims arise. Are government energy support schemes still available for small b"
LOW,58601_cant-pay-business-energy.html,moratorium,14317,1,no,no,no,no,nder immediate creditor pressure (usually a winding-up petition) that needs the statutory moratorium to buy time for a rescue or sale. A licensed IP will pick between them based on the specific facts.
LOW,58601_cant-pay-business-energy.html,preference (unlawful),9275,3,yes,no,no,no,oute fits your situation in under an hour. The choice between the two is not about preference. It is about whether the underlying numbers support a restructure. When our IPs sit with a director for an
LOW,58601_cant-pay-business-energy.html,statutory demand,3511,3,yes,no,no,no,"County Court Judgment (which stays on the company's public record for six years), or a statutory demand . Eventually, for debts the company cannot pay and has not disputed, that pressure can become a "
LOW,58601_cant-pay-business-energy.html,wrongful trading,5241,3,yes,no,no,no,"ing every step a reasonably diligent director would take to minimise creditor losses, is wrongful trading under section 214 of the Insolvency Act 1986. The personal-liability consequence is a court or"
LOW,65483_company-administration.html,CVL,7366,6,yes,no,no,no,meant to benefit from the process end up with less than they would have recovered from a CVL. What Happens to Directors During Company Administration Your executive authority is suspended
LOW,65483_company-administration.html,IP (insolvency practitioner),1893,4,yes,no,no,no,ss under Part II and Schedule B1 of the Insolvency Act 1986. An administrator (a licensed IP) is appointed to achieve one of three statutory purposes set out in paragraph 3 of Schedule B1: resc
LOW,65483_company-administration.html,execution (enforcement sense),5084,1,yes,no,no,no,"proposals at a creditors' meeting or through a deemed-consent decision procedure. Execution: Sale, Restructure, or Wind-Down The administrator carries out the proposals: restructuring the busine"
LOW,65483_company-administration.html,misfeasance,15134,1,no,no,yes,no,"preference payments under section 239, transactions at undervalue under section 238, and misfeasance under section 212. If the administration transitions to liquidation, the liquidator picks up the co"
LOW,65483_company-administration.html,preference (unlawful),15045,1,no,no,yes,no,"or conduct in the same way a liquidator does: wrongful trading under section 214 IA 1986, preference payments under section 239, transactions at undervalue under section 238, and misfeasance under sec"
LOW,65483_company-administration.html,preferential debt / creditor,2156,1,yes,no,no,no,"for creditors than immediate liquidation; or realise assets to distribute to secured or preferential creditors. Pure rescue (the first purpose, where your company emerges intact) is less common than d"
LOW,65483_company-administration.html,transaction at an undervalue,15084,1,yes,no,yes,no,"does: wrongful trading under section 214 IA 1986, preference payments under section 239, transactions at undervalue under section 238, and misfeasance under section 212. If the administration transiti"
LOW,65483_company-administration.html,wrongful trading,15001,1,yes,no,yes,no,"The administrator examines director conduct in the same way a liquidator does: wrongful trading under section 214 IA 1986, preference payments under section 239, transactions at undervalue under secti"
LOW,65593_directors-disqualification.html,IP (insolvency practitioner),9858,1,yes,no,no,no,e date you first sought professional advice is a key data point. A director who called an IP before the position became critical demonstrates the diligence that section 214 requires. Do not ignore th
LOW,65593_directors-disqualification.html,misfeasance,13512,1,no,no,no,no,"h). We have also drawn on the Insolvency Act 1986, in particular sections 212 to 214 on misfeasance and wrongful trading and section 216 on the restriction on re-use of company names, together with cu"
LOW,65614_closing-a-limited-company.html,CVA,4430,2,yes,no,no,no,"There must be no outstanding debts the company cannot pay. It must not be subject to a CVA, administration order, or other formal insolvency procedure. All employees must have been formally terminat"
LOW,65614_closing-a-limited-company.html,Schedule 6,18299,1,no,no,yes,no,"atutory references draw on the Insolvency Act 1986 (sections 84, 122, 124, 212, 214, 216, Schedule 6), the Companies Act 2006 (Part 31, voluntary striking-off), and the Employment Rights Act 1996 (Par"
LOW,65614_closing-a-limited-company.html,advertised / advertisement (notice sense),8729,1,no,no,no,no,"ind up the company because a debt has not been paid. Once a winding-up petition is advertised in the Gazette, a bank that becomes aware of it will often restrict the company's account, though the timi"
LOW,65614_closing-a-limited-company.html,statutory demand,9145,1,no,no,no,no,"n into directors' conduct follows. If you have received a winding-up petition or a statutory demand, you may still be able to start a CVL before the petition is heard. That preserves your IP choice, t"
LOW,65614_closing-a-limited-company.html,winding-up order (vs petition),8906,1,yes,no,no,no,"any's account, though the timing varies from bank to bank. If the court goes on to make a winding-up order, the Official Receiver takes control. You lose authority over the business, its assets, and t"
LOW,66786_what-is-wrongful-trading.html,CVA,11656,1,no,no,no,no,"upplier. The earlier you take advice, the more options remain. Administration , a CVA, or a controlled creditors' voluntary liquidation all preserve more value than a compulsory winding-up peti"
LOW,66786_what-is-wrongful-trading.html,misfeasance,7819,3,yes,no,no,no,at happens to the underlying company. Wrongful Trading Versus Fraudulent Trading and Misfeasance Directors often confuse three different liability regimes that overlap in the same insolvency. The dist
LOW,66786_what-is-wrongful-trading.html,officeholder / office-holder,14157,1,no,no,no,no,"rantees, fraud, or misrepresentation, but the wrongful trading remedy is reserved for the office holder. Disqualification under the Company Directors Disqualification Act 1986 runs from 2 to 15 years."
LOW,66834_what-is-a-pre-pack-administration.html,IP (insolvency practitioner),9631,1,yes,no,no,no,"s wound down. Most pre-pack sales close within 4 to 8 weeks of first instruction once the IP is engaged and the evaluator route is being used. Yes, in narrow circumstances. Creditors can chal"
LOW,66834_what-is-a-pre-pack-administration.html,preferential debt / creditor,4673,1,no,no,no,no,"der . In practice, this means secured creditors recover from their charged assets, preferential creditors (employees, HMRC for certain taxes) receive their priority share, and unsecured creditors rece"
LOW,67438_dealing-with-an-hmrc-winding-up-petition.html,CVL,19891,1,no,no,yes,no,"lvency, we can act as the licensed Insolvency Practitioner for an Administration, CVA, or CVL under separate engagement. The 0800 number is a free confidential consultation; we are not on commission t"
LOW,67438_dealing-with-an-hmrc-winding-up-petition.html,disposition,8770,3,yes,no,no,no,lly A validation order is a court order under section 127 that authorises specific dispositions of company property despite the petition. It is the emergency tool that lets a viable business keep payi
LOW,67438_dealing-with-an-hmrc-winding-up-petition.html,preferential debt / creditor,6655,1,no,no,no,no,"c for unsecured trade creditors. On VAT, PAYE and employee NICs, HMRC sits as a secondary preferential creditor. It recovers ahead of floating-charge holders and unsecured creditors , which is why the"
LOW,67438_dealing-with-an-hmrc-winding-up-petition.html,validation order,2422,8,yes,no,no,no,"ier invoices, and HMRC payments themselves, is potentially void unless the court grants a validation order. What to Do Next About an HMRC Winding Up Petition Stop disposing of company assets today. Sp"
LOW,67438_dealing-with-an-hmrc-winding-up-petition.html,winding-up order (vs petition),3123,7,yes,no,no,yes,"ding Up Petition Yes, but the legal routes narrow fast. Until the court makes a winding up order at the hearing, the petition can be dismissed if the debt is paid in full, withdrawn by HMRC after a sa"
LOW,67505_can-a-director-be-made-bankrupt-if-a-business-fails.html,IP (insolvency practitioner),6509,1,yes,no,no,no,rder. Take personal insolvency advice separately from company insolvency advice. Your IP advises the company. You need a solicitor or personal insolvency adviser who can assess your personal positio
LOW,67505_can-a-director-be-made-bankrupt-if-a-business-fails.html,Official Receiver,8700,1,yes,no,no,no,"Your credit record is affected for 6 years from the date of the bankruptcy order. If the Official Receiver concludes your conduct was dishonest, discharge can be suspended for up to 15 years. £5,000. "
LOW,67535_pros-and-cons.html,floating charge,6620,1,no,no,no,no,"rips directors up. If your company's bank holds a fixed charge over your premises or a floating charge over all assets, the bank can still enforce independently. HMRC, in its role as a preferential cr"
LOW,67747_antecedent-transactions.html,officeholder / office-holder,2819,7,yes,no,no,no,"r company entered formal insolvency. The legal label captures a family of transactions an office-holder can challenge after the fact: gifts, sales below value, loan repayments to favoured creditors , "
LOW,67757_transactions-at-undervalue.html,CVA,13196,1,no,no,no,no,"party transactions, model the section 238 and section 239 exposure, and set out whether a CVA, a pre-pack administration, or a creditors' voluntary liquidation is the cleaner route. Nothing is charged"
LOW,67757_transactions-at-undervalue.html,IP (insolvency practitioner),11573,3,yes,no,no,no,"asset transfer will be examined microscopically. Waiting for a formal process, where the IP can run a competitive sale, protects the director from both TUV and preference exposure. Our guide"
LOW,67757_transactions-at-undervalue.html,debenture,2672,1,no,no,no,no,"a subjective desire to improve the creditor's position. In Bacon , the grant of a debenture to the company's bank did not constitute a TUV because what the company gave (security) equated in money's w"
LOW,67809_hmrc.html,Schedule B1,8487,1,no,no,no,no,based on debt size and engagement history. Yes. The statutory moratorium under Schedule B1 of the Insolvency Act 1986 halts most HMRC enforcement action from the moment the administrator is appointed
LOW,67809_hmrc.html,Time to Pay,2548,14,yes,no,no,yes,eliable guide to which response track you are on. Debt Management letters want payment or TTP. FIS letters want disclosure. Specialist unit letters want specific responses to specific statutory powers
LOW,67809_hmrc.html,moratorium,8470,1,no,no,no,no,antial variation based on debt size and engagement history. Yes. The statutory moratorium under Schedule B1 of the Insolvency Act 1986 halts most HMRC enforcement action from the moment the administr
LOW,67809_hmrc.html,winding-up order (vs petition),8180,1,no,no,no,no,"r approval is discretionary. Typically 60–180 days from first formal demand to winding-up order. The informal negotiation window sits in the first 30–60 days; DRD, distraint, and NoE appear around day"
LOW,67809_hmrc.html,wrongful trading,8964,1,no,no,no,no,"tices for NIC (fraud or neglect), Joint and Several Liability Notices (Finance Act 2020), wrongful trading findings in subsequent insolvency, director disqualification with compensation orders, or Loa"
LOW,67828_accelerated-payment-notices-apn.html,CVL,9058,1,no,no,no,no,"ncy practitioner , if the APN amount exceeds realistic liquidity. Administration, CVA, or CVL options need to be mapped inside the 90 days. Accountant , to support the cash-flow modelling and TTP"
LOW,67828_accelerated-payment-notices-apn.html,Time to Pay,5612,6,yes,no,no,no,"separately; the APN amount is refunded if the taxpayer ultimately wins. Negotiate Time to Pay with HMRC. TTP on an APN is possible but harder than standard TTP, HMRC Debt Management treats APN amounts"
LOW,67828_accelerated-payment-notices-apn.html,preferential debt / creditor,6301,1,no,no,no,no,orcement; a CVA can compromise the APN amount alongside other creditors (though HMRC as preferential creditor retains special status). Director and Personal Liability Risks on an APN APNs can be issue
LOW,67957_why-debt-is-not-always-a-bad-thing-for-your-business.html,statutory demand,10934,1,no,no,no,no,", structured restructure, formal insolvency, narrows sharply once a creditor has moved to statutory demand or petition. An hour with a licensed IP while the business is still trading keeps the full me"
LOW,67960_cant-afford-to-pay-suppliers-what-are-the-options.html,transaction at an undervalue,11682,1,no,no,no,no,"trading name without permission, face specific sanctions. Those sanctions include transactions at undervalue unwound under section 238, phoenix-name restrictions under section 216, misfeasance claims,"
LOW,67960_cant-afford-to-pay-suppliers-what-are-the-options.html,wrongful trading,4234,3,yes,no,no,no,"ing every step a reasonably diligent director would take to minimise creditor losses, is wrongful trading under section 214, with personal-contribution consequences for you as director. Persistent sup"
LOW,67962_what-is-a-statutory-demand-against-a-company.html,Official Receiver,3486,2,yes,no,no,no,"he creditor can present a winding-up petition. Court fee £352 plus £2,600 deposit for the Official Receiver. Petition advertised in The Gazette, normally no earlier than seven business days after the "
LOW,67962_what-is-a-statutory-demand-against-a-company.html,disposition,3831,1,no,no,no,no,"ice will often restrict the account, because if the court later makes a winding-up order, dispositions of company property made after the petition was presented can be void unless the court validates "
LOW,67962_what-is-a-statutory-demand-against-a-company.html,the Gazette,3537,1,no,no,no,no,"t fee £352 plus £2,600 deposit for the Official Receiver. Petition advertised in The Gazette, normally no earlier than seven business days after the petition is served and no later than seven business"
LOW,67962_what-is-a-statutory-demand-against-a-company.html,winding-up order (vs petition),3813,3,yes,no,no,no,"that sees the notice will often restrict the account, because if the court later makes a winding-up order, dispositions of company property made after the petition was presented can be void unless the"
LOW,68101_dealing-with-creditor-pressure.html,CVL,18223,4,yes,no,no,no,"deductions, then the prescribed part for unsecured creditors , then the rest. Compare CVL to the alternatives in our CVA vs liquidation guide . The four routes compared on creditor-pressure t"
LOW,68101_dealing-with-creditor-pressure.html,IP (insolvency practitioner),13469,3,yes,no,no,no,"the first call you make. This isn't a formality. It's the document you hand to the IP, the document you read from when you write to creditors, and the document a future liquidator will reconstruc"
LOW,68101_dealing-with-creditor-pressure.html,Official Receiver,24799,1,yes,no,yes,no,"petition for any undisputed debt over £750, presented for a £352 court fee plus a £2,600 Official Receiver deposit. A county court money claim becomes a CCJ, then a writ for high court enforcement, a "
LOW,68101_dealing-with-creditor-pressure.html,Schedule 6,17937,1,no,no,no,no,"dator takes over, and the conduct review begins. The order of payment runs through Schedule 6: secured, preferential (employee wages capped at £800 per employee , holiday pay, certain pension contrib"
LOW,68101_dealing-with-creditor-pressure.html,Time to Pay,6764,11,yes,no,no,no,ead of the floating charge in any later liquidation. The realistic informal route is a Time to Pay arrangement; the realistic formal route is a procedure that engages an insolvency practitioner before
LOW,68101_dealing-with-creditor-pressure.html,floating charge,6685,2,yes,no,no,no,"PAYE, employee NIC, CIS and student-loan deductions, which means HMRC ranks ahead of the floating charge in any later liquidation. The realistic informal route is a Time to Pay arrangement; the realis"
LOW,68101_dealing-with-creditor-pressure.html,misfeasance,22887,1,no,no,yes,no,nt can be clawed back from the recipient and the authorising director can face a personal misfeasance claim under section 212. Take advice before any payment outside the ordinary course of trading.
LOW,68101_dealing-with-creditor-pressure.html,moratorium,8499,7,yes,no,no,no,ector has a unilateral right to pause creditor enforcement. A company isn't entitled to a moratorium because its director has had a difficult month. Statutory demands keep running. County court claims
LOW,68101_dealing-with-creditor-pressure.html,served / service,4620,1,no,no,no,no,"t a court order, but it sets up the petition that follows. A county court money claim, served on the company, starts the formal litigation track. The mechanics of each pressure type are spoke pages o"
LOW,68101_dealing-with-creditor-pressure.html,wrongful trading,2651,8,yes,no,no,no,e liquidator who reads your decisions later. Section 214 of the Insolvency Act 1986 (wrongful trading) puts directors on the hook personally if they kept trading when there was no reasonable prospect 
LOW,68108_how-to-reduce-insolvency-risk.html,IP (insolvency practitioner),12477,4,yes,no,no,no,ollow the advice. You do have to be able to show you took it. The protective effect of an IP's written opinion in section 214 wrongful trading defence is significant; courts have repeatedly distinguis
LOW,68108_how-to-reduce-insolvency-risk.html,Time to Pay,5339,6,yes,no,no,no,"to mitigation. Once a creditor has issued a winding-up petition, once HMRC has refused a Time to Pay, or once your accountant has used the word ""insolvent"" without the word ""technically"" in front of i"
LOW,68108_how-to-reduce-insolvency-risk.html,moratorium,14849,1,no,no,no,no,"ontinued trading. Administration places the company under a licensed administrator with a moratorium on creditor action. Both are formal procedures, both leave a public record on the company file, and"
LOW,68108_how-to-reduce-insolvency-risk.html,preference (unlawful),13360,3,yes,no,no,no,"ore Insolvency Is Realistic Once insolvency is foreseeable, paying one creditor in preference to another, particularly a creditor connected to you, such as a director, family member, or another compan"
LOW,68108_how-to-reduce-insolvency-risk.html,wrongful trading,2014,3,yes,no,no,no,hould already be in motion. Main Director Risk When Insolvency Becomes Real Wrongful trading under section 214 of the Insolvency Act 1986. Once you ought to have concluded there was no reasonable pros
LOW,68111_what-to-do-about-customer-insolvency.html,CVA,4579,3,yes,no,no,no,"titioner The first letter you receive will set out the procedure (administration, CVL, CVA, or compulsory liquidation), the appointment date, the IP's name and IP number, and the deadline for the proo"
LOW,68111_what-to-do-about-customer-insolvency.html,CVL,4574,5,yes,no,no,no,"Practitioner The first letter you receive will set out the procedure (administration, CVL, CVA, or compulsory liquidation), the appointment date, the IP's name and IP number, and the deadline for the"
LOW,68111_what-to-do-about-customer-insolvency.html,Schedule 6,8595,1,no,no,no,no,Invoices Where You Sit in the Distribution Waterfall The order of payment is set by Schedule 6 of the Insolvency Act 1986 and section 175. Secured creditors with a fixed charge come first from the ass
LOW,68111_what-to-do-about-customer-insolvency.html,Schedule B1,5269,1,no,no,no,no,Pre-Pack The procedure shapes what you can recover and how fast. Administration under Schedule B1 of the Insolvency Act 1986 imposes a moratorium on creditor action and aims for rescue or a better out
LOW,68111_what-to-do-about-customer-insolvency.html,officeholder / office-holder,17974,1,no,no,yes,no,"UK insolvency and business rescue firm, and our advice to suppliers is independent of any office-holder's fee arrangement on the same case. We do not guarantee recovery outcomes; dividends depend on e"
LOW,68111_what-to-do-about-customer-insolvency.html,preferential debt / creditor,8779,5,yes,no,no,no,"ome first from the asset they hold. Then the expenses of the insolvency. Then ordinary preferential creditors: employees up to a statutory cap of £800 in arrears of wages, holiday pay, and occupationa"
LOW,68111_what-to-do-about-customer-insolvency.html,statutory demand,4233,1,no,no,no,no,"stomer may simply be a slow payer rather than insolvent. The remedy there is different: a statutory demand above the £750 threshold, then a winding-up petition with a £352 court fee and a £2,600 Offic"
LOW,68111_what-to-do-about-customer-insolvency.html,winding-up order (vs petition),2263,1,yes,no,no,no,the proof of debt alone. You cannot sue the company once an administration moratorium or winding-up order is in place. You cannot pull a director personally unless you hold a personal guarantee or the
LOW,68115_rescue-your-business-from-insolvency.html,CVA,4479,18,yes,no,no,no,"ny alive is the next director loan or the next bounce-back drawdown. In those cases, a CVA simply re-papers the same losses over five years, and you spend that period accumulating fresh wrongful-tradi"
LOW,68115_rescue-your-business-from-insolvency.html,Time to Pay,1357,7,yes,no,no,no,"Arrangement, Administration, a Restructuring Plan or, in narrower cases, an informal HMRC Time to Pay deal. Whether it works depends on whether the underlying business is viable once the debt overhang"
LOW,68115_rescue-your-business-from-insolvency.html,advertised / advertisement (notice sense),19015,1,no,no,yes,no,"facing a winding-up petition? The clock has started. Once the petition is advertised in the Gazette, your bank account will usually be frozen, and any disposition of company property after prese"
LOW,68115_rescue-your-business-from-insolvency.html,disposition,19092,2,yes,no,yes,no,"petition is advertised in the Gazette, your bank account will usually be frozen, and any disposition of company property after presentation of the petition is voidable under section 127 unless validat"
LOW,68115_rescue-your-business-from-insolvency.html,presented (vs served),19130,2,no,no,yes,no,", your bank account will usually be frozen, and any disposition of company property after presentation of the petition is voidable under section 127 unless validated by the court. You have a window, u"
LOW,68115_rescue-your-business-from-insolvency.html,the Gazette,19029,1,no,no,yes,no,"ng-up petition? The clock has started. Once the petition is advertised in the Gazette, your bank account will usually be frozen, and any disposition of company property after presentation of the"
LOW,68117_how-to-save-a-struggling-business.html,CVA,6596,5,yes,no,no,no,"siness from insolvency page; this article won't repeat them. The short version: a CVA reschedules creditor debt over (typically) five years, an Administration buys you a moratorium and a restruct"
LOW,68117_how-to-save-a-struggling-business.html,IP (insolvency practitioner),6142,6,yes,no,no,no,"e finance facility before you breach it, not after. None of this needs a court, an IP, or a fee. Most of it works if you do it before the creditors have started enforcement, and almost none of it"
LOW,68117_how-to-save-a-struggling-business.html,MVL,7326,1,yes,no,no,no,"in full inside 12 months. Most readers of this page can't, and that's fine, but it rules MVL out. Comparison of Recovery and Insolvency Routes Route Best for Typical creditor outcome"
LOW,68117_how-to-save-a-struggling-business.html,Time to Pay,5284,4,yes,no,no,no,"ou stand still on creditors now, sell the warehouse stock at 30% off book, and pay HMRC a Time to Pay arrangement out of the proceeds. If scenario two leaves creditors better off, that's the case for "
LOW,68117_how-to-save-a-struggling-business.html,preference (unlawful),1917,3,yes,no,no,no,"t you can't repay, and convert a corporate problem into a personal one. Wrongful trading, preferences, and personal guarantee calls all live in this window. The fix is documented decision-making and a"
LOW,68117_how-to-save-a-struggling-business.html,served / service,14915,1,no,no,yes,no,"ore any insolvency practitioner has been appointed and before any winding-up petition has been served. We've drawn on the Insolvency Act 1986 (particularly section 214 on wrongful trading, sections 23"
LOW,68117_how-to-save-a-struggling-business.html,wrongful trading,1899,4,yes,no,no,no,"take on new credit you can't repay, and convert a corporate problem into a personal one. Wrongful trading, preferences, and personal guarantee calls all live in this window. The fix is documented deci"
LOW,68120_can-you-sell-your-insolvent-company.html,IP (insolvency practitioner),2973,1,yes,no,no,no,"onal Bodies, the ones that survive challenge have a documented marketing trail before the IP was even instructed, not a retrospective reconstruction. SIP 16 in practice requires: A gen"
LOW,68120_can-you-sell-your-insolvent-company.html,officeholder / office-holder,1822,5,yes,no,no,no,"rely) a CVA-based sale, exist to put the transaction inside a framework where a court, an officeholder, and a creditor body can see the workings. A petition already advertised in the London Gazette ch"
LOW,68120_can-you-sell-your-insolvent-company.html,preference (unlawful),6761,3,yes,no,no,no,nd ten minutes if caught before the sale completes. Transactions at Undervalue and Preferences: The Clawback Risk The dangerous sale is not the noisy public one. It is the quiet one to a spouse's c
LOW,68120_can-you-sell-your-insolvent-company.html,the Gazette,1918,1,no,no,no,no,"holder, and a creditor body can see the workings. A petition already advertised in the London Gazette changes the picture again. From the moment of presentation, section 127 voids any disposition of c"
LOW,68120_can-you-sell-your-insolvent-company.html,validation order,2184,3,yes,no,no,no,"ccount, unless the court validates it. Selling assets after that point, without a validation order , creates a transaction that is legally null. The buyer gets nothing. You get the personal-liability "
LOW,68123_what-are-the-warning-signs-of-an-insolvent-company.html,IP (insolvency practitioner),5425,4,yes,no,no,no,"solvency in the Ledger and Books Two diagnostic lines on the trial balance tell an IP more than a page of commentary. First, the aged debtors report: if debtors over 90 days have grown as a perce"
LOW,68123_what-are-the-warning-signs-of-an-insolvent-company.html,Time to Pay,4514,2,no,no,no,no,"nt interest now runs at the Bank of England base rate plus 4 percentage points. A Time to Pay arrangement that has been refused or defaulted. HMRC will entertain a TTP once, sometimes twice. A third a"
LOW,68123_what-are-the-warning-signs-of-an-insolvent-company.html,disposition,8543,1,no,no,no,no,will freeze the company account because of section 127 of the Insolvency Act 1986: every disposition of company property after presentation of the petition is void unless validated by the court. In th
LOW,68123_what-are-the-warning-signs-of-an-insolvent-company.html,execution (enforcement sense),12466,1,yes,no,no,no,"ay its debts"" if it has failed to satisfy a statutory demand over £750 for 21 days, if an execution against it is unsatisfied, if it cannot pay its debts as they fall due (cash-flow test), or if liabi"
LOW,68123_what-are-the-warning-signs-of-an-insolvent-company.html,moratorium,12101,2,yes,no,no,no,"al numbers, tell you where you sit on the section 214 curve, and set out whether a CVA, a moratorium, an administration, or a creditors' voluntary liquidation is the right route. Nothing is charged un"
LOW,68123_what-are-the-warning-signs-of-an-insolvent-company.html,preference (unlawful),4919,1,no,no,no,no,"file has been escalated internally. Since the Finance Act 2020 reinstated Crown preference on 1 December 2020, HMRC ranks as a secondary preferential creditor for VAT, PAYE, employee NIC, and CIS. Tha"
LOW,68123_what-are-the-warning-signs-of-an-insolvent-company.html,preferential debt / creditor,4976,1,no,no,no,no,"inance Act 2020 reinstated Crown preference on 1 December 2020, HMRC ranks as a secondary preferential creditor for VAT, PAYE, employee NIC, and CIS. That changes the economics of any rescue. A floati"
LOW,68130_business-recovery-services.html,IP (insolvency practitioner),17269,1,yes,no,yes,no,"AEW), depending on the practitioner. The bond and the regulator details for any appointed IP appear on the formal engagement documents. Can we restructure without entering a formal proce"
LOW,68130_business-recovery-services.html,Schedule B1,18669,1,no,no,yes,no,". Statutory references throughout reflect the Insolvency Act 1986 (administration under Schedule B1, CVA under Part I, CVL under Part IV), the Company Directors Disqualification Act 1986, the Companie"
LOW,68130_business-recovery-services.html,Time to Pay,4152,7,yes,no,no,no,"very Informal recovery means private negotiation: rescheduled creditor payments, a Time to Pay arrangement with HMRC, an asset-based refinance, or a quiet wind-down of a single loss-making division. N"
LOW,68130_business-recovery-services.html,advertised / advertisement (notice sense),14787,1,no,no,yes,no,"al engagement letter is in your hands inside a week. Where a winding-up petition has been advertised or a court date is fixed, we move faster and prioritise the procedural protection first, the strate"
LOW,68130_business-recovery-services.html,the Gazette,16730,1,no,no,yes,no,"n, restructuring plan, liquidation) appear on the public record at Companies House and in the London Gazette. If preserving discretion matters for customer or supplier reasons, we factor that in when "
LOW,68130_business-recovery-services.html,transaction at an undervalue,2569,2,yes,no,no,no,"thout proper advice tightens the personal-liability case against you. Preferences, transactions at undervalue, and unrecorded director loan repayments come a close second. You can read the detail in o"
LOW,68134_creditor-negotiations.html,CVA,5623,6,yes,no,no,no,"d a broken TTP is much harder to renegotiate than a first one. A formal procedure (CVA, administration, CVL) brings statutory protection and binds dissenting creditors at a vote threshold. The tra"
LOW,68134_creditor-negotiations.html,CVL,2240,5,yes,no,no,no,"ditor is materially worse than your offer. If your forecast lands at 8p in the pound on a CVL, an offer of 35p over twelve months is genuinely commercial. If your forecast is fiction, you are setting"
LOW,68134_creditor-negotiations.html,Schedule B1,14681,1,no,no,no,no,"value approval. Administration triggers an immediate moratorium on enforcement under Schedule B1 paragraph 22, with operational control passing to the administrator. Sale, Closure or Insolvency Proce"
LOW,68134_creditor-negotiations.html,Time to Pay,5336,13,yes,no,no,no,ors. A statutory demand from a different supplier keeps running while you talk. A Time to Pay arrangement is an informal negotiation with one specific creditor (HMRC) under a published framework. It
LOW,68134_creditor-negotiations.html,debenture,7075,1,no,no,no,no,"eet insolvent on any honest reading, or when the creditor is a secured lender enforcing a debenture. Banks rarely negotiate the underlying facility; they negotiate the route to enforcement. Negotiati"
LOW,68134_creditor-negotiations.html,execution (enforcement sense),10403,1,yes,no,no,no,m to deploy. The creditor accepts time in exchange for full recovery. The risk for you is execution risk. One missed payment is usually treated as a full default that resets the creditor's options to 
LOW,68134_creditor-negotiations.html,moratorium,14649,1,no,no,no,no,"en entitled to vote at a 75% by value approval. Administration triggers an immediate moratorium on enforcement under Schedule B1 paragraph 22, with operational control passing to the administrator."
LOW,68134_creditor-negotiations.html,preference (unlawful),4051,13,yes,no,no,no,"itor up to 40p while paying another in full and you have not negotiated; you have created a preference. The conduct response is documentary: a board minute, a cashflow snapshot, an explanation of why "
LOW,68134_creditor-negotiations.html,substitution (of petitioner),30653,1,no,no,yes,no,"ys after filing. Once advertised, the position changes sharply. Other creditors can substitute themselves as the petitioner, the bank usually freezes the company account pending a section 127 validati"
LOW,68134_creditor-negotiations.html,validation order,30761,1,no,no,yes,no,"ves as the petitioner, the bank usually freezes the company account pending a section 127 validation order, and the discretion to settle informally narrows. By that stage, the conversation is rarely a"
LOW,68153_advice-hub.html,IP (insolvency practitioner),3250,1,no,no,no,no,Getting Advice Insolvency advice for directors What to ask an IP before the procedure starts Get free business debt advice Where to get independent guidan
LOW,68153_advice-hub.html,floating charge,3012,1,no,no,no,no,tor's loan account Tax implications and when it is possible Fixed and floating charges What lenders hold over company assets Funding options for SMEs Finance routes when
LOW,68180_directors-personal-guarantees.html,IVA,9468,1,no,no,no,no,"achment of earnings, a charging order against your property, or a bankruptcy petition. An IVA or formal bankruptcy may be the right route at that point. Our director-bankruptcy guide covers the person"
LOW,68183_funding-options-for-smes-in-the-uk.html,IP (insolvency practitioner),3806,3,yes,no,no,no,s a fixed and floating charge across receivables + stock + plant + property + (sometimes) IP. They advance: Receivables : 70-85% of qualifying debtors Stock : 30-50% of net realisable value
LOW,68183_funding-options-for-smes-in-the-uk.html,Time to Pay,6796,2,no,no,no,no,"IA 1986 when liquidation arrives. Failed creditor cooperation. HMRC has withdrawn TTP, bank has pulled overdraft + facility, key suppliers on credit hold. Once mainstream cooperation collapses, y"
LOW,68183_funding-options-for-smes-in-the-uk.html,advertised / advertisement (notice sense),7270,1,no,no,no,no,"up petition has been presented under s.122(1)(f), the bank account will freeze on Gazette advertisement (s.127 IA 1986 voidance risk). Funding becomes irrelevant if it cannot land before the freeze. s"
LOW,68183_funding-options-for-smes-in-the-uk.html,debenture,4219,1,no,no,no,no,+ valuation : £5-15k typical for the up-front asset audit Legal fees : £5-10k for the debenture + charges + facility documents Ongoing monitoring : receivables aged-debtor reports + stock reconciliati
LOW,68183_funding-options-for-smes-in-the-uk.html,floating charge,3730,1,no,no,no,no,er above invoice finance in complexity and lending capacity. The lender takes a fixed and floating charge across receivables + stock + plant + property + (sometimes) IP. They advance: Receivables : 70
LOW,68183_funding-options-for-smes-in-the-uk.html,presented (vs served),7201,1,no,no,no,no,"21 days from service under s.123(1)(a) IA 1986), or worse, a winding-up petition has been presented under s.122(1)(f), the bank account will freeze on Gazette advertisement (s.127 IA 1986 voidance ris"
LOW,68183_funding-options-for-smes-in-the-uk.html,statutory demand,1845,2,yes,no,no,no,"lication. What links them: lender appetite collapses on distress signals. A CCJ + statutory demand + multi-month tax arrears makes nearly all mainstream lending unavailable. Where it stays available, "
LOW,68183_funding-options-for-smes-in-the-uk.html,the Gazette,7262,1,no,no,no,no,"winding-up petition has been presented under s.122(1)(f), the bank account will freeze on Gazette advertisement (s.127 IA 1986 voidance risk). Funding becomes irrelevant if it cannot land before the f"
LOW,68189_how-to-legally-take-money-out-of-a-limited-company.html,CVA,16389,1,no,no,no,no,"t alongside a company that is approaching insolvency, we can act as the licensed IP for a CVA, Administration, or CVL under separate engagement. The 0800 number is a free confidential consultation."
LOW,68189_how-to-legally-take-money-out-of-a-limited-company.html,CVL,16413,1,no,no,no,no,"at is approaching insolvency, we can act as the licensed IP for a CVA, Administration, or CVL under separate engagement. The 0800 number is a free confidential consultation. FAQs on Taking Mon"
LOW,68189_how-to-legally-take-money-out-of-a-limited-company.html,IP (insolvency practitioner),16380,1,yes,no,no,no,"isions sit alongside a company that is approaching insolvency, we can act as the licensed IP for a CVA, Administration, or CVL under separate engagement. The 0800 number is a free confidential consult"
LOW,68189_how-to-legally-take-money-out-of-a-limited-company.html,officeholder / office-holder,2057,1,no,no,no,no,". Unauthorised withdrawals get classified after the fact by HMRC and by insolvency officeholders. Depending on the circumstances, the same payment you made may be treated as a loan, an unlawful distri"
LOW,68189_how-to-legally-take-money-out-of-a-limited-company.html,transaction at an undervalue,16126,1,yes,no,no,no,"rules for loans above £10,000) and the Insolvency Act 1986 (misfeasance, preferences, and transactions at undervalue). We refer to it throughout when extraction collides with insolvency. Company Debt "
LOW,68192_preventing-company-director-disputes.html,IP (insolvency practitioner),3820,3,yes,no,no,no,Company Is in Difficulty Seek independent insolvency advice together. A licensed IP can assess the company's position objectively and present the options to both directors. The IP's assessment
LOW,68192_preventing-company-director-disputes.html,preference (unlawful),3982,1,no,no,no,no,"to both directors. The IP's assessment is based on the numbers, not on either director's preference. We find that an independent professional opinion often breaks the deadlock because it removes the a"
LOW,68207_are-directors-personally-liable-for-company-debts.html,CVL,7209,1,yes,no,no,no,"ho finds out about a £180,000 guarantee from the lender's solicitor a fortnight after the CVL is the worst-case scenario, and it is more common than it should be. Overdrawn Director's Loan Account"
LOW,68216_what-is-a-directors-responsibility-for-accountancy-errors.html,transaction at an undervalue,2960,1,no,no,no,no,"awful under section 830 of the Companies Act 2006, and the liquidator can recover them as transactions at undervalue or as a misfeasance claim. Incorrect tax returns. VAT returns that understated outp"
LOW,68221_get-free-business-debt-advice.html,IVA,5502,1,no,no,no,no,"). National Debtline (0808 808 4000) or Citizens Advice for personal insolvency options (IVA, bankruptcy, DRO). Company Debt connects directors with licensed insolvency practitioners who offer"
LOW,68221_get-free-business-debt-advice.html,Time to Pay,1806,7,no,no,no,no,"x. HMRC Business Payment Support Service. Phone 0300 200 3835 . Free negotiation of Time to Pay arrangements for tax debts. Why You Should Seek Free Advice Now, Not Later We stress the tim"
LOW,68356_advantages-and-disadvantages.html,floating charge,15716,1,no,no,no,no,"cured creditors are at the back of the queue. The prescribed part (capped at £800,000 for floating charges granted on or after 6 April 2020) is the only typical recovery vehicle for them. Yes, materia"
LOW,68356_advantages-and-disadvantages.html,served / service,7164,1,no,no,no,no,Director conduct investigation. Every administrator must report to the Insolvency Service on the conduct of the directors of Oldco. If the Insolvency Service concludes that conduct fell below the stan
LOW,68356_advantages-and-disadvantages.html,transaction at an undervalue,7467,2,yes,no,no,no,"986 can follow. Pre-pack does not insulate you from wrongful trading , preferences, transactions at undervalue, or misfeasance claims that pre-date the administration. Get advice on your conduct file "
LOW,68356_pre-pack-advantages-and-disadvantages.html,floating charge,15716,1,no,no,no,no,"cured creditors are at the back of the queue. The prescribed part (capped at £800,000 for floating charges granted on or after 6 April 2020) is the only typical recovery vehicle for them. Yes, materia"
LOW,68356_pre-pack-advantages-and-disadvantages.html,served / service,7164,1,no,no,no,no,Director conduct investigation. Every administrator must report to the Insolvency Service on the conduct of the directors of Oldco. If the Insolvency Service concludes that conduct fell below the stan
LOW,68356_pre-pack-advantages-and-disadvantages.html,transaction at an undervalue,7467,2,yes,no,no,no,"986 can follow. Pre-pack does not insulate you from wrongful trading , preferences, transactions at undervalue, or misfeasance claims that pre-date the administration. Get advice on your conduct file "
LOW,68387_insolvent-company-investigations.html,transaction at an undervalue,4753,1,yes,no,no,no,"thority is Re M.C. Bacon Ltd [1990] BCC 78, which set the ""desire to prefer"" test. Transactions at undervalue under section 238 IA 1986: selling the company van to a connected buyer for half its marke"
LOW,68736_company-is-having-financial-difficulties.html,IP (insolvency practitioner),5951,5,yes,no,no,no,"one. Responding to everything else through a single consistent channel (ideally via your IP, once instructed) reduces your time burn and keeps the record clean. Informal Negotiations and Early R"
LOW,68736_company-is-having-financial-difficulties.html,Official Receiver,4529,2,yes,no,no,no,f the Insolvency Act 1986. Trading becomes practically impossible. The court appoints the Official Receiver; you lose control; the process becomes reactive rather than managed. Director disqualificati
LOW,68736_company-is-having-financial-difficulties.html,Redundancy Payments Service,9737,1,no,no,no,no,"For employees : formal insolvency (CVA, administration, CVL) unlocks access to the Redundancy Payments Service for statutory redundancy, notice pay, unpaid wages, and holiday pay. Informal closure doe"
LOW,68736_company-is-having-financial-difficulties.html,advertised / advertisement (notice sense),4367,1,no,no,no,no,winding-up petition Delay allows creditors to move first. A winding-up petition advertised in The Gazette freezes your bank accounts under section 127 of the Insolvency Act 1986. Trading becomes pract
LOW,68736_company-is-having-financial-difficulties.html,misfeasance,3443,2,yes,no,no,no,"es on top, particularly sections 213, 214, and 212 (fraudulent trading, wrongful trading, misfeasance). Breach of any of these can produce personal contribution orders against you. Risks of Delay: Per"
LOW,68736_company-is-having-financial-difficulties.html,the Gazette,4381,1,no,no,no,no,tition Delay allows creditors to move first. A winding-up petition advertised in The Gazette freezes your bank accounts under section 127 of the Insolvency Act 1986. Trading becomes practically imposs
LOW,68736_company-is-having-financial-difficulties.html,wrongful trading,3425,4,yes,no,no,no,"ayers further duties on top, particularly sections 213, 214, and 212 (fraudulent trading, wrongful trading, misfeasance). Breach of any of these can produce personal contribution orders against you. R"
LOW,70501_preferential-payments-during-insolvency.html,CVL,12406,1,yes,no,no,no,"from the onset of insolvency, which is usually the date of the winding-up petition or the CVL resolution. Does HMRC count as a preferred creditor for section 239 purposes?"
LOW,70501_preferential-payments-during-insolvency.html,IP (insolvency practitioner),10172,3,yes,no,no,no,"rading, your section 239 exposure is low. The Bacon test protects you, and a competent IP will file a neutral conduct report. You do not need urgent advice; you need to complete your PIQ accurately w"
LOW,70501_preferential-payments-during-insolvency.html,floating charge,5016,1,no,no,no,no,fore insolvency. This is caught by section 239 as well as by section 245 (avoidance of floating charges). Paying a critical supplier in full while others wait. Less clear-cut. Where the supplier was g
LOW,70501_preferential-payments-during-insolvency.html,officeholder / office-holder,13847,2,yes,no,no,no,"erence? Before the PIQ goes back, and before the first interview with the office-holder. Once your answers are on the record, the room for restructure narrows. If there is any payment to a connecte"
LOW,70501_preferential-payments-during-insolvency.html,preferential debt / creditor,8520,3,yes,no,no,yes,"iority Creditors This is worth separating, because the language confuses directors. ""Preferential creditor"" under Schedule 6 IA 1986 is a statutory ranking. Employees rank as ordinary preferential (ca"
LOW,70501_preferential-payments-during-insolvency.html,presented (vs served),3447,1,no,no,no,no,"nset of insolvency is defined in section 240(3): in a compulsory liquidation, the date of presentation of the winding-up petition; in a creditors' voluntary liquidation, the date the resolution is pas"
LOW,70501_preferential-payments-during-insolvency.html,statutory demand,7202,1,no,no,no,no,"emails, file notes, and Board minutes carry the weight. A solicitor's letter threatening statutory demand the day before the payment is the kind of evidence that turns a preference into ordinary-cours"
LOW,70501_preferential-payments-during-insolvency.html,wrongful trading,6081,1,no,no,no,no,"or losses and the company was already past the point of no return, there is a section 214 wrongful trading claim. Third, your conduct is reported to the Insolvency Service under section 7A CDDA 1986. "
LOW,71514_directors-duties-to-creditors.html,CVL,7256,1,no,no,no,no,"defence. Act on advice. If the IP advises you to stop trading, stop. If they advise a CVL, initiate it. Acting on professional advice is the section 214(3) defence in action. Company Debt co"
LOW,73778_alternatives-to-company-liquidation.html,IP (insolvency practitioner),3148,1,yes,no,no,no,"s the company under the protection of the court and appoints an administrator (a licensed IP) to manage its affairs. The moment administration begins, an automatic moratorium stops all creditor enforc"
LOW,73778_alternatives-to-company-liquidation.html,Schedule B1,11339,1,no,no,no,no,"e drawn on the Insolvency Act 1986 (Part I on Company Voluntary Arrangements, Part II and Schedule B1 on administration), the Corporate Insolvency and Governance Act 2020 (Restructuring Plan and stand"
LOW,73778_alternatives-to-company-liquidation.html,moratorium,3222,4,yes,no,no,no,"tor (a licensed IP) to manage its affairs. The moment administration begins, an automatic moratorium stops all creditor enforcement: no winding-up petitions, no bailiffs, no legal proceedings without "
LOW,74264_challenge-a-statutory-demand.html,CVA,5674,1,no,no,no,no,"nvolvement changes the creditor's calculation. And opens the formal-restructuring routes (CVA, administration) that a petition would otherwise block. Prepare the injunction application where dis"
LOW,74264_challenge-a-statutory-demand.html,disposition,3065,1,no,no,no,no,k accounts freeze automatically under section 127 of the Insolvency Act 1986. Any disposition of company property after petition is void without court validation. Trading becomes practically impossibl
LOW,74264_challenge-a-statutory-demand.html,winding-up order (vs petition),10192,1,no,no,no,no,"ull (usually impossible at this point), or applying for administration. Compulsory winding-up order. Official Receiver appointed, followed by a licensed IP as liquidator. Director conduct is reported"
LOW,74372_cant-pay-a-company-mortgage.html,IP (insolvency practitioner),6276,5,yes,no,no,no,"cumented and advised, not improvised. In our experience, a board minute taking a licensed IP's view on viability, updated monthly, is the single most important defence against a later personal-liabili"
LOW,74372_cant-pay-a-company-mortgage.html,Schedule B1,4371,1,no,no,no,no,"A qualifying floating-charge holder can appoint an administrator out of court under Schedule B1 of the Insolvency Act 1986. This produces a statutory moratorium against other creditors, but the admini"
LOW,74372_cant-pay-a-company-mortgage.html,Time to Pay,14567,1,yes,no,no,yes,", current Insolvency Service guidance, and HMRC published guidance on debt management and Time to Pay arrangements. Where we describe how creditor pressure plays out operationally, including the order"
LOW,74372_cant-pay-a-company-mortgage.html,advertised / advertisement (notice sense),4125,1,no,no,no,no,"n is the insolvency-track alternative. The petition freezes the company bank accounts on advertisement in The Gazette, which is usually the point at which trading becomes practically impossible. Admin"
LOW,74372_cant-pay-a-company-mortgage.html,misfeasance,7424,3,yes,no,no,no,ed by continuing to trade after insolvency was unavoidable. Fraudulent trading or misfeasance. Section 213 of the Insolvency Act 1986 (fraudulent trading) and section 212 (misfeasance) expose the dire
LOW,74372_cant-pay-a-company-mortgage.html,statutory demand,3820,3,yes,no,no,no,"iness occupying its own premises, this is the more likely first-enforcement route. Statutory Demand and Winding-Up Petition Where the debt exceeds £750 and the lender can establish that the company ca"
LOW,74372_cant-pay-a-company-mortgage.html,the Gazette,4142,1,no,no,no,no,"ncy-track alternative. The petition freezes the company bank accounts on advertisement in The Gazette, which is usually the point at which trading becomes practically impossible. Administration on the"
LOW,74372_cant-pay-a-company-mortgage.html,transaction at an undervalue,5987,1,no,no,no,no,party creditors can be reversed by a liquidator as a preference under section 239. Transactions at undervalue in the two years before insolvency can be unwound under section 238. This is why your deci
LOW,74372_cant-pay-a-company-mortgage.html,wrongful trading,5758,3,yes,no,no,no,"ing every step a reasonably diligent director would take to minimise creditor losses, is wrongful trading under section 214. Paying connected parties (including director's loan account repayments) in "
LOW,74382_when-employers-cant-afford-redundancy-payments.html,IP (insolvency practitioner),4440,9,yes,no,no,no,"typically around 6 weeks from full application to payment, assuming the employer (or the IP) has provided the required reference information. Protective award payments take longer. Why Formal In"
LOW,74382_when-employers-cant-afford-redundancy-payments.html,wrongful trading,2114,4,yes,no,no,no,ys' pay per employee. Director personal liability where the situation tips into wrongful trading . Continuing to run payroll and accumulate further redundancy liability past the point where insolvent 
LOW,74390_when-a-cva-fails.html,Official Receiver,11902,2,yes,no,no,no,"ation notice. The winding-up petition deposit for a creditor petition is £2,600 to the Official Receiver, in addition to the £352 court fee. For HMRC, those figures are not a deterrent. Winding-Up Pet"
LOW,74390_when-a-cva-fails.html,advertised / advertisement (notice sense),12537,1,no,no,no,no,"irector-initiated CVL. The company's bank accounts are frozen the moment a petition is advertised in the Gazette, before any court order. Trading becomes effectively impossible from that point. If you"
LOW,74390_when-a-cva-fails.html,misfeasance,20772,1,no,no,yes,no,"sonally liable under specific provisions: most commonly wrongful trading (s.214 IA 1986), misfeasance, or fraudulent trading (s.213 IA 1986). Personal liability also arises from personal guarantees as"
LOW,74390_when-a-cva-fails.html,presented (vs served),12778,1,no,no,no,no,"to petition, the better option is usually to initiate a CVL yourself before a petition is presented. That keeps some control in your hands, allows you to choose your liquidator within limits, and demo"
LOW,74390_when-a-cva-fails.html,the Gazette,12551,1,no,no,no,no,"ted CVL. The company's bank accounts are frozen the moment a petition is advertised in the Gazette, before any court order. Trading becomes effectively impossible from that point. If you can see that "
LOW,74439_notice-of-intention-to-appoint-administrators.html,IP (insolvency practitioner),3791,4,yes,no,no,no,"ou must: Finalise the administrator appointment. Agree terms with the proposed IP, complete the consent to act, and file Form ADM2 at court. Notify all creditors. The NOI must be served o"
LOW,74439_notice-of-intention-to-appoint-administrators.html,Schedule B1,8509,1,no,no,no,no,"lvency Practitioners Association. Statutory references draw on the Insolvency Act 1986 (Schedule B1, paragraphs 26 to 28 governing the notice of intention to appoint administrators, and paragraph 44 o"
LOW,74439_notice-of-intention-to-appoint-administrators.html,advertised / advertisement (notice sense),3288,1,no,no,no,no,"ally because this is the most common reason directors file an NOI. If a petition has been advertised in the London Gazette and the hearing is days away, the NOI stays the petition and gives you time t"
LOW,74439_notice-of-intention-to-appoint-administrators.html,presented (vs served),7751,1,no,no,no,no,"who has been appointed (or any person entitled to appoint one), and any creditor who has presented a winding-up petition still pending. Failure to notify a required party can invalidate the moratorium"
LOW,74439_notice-of-intention-to-appoint-administrators.html,served / service,3895,1,no,no,no,no,"he consent to act, and file Form ADM2 at court. Notify all creditors. The NOI must be served on any person who has appointed or is entitled to appoint an administrative receiver, and on any qualifying"
LOW,74439_notice-of-intention-to-appoint-administrators.html,the Gazette,3302,1,no,no,no,no,"his is the most common reason directors file an NOI. If a petition has been advertised in the London Gazette and the hearing is days away, the NOI stays the petition and gives you time to formalise th"
LOW,74439_notice-of-intention-to-appoint-administrators.html,winding-up order (vs petition),3492,1,yes,no,no,no,"rmalise the administration appointment. Without the NOI, the court could grant the winding-up order and the opportunity for administration would be lost. The 10-Day Notice of Intention Window: What Yo"
LOW,74891_secured-vs-unsecured-creditors.html,CVL,4205,2,yes,no,no,no,"arge is registered or whether a guarantee is enforceable, you cannot meaningfully compare CVL, administration, or rescue options. The classification question precedes the procedure question. What Mak"
LOW,74891_secured-vs-unsecured-creditors.html,Schedule B1,6581,1,no,no,no,no,eholder also has the right to appoint an administrator out of court under paragraph 14 of Schedule B1 Insolvency Act 1986. That is a procedural advantage even where the financial recovery is modest. F
LOW,74891_secured-vs-unsecured-creditors.html,statutory demand,8432,7,yes,no,no,no,"as a separate, parallel claim against the director, enforceable in the County Court or by statutory demand and bankruptcy petition. Most director PGs are signed early in the company's life, often as a"
LOW,75111_overdrawn-directors-loan-accounts.html,CVL,6275,1,yes,no,no,no,"to prefer yourself. We see directors who rush to repay the DLA the week before the CVL, believing it clears the problem. The liquidator recovers the payment, the director has paid twice (once to r"
LOW,75111_overdrawn-directors-loan-accounts.html,IP (insolvency practitioner),9057,1,yes,no,no,no,olvency is critical. Repayment in the run-up is almost certainly a preference. A licensed IP can advise on the safest approach. Document everything. Keep records of what every withdrawal was for. Un
LOW,75111_overdrawn-directors-loan-accounts.html,misfeasance,13527,1,no,no,yes,no,"efundable on repayment), the Insolvency Act 1986 (section 239 preferences and section 212 misfeasance), and HMRC's Employment Income Manual (EIM26100 on benefit-in-kind treatment). Company Debt is a c"
LOW,76323_insolvency-advice-for-directors.html,IP (insolvency practitioner),4036,18,yes,no,no,no,"When Free Insolvency Advice Is Enough A free initial call with a regulated IP, plus the free guidance from Business Debtline (0800 197 6026), is often enough to confirm you are still on t"
LOW,76323_insolvency-advice-for-directors.html,Time to Pay,9716,2,no,no,no,no,"procedural options have collapsed from five to two. Pre-petition you might choose between TTP, CVA, administration, CVL or trading on under tighter controls. Post-petition you are choosing between an "
LOW,76323_insolvency-advice-for-directors.html,preference (unlawful),8226,1,no,no,no,no,"al guarantee you have signed, the current overdrawn directors' loan account balance, any preferences in the past two years, and any transactions at undervalue. Without that triage, the corporate proce"
LOW,76323_insolvency-advice-for-directors.html,transaction at an undervalue,8269,1,no,no,no,no,"overdrawn directors' loan account balance, any preferences in the past two years, and any transactions at undervalue. Without that triage, the corporate procedure recommendation is half the answer. Wi"
LOW,7665_company-rescue-solutions.html,Official Receiver,14177,1,no,no,yes,no,"ody and offer no protection against a winding-up petition. The £352 court fee plus £2,600 Official Receiver deposit means a determined creditor can issue a petition cheaply; the procedure speed often "
LOW,7665_company-rescue-solutions.html,Schedule 6,15432,1,no,no,yes,no,"d student loan deductions, ahead of floating-charge holders and unsecured creditors under Schedule 6 of the Insolvency Act 1986. In a CVA, HMRC remains a voting creditor and typically engages where th"
LOW,7665_company-rescue-solutions.html,Time to Pay,760,3,yes,no,no,no,"he family of formal procedures (CVA, Administration, Pre-Pack), the informal levers (HMRC Time to Pay, creditor negotiation), and the route-of-last-resort closures (CVL, MVL) that sometimes serve dire"
LOW,7665_company-rescue-solutions.html,advertised / advertisement (notice sense),16391,1,no,no,yes,no,"lean pre-pack runs faster and cheaper than a contested administration. Once a petition is advertised, bank accounts freeze, supplier credit collapses, and the timeline compresses, all of which add cos"
LOW,7665_company-rescue-solutions.html,moratorium,4621,5,yes,no,no,no,"dule B1 of the Insolvency Act 1986. The moment an administrator is appointed, a statutory moratorium halts most creditor action. Inside that window, the administrator runs the company while restructur"
LOW,7665_company-rescue-solutions.html,preferential debt / creditor,15284,1,no,no,yes,no,"e was reinstated on 1 December 2020 by the Finance Act 2020. HMRC now sits as a secondary preferential creditor for VAT, PAYE, employee NIC, CIS, and student loan deductions, ahead of floating-charge "
LOW,7665_company-rescue-solutions.html,transaction at an undervalue,14912,1,yes,no,yes,no,"ence claims under section 239 (with a six-month or two-year connected-party lookback) and transactions at undervalue under section 238 add further exposure. Choosing the right rescue route, at the rig"
LOW,7665_company-rescue-solutions.html,wrongful trading,6550,3,yes,no,no,no,tary Liquidation under Part IV of the Insolvency Act 1986 may protect the director from wrongful trading exposure under section 214 better than a doomed CVA attempt. For solvent companies winding up a
LOW,7669_liquidation.html,CVA,7754,2,yes,no,no,no,"book will not pay quickly enough to cover the shortfall. No realistic rescue route. A CVA, refinance, or sale has been ruled out, or the timeline for any rescue would expire before the next major cre"
LOW,7669_liquidation.html,Time to Pay,7594,2,yes,no,no,no,"ng: Cannot pay debts as they fall due. The cash-flow gap cannot be closed by a Time to Pay arrangement, the lender will not extend, and the customer book will not pay quickly enough to cover the short"
LOW,7669_liquidation.html,preference (unlawful),4951,3,yes,no,no,no,"aminations on oath. They can also sue former directors for misfeasance, wrongful trading, preferences, and transactions at undervalue. Acting in the company’s name now is risky: anything done after ap"
LOW,7669_liquidation.html,statutory demand,7928,1,no,no,no,no,"ire before the next major creditor demand arrives. Creditor legal action is likely. A statutory demand has expired, HMRC has issued a 7-day warning letter, or a winding-up petition has been threatened"
LOW,7669_liquidation.html,transaction at an undervalue,4968,2,yes,no,no,no,"h. They can also sue former directors for misfeasance, wrongful trading, preferences, and transactions at undervalue. Acting in the company’s name now is risky: anything done after appointment carries"
LOW,7669_liquidation.html,wrongful trading,4933,3,yes,no,no,no,"ordered private examinations on oath. They can also sue former directors for misfeasance, wrongful trading, preferences, and transactions at undervalue. Acting in the company’s name now is risky: anyt"
LOW,7674_creditors-voluntary-liquidation.html,IVA,26193,1,no,no,yes,no,"Where personal guarantees are called in, or personal insolvency follows (bankruptcy or an IVA), those will affect your personal credit rating. Director disqualification is a public record held by the "
LOW,7674_creditors-voluntary-liquidation.html,the Gazette,8164,1,no,no,no,no,"isement duty is a distinct statutory obligation, not part of the creditor notice above. The Gazette notice is the part directors dread here: a public record they picture a neighbour, a supplier's cred"
LOW,7674_creditors-voluntary-liquidation.html,winding-up order (vs petition),2454,1,yes,no,no,no,"isting winding-up petition can restrict the available time, and may overtake the CVL if a winding-up order is made first. Shareholder approval A special resolution needs at least 75% by value of the s"
LOW,7680_compulsory-liquidation.html,IP (insolvency practitioner),15830,1,yes,no,no,no,"ze. You need advice before the advertisement, not after. Same-day contact with a licensed IP is essential at this stage. Waiting to ""see what happens"" is the most common mistake we encounter. B"
LOW,7680_compulsory-liquidation.html,Redundancy Payments Service,4504,3,yes,no,no,no,"tomatically dismissed when the winding-up order is made. Redundancy claims go through the Redundancy Payments Service rather than the employer. The practical issue is timing. In our experience, once t"
LOW,7680_compulsory-liquidation.html,advertised / advertisement (notice sense),3801,9,yes,no,no,no,"yments, and all outgoing transactions overnight. Gazette publication. The petition is advertised in The London Gazette at least 7 business days before the hearing. This is a public record. Your custom"
LOW,7680_compulsory-liquidation.html,misfeasance,13182,1,yes,no,no,no,"own conduct. If the investigation reveals wrongful trading, fraudulent trading, or misfeasance, you may face personal liability for company debts (wrongful trading claims under section 214), disqualif"
LOW,7680_compulsory-liquidation.html,presented (vs served),14705,1,yes,no,no,no,n the winding-up order is made. Any disposition of company property after the petition is presented is void unless the court orders otherwise (section 127). This means payments made from the company a
LOW,7680_compulsory-liquidation.html,rescind / rescission,20275,1,yes,no,no,no,"sed. The earlier you act, the more options remain. Once the order is made, it can only be rescinded in limited circumstances. Most UK banks freeze company accounts as soon as they become aware of a"
LOW,7680_compulsory-liquidation.html,restrain / restraining advertisement,6729,1,no,no,no,no,"the invoice was already paid), you may be able to apply to have the petition dismissed or restrained. The court can do this if the debt is disputed on substantial grounds. Pay the debt in full. If you"
LOW,7680_compulsory-liquidation.html,served / service,5839,1,no,no,no,no,"while knowing the company was insolvent. The window to respond is short. Between service of the petition and the hearing, you have 8 to 10 weeks in most cases. But the real pressure point is the Gazet"
LOW,7680_compulsory-liquidation.html,validation order,14961,1,no,no,no,no,"supplier payments, and rent, may need to be returned to the liquidator. You should seek a validation order from the court if you need to continue making essential payments before the hearing. When You"
LOW,7685_company-voluntary-arrangement.html,Time to Pay,6820,4,yes,no,no,no,"efers shorter terms). HMRC rejects CVAs where the company has a history of broken TTP arrangements , the proposal is unrealistic, the company continues to accumulate tax debt while proposing to r"
LOW,7685_company-voluntary-arrangement.html,misfeasance,9865,1,no,no,no,no,"onduct. Any company money or property that was misapplied along the way can be pursued as misfeasance under section 212 of the Insolvency Act 1986, so keep clean records of how funds were used through"
LOW,7687_winding-up-petitions.html,National Insurance Fund,22454,1,no,no,no,no,"an claim statutory redundancy pay, arrears of wages, holiday pay, and notice pay from the National Insurance Fund, subject to service requirements and category limits. The statutory weekly cap is £751"
LOW,7687_winding-up-petitions.html,Redundancy Payments Service,22314,1,yes,no,no,no,"on other insolvency sites. The difference is worth holding onto. The first is the Redundancy Payments Service . Eligible employees can claim statutory redundancy pay, arrears of wages, holiday pay, an"
LOW,7687_winding-up-petitions.html,Schedule B1,29548,1,no,no,yes,no,roposal is put. Neither is guaranteed. Not by the ordinary out-of-court route. Schedule B1 of the Insolvency Act 1986 restricts an appointment by the company or its directors while a winding-up petiti
LOW,7687_winding-up-petitions.html,debenture,24807,1,no,no,no,no,An aged creditor list A 13-week cashflow forecast if you have one Secured lending and debenture details Payroll dates and any urgent payments due Details of any asset sale or unusual payment made sinc
LOW,7687_winding-up-petitions.html,execution (enforcement sense),27663,1,yes,no,yes,no,"aid statutory demand is one common way of establishing that. An unpaid judgment or failed execution can also do it, so the absence of a demand does not make a petition invalid. Payment may allow the"
LOW,7687_winding-up-petitions.html,preference (unlawful),20743,1,no,no,no,no,"ers, particularly anyone connected to you. A payment like that can later be challenged as a preference under , or undone under section 127, depending on the timing, the relationship, and why it was ma"
LOW,7687_winding-up-petitions.html,presented (vs served),3853,4,yes,no,no,yes,er. Speak to a licensed insolvency practitioner now if a petition has been presented against your company. We arrange specialist insolvency-solicitor support where court action is needed.
LOW,7687_winding-up-petitions.html,rescind / rescission,19283,2,yes,no,no,no,"varies by case and by court. If an order has already been made, an application to rescind is possible, and GOV.UK indicates it should be made within five working days using Form IAA and a witness sta"
LOW,7687_winding-up-petitions.html,validation order,13735,3,yes,no,no,no,"and thoroughly unpleasant surprise. Keeping Essential Payments Moving A validation order is the court giving permission for particular payments to be made despite the petition, so the bank can rele"
LOW,76904_am-i-solvent.html,CVA,9287,1,yes,no,no,no,"olvency advice within days, not weeks. The IP identifies which route fits your situation (CVA, administration, or CVL) based on whether the business has a viable future and what creditors are likely t"
LOW,76904_am-i-solvent.html,CVL,9311,1,no,no,no,no,"ys, not weeks. The IP identifies which route fits your situation (CVA, administration, or CVL) based on whether the business has a viable future and what creditors are likely to accept. You instruc"
LOW,76904_am-i-solvent.html,IP (insolvency practitioner),2028,5,yes,no,no,no,"ng new credit, stop preferential payments, document the position, and speak to a licensed IP this week. If the balance-sheet test fails: the same stops apply. You also need to assess whether th"
LOW,76904_am-i-solvent.html,Official Receiver,9845,1,no,no,no,no,"failing, and kept going. Six months later the company enters compulsory liquidation, the Official Receiver investigates, and the directors face a wrongful trading claim covering the period between the"
LOW,76904_am-i-solvent.html,Time to Pay,3704,2,yes,no,no,no,treat their oldest receivables as cash. They build forecasts assuming HMRC will accept a Time to Pay plan they haven't actually agreed. They count overdraft headroom that the bank is quietly reviewing
LOW,76904_am-i-solvent.html,execution (enforcement sense),7632,2,yes,no,no,no,tatutory tests for insolvency under Section 123(1)(a). A judgment has been entered and execution attempted unsuccessfully. Section 123(1)(b) treats this as proof of insolvency. Suppliers are putting y
LOW,76904_am-i-solvent.html,preference (unlawful),6802,1,no,no,no,no,"214 (you continued trading after the point of no return and creditor losses got worse), preferences under Section 239 (you paid one creditor ahead of others), and misfeasance under Section 212 (you br"
LOW,76904_am-i-solvent.html,served / service,7473,1,no,no,no,no,"nal liability notice, or moved to enforcement. A statutory demand for £750 or more has been served and not paid within 21 days. This is itself one of the statutory tests for insolvency under Section 1"
LOW,76904_am-i-solvent.html,wrongful trading,6672,4,yes,no,no,no,xpense of creditors are vulnerable to challenge. The most common consequences are wrongful trading liability under Section 214 (you continued trading after the point of no return and creditor losses g
LOW,76920_hmrc-penalties-investigations.html,IP (insolvency practitioner),8159,2,yes,no,no,no,"estigation outcome will produce a tax bill the company cannot realistically pay, licensed IP involvement is sensible well before the closure notice. Our team tests viability and models formal-process "
LOW,76920_hmrc-penalties-investigations.html,distraint / distrain,11049,1,no,no,no,no,"ments covering the tax plus penalty are possible for viable businesses; enforcement (DRD, distraint, statutory demand, winding-up petition) follows where payment arrangements fail. Where the combined "
LOW,76920_hmrc-penalties-investigations.html,statutory demand,11060,1,no,no,no,no,"ing the tax plus penalty are possible for viable businesses; enforcement (DRD, distraint, statutory demand, winding-up petition) follows where payment arrangements fail. Where the combined bill exceed"
LOW,77097_bailiffs-high-court-enforcement-officers.html,CRAR,3202,1,no,no,no,no,"up. Private certificated enforcement agents handle commercial rent arrears under CRAR, HMRC debts, unpaid traffic penalties, and VAT arrears, among others. All three operate under the s"
LOW,77097_bailiffs-high-court-enforcement-officers.html,IP (insolvency practitioner),2211,2,yes,no,no,no,"ady have controlled goods from a previous visit. Keep the door closed and call a licensed IP. Who Bailiffs and HCEOs Actually Are Under the Tribunals, Courts and Enforcement Act 2007,"
LOW,77097_bailiffs-high-court-enforcement-officers.html,Schedule B1,11762,1,no,no,no,no,on enforcement: Company administration triggers an immediate moratorium under Schedule B1 of the Insolvency Act 1986. Enforcement action cannot proceed against the company without the court's permiss
LOW,77097_bailiffs-high-court-enforcement-officers.html,transaction at an undervalue,13280,2,yes,no,no,no,"insolvency, and any unusual transfers to avoid enforcement can be unwound as preferences, transactions at undervalue, or transactions defrauding creditors under sections 238, 239, and 423 of the Insol"
LOW,77146_debt-creditor-pressure-hub.html,CVL,20211,1,no,no,no,no,"icensed Insolvency Practitioners under separate engagement where a CVA, Administration or CVL is the right route. The 0800 number on this page is a free confidential consultation; we do not earn a ref"
LOW,77146_debt-creditor-pressure-hub.html,Time to Pay,3378,6,no,no,no,no,"Creditor Pressure HMRC pressure typically escalates through a defined sequence: a TTP rejection letter, a 7-day warning, a section 123 statutory demand for £750-plus, then a winding-up petition w"
LOW,77146_debt-creditor-pressure-hub.html,distraint / distrain,11450,1,yes,no,no,no,"C's 7-day warning letter is the moment to engage seriously. After it, field force action, distraint, or a winding-up petition follow. The right response is a written, realistic Time to Pay proposal wi"
LOW,77146_debt-creditor-pressure-hub.html,moratorium,3182,1,no,no,no,no,letter. The pressure you can negotiate quietly is rarely the one that gets you to the moratorium fastest. The pressure that forces your hand is. Key Creditor Pressure Guides HMRC Creditor Pres
LOW,77146_debt-creditor-pressure-hub.html,transaction at an undervalue,7636,2,yes,no,no,no,"iding insolvency. Sections 238 and 239 give a future liquidator the power to claw back transactions at undervalue and preferences, with a six-month look-back for unconnected creditors and two years fo"
LOW,77146_debt-creditor-pressure-hub.html,validation order,18214,1,no,no,no,no,"petition is advertised, banks routinely freeze accounts of their own initiative pending a validation order under section 127 of the Insolvency Act 1986. The bank account is rarely the safe place it ap"
LOW,77157_construction-insolvency.html,CVL,15483,2,yes,no,no,no,"tes the proceeds in the statutory order, and dissolves the company. The advantage of a CVL over compulsory liquidation is control and timing. You initiate it, you can influence the appointment of t"
LOW,77157_construction-insolvency.html,preference (unlawful),2788,2,yes,no,no,no,ector who has been drawing salary or paying connected parties ahead of HMRC faces serious preference exposure under section 239 of the Insolvency Act 1986. What to Do Next About Construction Insolvenc
LOW,77157_construction-insolvency.html,preferential debt / creditor,2560,8,yes,no,no,no,"ursue you personally for the increase in the net deficiency. HMRC's reinstatement as a preferential creditor in December 2020 means that CIS deductions, PAYE, employee NIC, and VAT now rank above unse"
LOW,77157_construction-insolvency.html,wrongful trading,2229,4,yes,no,no,no,olvency instruction. Main Risk in Construction Insolvency The main director risk is wrongful trading under section 214 of the Insolvency Act 1986. If you continue taking on contracts or ordering mater
LOW,77161_transport-haulage-insolvency.html,floating charge,18969,1,no,no,no,no,"eans that in a CVL or administration, HMRC's claims in those categories are paid ahead of floating charge holders and unsecured creditors. For haulage businesses that have been using VAT and PAYE as w"
LOW,77161_transport-haulage-insolvency.html,misfeasance,17866,1,no,no,no,no,ing insolvent liquidation; personal guarantees signed on finance or lease agreements; and misfeasance or fraudulent trading. If you have personally guaranteed the HP agreements on your trucks or signe
LOW,77161_transport-haulage-insolvency.html,moratorium,7301,5,yes,no,no,no,rs further contract defaults. The order of events matters enormously here. Getting a moratorium in place before the HP company acts is one of the key practical reasons to move into administration rath
LOW,77161_transport-haulage-insolvency.html,preference (unlawful),8043,4,yes,no,no,no,MRC's participation in CVAs in the haulage sector has become more conditional since Crown preference was reinstated in December 2020. A CVA that works for a haulage business has a realistic repayment 
LOW,77161_transport-haulage-insolvency.html,transaction at an undervalue,11726,1,no,no,no,no,"Liquidators routinely examine bank statements for the two years before insolvency. Transactions at undervalue, such as selling a truck to a connected party below market price, carry a two-year look-ba"
LOW,77162_hmrc-enforcement-action.html,CVL,13603,1,no,no,no,no,"olvency, we can act as the licensed Insolvency Practitioner for a CVA, Administration, or CVL under separate engagement. Our 0800 number is a free confidential consultation."
LOW,77162_hmrc-enforcement-action.html,Official Receiver,7217,1,yes,no,no,no,"ys, the demand supports a winding-up petition. Court fee £352 plus £2,600 deposit for the Official Receiver. Advertisement in The Gazette freezes bank accounts under section 127. Security Deposit Noti"
LOW,77162_hmrc-enforcement-action.html,Schedule B1,12327,1,no,no,no,no,"enforcement often do. Yes. Administration imposes a statutory moratorium under Schedule B1 of the Insolvency Act 1986, halting most creditor action including HMRC enforcement. The moratorium applies f"
LOW,77162_hmrc-enforcement-action.html,Time to Pay,3005,9,yes,no,no,yes,"eak to on behalf of a director who rang inside 48 hours is usually still willing to log a TTP conversation with us. On the same debt three weeks later, our call lands with an officer who has already r"
LOW,77162_hmrc-enforcement-action.html,preference (unlawful),10175,1,no,no,no,no,efends against later wrongful-trading or PLN claims against you personally. Avoid preference payments. Paying connected creditors ahead of HMRC in the run-up to insolvency is exactly the pattern a li
LOW,77162_hmrc-enforcement-action.html,statutory demand,2116,4,yes,no,no,no,"arging orders, third-party debt orders, attachment of earnings on sole traders). Statutory demand and winding-up petition , the insolvency track. HMRC is one of the most frequent petitioners in Englis"
LOW,77175_professional-services-insolvency.html,CVA,5021,22,yes,no,no,no,"ervention happens, the firm's ability to trade is over, regardless of whether you reach a CVA or administration deal. The intervention itself triggers the effective closure. For other regulated firms,"
LOW,77175_professional-services-insolvency.html,CVL,2535,9,yes,no,no,no,l exposure for claims that post-date the firm's closure. These risks do not wait for a CVL or administration appointment. We address them directly below. What to Do Next About Professional Services
LOW,77175_professional-services-insolvency.html,misfeasance,22438,1,no,no,yes,no,"al guarantees, where wrongful trading under the Insolvency Act 1986 is established, where misfeasance claims arise, or where regulatory breaches create direct personal liability. The LLP structure pro"
LOW,77175_professional-services-insolvency.html,preference (unlawful),24310,3,no,no,yes,no,"ency process timeline, which requires advance planning. Does HMRC’s Crown preference status affect professional services insolvencies differently? Crown preference affects all co"
LOW,77181_energy-provider-insolvency.html,Time to Pay,21990,1,no,no,no,no,"roblem is operational rather than structural, the options include creditor negotiation, a time to pay arrangement with HMRC, or a CVA if the trading business is genuinely viable. That is more likely w"
LOW,77181_energy-provider-insolvency.html,advertised / advertisement (notice sense),14309,1,no,no,no,no,"st £750 under section 123 of the Insolvency Act 1986. Once a petition is presented and advertised, your company's bank accounts may be frozen. Transactions made after the petition date can be voided u"
LOW,77181_energy-provider-insolvency.html,presented (vs served),14295,1,no,no,no,no,"debt of at least £750 under section 123 of the Insolvency Act 1986. Once a petition is presented and advertised, your company's bank accounts may be frozen. Transactions made after the petition date c"
LOW,77181_energy-provider-insolvency.html,wrongful trading,1918,5,yes,no,no,no,er the Energy Act 2004 for very large failures. Directors remain personally exposed to wrongful trading claims under section 214 of the Insolvency Act 1986 if they continue trading after insolvency be
LOW,77186_care-home-insolvency.html,CVA,2107,7,yes,no,no,no,"is intact, the regulator has no live enforcement notice, and the cash gap is sized for a CVA, refinance, or going-concern sale. Rescue narrows sharply where staffing has fractured, agency cover is co"
LOW,77186_care-home-insolvency.html,CVL,16091,1,yes,no,no,no,"with a director loan, the only safe route is going-concern Administration or a controlled CVL coordinated with the local authority. The decision has effectively been made by the operational reality. T"
LOW,77186_care-home-insolvency.html,IP (insolvency practitioner),2364,5,yes,no,no,no,"affecting registration. At that point, going-concern Administration with a care-aware IP is usually the only route that keeps residents in their rooms. Main Director Risk in Care Home Insolve"
LOW,77186_care-home-insolvency.html,Redundancy Payments Service,17585,1,no,no,yes,no,"Schedule 6 Insolvency Act 1986. Beyond that cap, employees claim through the government's Redundancy Payments Service, with statutory redundancy pay subject to the £751 weekly cap from 6 April 2026. W"
LOW,77186_care-home-insolvency.html,Schedule B1,19765,2,no,no,yes,no,"dministration take? An Administration runs for 12 months by default under Schedule B1 Insolvency Act 1986, extendable by creditor or court consent. In care, the practical timeline is shorter:"
LOW,77186_care-home-insolvency.html,Time to Pay,7197,3,no,no,no,no,"terms, which is not the norm. Options for Care Home Rescue or Closure HMRC Time to Pay and Refinance for a Solvent Care Home Under Cash Strain If the underlying business is viable and the s"
LOW,77186_care-home-insolvency.html,misfeasance,2576,1,no,no,no,no,"You face the standard director risks (wrongful trading under s.214 Insolvency Act 1986, misfeasance under s.212, disqualification under the Company Directors Disqualification Act 1986) and a sector-sp"
LOW,77186_care-home-insolvency.html,transaction at an undervalue,10541,1,yes,no,no,no,"market value, or repaying a director loan ahead of trade creditors , is reviewable as a transaction at undervalue (s.238) or a preference (s.239) for up to two years before insolvency. The dangerous p"
LOW,77186_care-home-insolvency.html,wrongful trading,2525,3,yes,no,no,no,"Main Director Risk in Care Home Insolvency You face the standard director risks (wrongful trading under s.214 Insolvency Act 1986, misfeasance under s.212, disqualification under the Company Directors"
LOW,77205_hmrc-debt-enforcement-hub.html,Schedule B1,7228,1,no,no,no,no,"tioners in English winding-up proceedings each year. Yes. Administration under Schedule B1 of the Insolvency Act 1986 imposes a statutory moratorium on most creditor action, including HMRC enforcement"
LOW,77207_manufacturing-insolvency.html,Schedule 6,19658,1,no,no,no,no,"ner as liquidator, and the assets are realised for creditors in the priority order set by Schedule 6 of the Insolvency Act 1986 and the Crown preference rules. For manufacturing businesses, the CVL pr"
LOW,77207_manufacturing-insolvency.html,Time to Pay,20389,4,yes,no,no,no,"son if you need to think through which direction is right for your situation. HMRC Time to Pay and Informal Creditor Negotiation Before formal procedures, an HMRC Time to Pay arrangement can defer"
LOW,77207_manufacturing-insolvency.html,floating charge,32040,1,no,no,yes,no,are of any floating-charge realisations before unsecured trade creditors or a bank with a floating charge receive anything. Can long-term customer contracts with termination penalties cause problems
LOW,77207_manufacturing-insolvency.html,preference (unlawful),3424,11,yes,no,no,no,"The main personal risks for manufacturing directors are wrongful trading (s.214 IA 1986), preference payments to connected parties (s.239), and exposure under personal guarantees on HP finance, leases"
LOW,77207_manufacturing-insolvency.html,statutory demand,25989,1,no,no,no,no,"ensed Insolvency Practitioner Advice Before Acting on Any Creditor Demand A formal statutory demand, an HP repossession notice, or a supplier's RoT letter creates a specific legal clock. Acting on one"
LOW,77207_manufacturing-insolvency.html,transaction at an undervalue,22722,1,no,no,no,no,rvalue Risk for Manufacturing Directors Section 239 (preferences) and section 238 (transactions at undervalue) of the Insolvency Act 1986 give the liquidator power to unwind payments or disposals made
LOW,77207_manufacturing-insolvency.html,wrongful trading,3390,3,yes,no,no,no,"n Manufacturing Insolvency The main personal risks for manufacturing directors are wrongful trading (s.214 IA 1986), preference payments to connected parties (s.239), and exposure under personal guara"
LOW,77216_hospitality-restaurant-insolvency.html,CVA,5218,15,yes,no,no,no,eave no room for a clean administration exit. An HMRC debt compounded to a level a CVA cannot realistically service is also a hard constraint. Recognising this earlier rather than later is what se
LOW,77216_hospitality-restaurant-insolvency.html,Redundancy Payments Service,28667,1,no,no,yes,no,"f wages (up to eight weeks), notice pay, and holiday pay through the Insolvency Service's Redundancy Payments Service. Payments are capped at £751 per week from 6 April 2026 under Schedule 6 of the In"
LOW,77216_hospitality-restaurant-insolvency.html,distraint / distrain,20043,1,no,no,no,no,"preferable to the enforcement ladder that follows non-engagement: late-payment penalties, distraint, and ultimately a statutory demand that gives creditors the platform to present a winding-up petitio"
LOW,77216_hospitality-restaurant-insolvency.html,preferential debt / creditor,25446,2,no,no,yes,no,"for the value they paid. In a liquidation, they rank alongside trade creditors and behind preferential creditors (employees) and HMRC, which has Crown preference for VAT, PAYE and NIC from December 20"
LOW,77216_hospitality-restaurant-insolvency.html,statutory demand,20071,1,yes,no,no,no,"t ladder that follows non-engagement: late-payment penalties, distraint, and ultimately a statutory demand that gives creditors the platform to present a winding-up petition. We have helped operators "
LOW,77218_charity-non-profit-insolvency.html,National Insurance Fund,21274,1,no,no,yes,no,"m statutory redundancy pay, arrears of wages, notice pay, and unpaid holiday pay from the National Insurance Fund (Redundancy Payments Service) where the employer cannot pay. The weekly pay cap for st"
LOW,77218_charity-non-profit-insolvency.html,Official Receiver,17297,1,no,no,yes,no,"based on unpaid debt. The court may make a compulsory winding-up order, in which case an Official Receiver or licensed insolvency practitioner is appointed as liquidator. Unincorporated charities and "
LOW,77218_charity-non-profit-insolvency.html,Redundancy Payments Service,21299,1,no,no,yes,no,"y, arrears of wages, notice pay, and unpaid holiday pay from the National Insurance Fund (Redundancy Payments Service) where the employer cannot pay. The weekly pay cap for statutory redundancy calcul"
LOW,77218_charity-non-profit-insolvency.html,winding-up order (vs petition),17262,1,no,no,yes,no,"e can present a winding-up petition based on unpaid debt. The court may make a compulsory winding-up order, in which case an Official Receiver or licensed insolvency practitioner is appointed as liqui"
LOW,77218_charity-non-profit-insolvency.html,wrongful trading,2517,5,yes,no,no,no,"like company directors, whose personal liability under the Insolvency Act 1986 centres on wrongful trading, charity trustees face liability under the Charities Act 2011 for applying funds outside thei"
LOW,77278_company-strike-off-and-dissolution.html,the Gazette,2130,12,yes,no,no,no,"lly leads back to you personally. Your company owes money to HMRC. HMRC monitors the Gazette for strike-off notices. If your company has unpaid Corporation Tax, VAT, or PAYE, HMRC will object and the "
LOW,77278_company-strike-off-and-dissolution.html,transaction at an undervalue,11828,2,yes,no,no,no,"reditors before strike-off, that behaviour can be investigated. Under the Insolvency Act, transactions at an undervalue and preferences made in the lead-up to insolvency can be challenged. You can be "
LOW,77372_company-rescue-recovery-hub.html,CVL,10475,3,yes,no,no,no,"the supervisor is usually willing to vary; where the variation fails, the CVA fails, and CVL becomes the cleaner exit. Using a CVA to close a company covers the structured wind-down route, where th"
LOW,77372_company-rescue-recovery-hub.html,Official Receiver,9083,1,no,no,no,no,"creditor has issued a statutory demand, the £352 winding-up petition fee plus the £2,600 Official Receiver deposit are no longer hypothetical, and the bank has hinted at freezing the trading account o"
LOW,77372_company-rescue-recovery-hub.html,Schedule 6,18130,2,no,no,yes,no,"d student loan deductions, ahead of floating-charge holders and unsecured creditors under Schedule 6 of the Insolvency Act 1986. In a CVA, HMRC remains a voting creditor and typically engages where th"
LOW,77372_company-rescue-recovery-hub.html,moratorium,5604,3,yes,no,no,no,the directors stay in the chair. Administration under Schedule B1 imposes a statutory moratorium and hands control to a licensed insolvency practitioner who restructures or sells the viable parts. Pre
LOW,77372_company-rescue-recovery-hub.html,preferential debt / creditor,17982,2,no,no,yes,no,"was reinstated on 1 December 2020 by the Finance Act 2020. HMRC now ranks as a secondary preferential creditor for VAT, PAYE, employee NIC, CIS, and student loan deductions, ahead of floating-charge h"
LOW,77372_company-rescue-recovery-hub.html,statutory demand,9016,1,no,no,no,no,"-Procedure-Needed Situation: Petition Threatened or Issued A creditor has issued a statutory demand, the £352 winding-up petition fee plus the £2,600 Official Receiver deposit are no longer hypothetic"
LOW,77372_company-rescue-recovery-hub.html,transaction at an undervalue,19472,1,yes,no,yes,no,"nary creditors and a two-year lookback for connected parties, add further exposure, as do transactions at undervalue under section 238. Choosing the right rescue route at the right moment, and running"
LOW,77372_company-rescue-recovery-hub.html,wrongful trading,13825,4,yes,no,no,no,"when the buyer is connected. Post-Formal Risk Profile: Phoenix Rules, Restoration, Wrongful Trading The post-formal risks are the ones the procedure literature underweights. Section 216 IA 1986 restri"
LOW,77396_director-protection-hub.html,Time to Pay,14242,2,yes,no,no,no,"notice arrives. Pay PAYE and VAT in cash, not in promises; if the company cannot, agree a Time to Pay arrangement before the missed payment, not after. The PLN cases that succeed, in our referral-netw"
LOW,77396_director-protection-hub.html,misfeasance,24209,1,no,no,no,no,"ng orders under section 214, preference and undervalue claims under sections 238 and 239, misfeasance claims under section 212, HMRC PLNs, and section 217 successor-company liability where the section"
LOW,77396_director-protection-hub.html,transaction at an undervalue,7400,3,yes,no,no,no,posure Under Sections 238–239 Section 239 catches preferences. Section 238 catches transactions at undervalue. Both let the liquidator reverse payments and asset transfers made in the run-up to insolv
LOW,77396_director-protection-hub.html,wrongful trading,2033,6,yes,no,no,yes,"The first four sit in the cluster section below: personal guarantees and PG insurance, wrongful trading defence under section 214 of the Insolvency Act 1986 , preference and undervalue exposure under "
LOW,77399_uk-insolvency-statistics.html,CVL,205412,4,yes,no,no,no,"0 1,200 1,800 2,400 3,000 2008–09 recession peak Covid support Post-Covid CVL peak Jan 2000:1,342 Jun 2000:1,250 Nov 2000:1,330 Apr 2001:1,454 Sep 2001:1,301 Feb 2002:"
LOW,77401_sector-specific-insolvency.html,CVA,8568,7,yes,no,no,no,"hether the order book is worth funding through the gap (administration with trading, or a CVA) or whether the gap is structural (CVL, possibly with a pre-pack going-concern sale). The company rescue"
LOW,77401_sector-specific-insolvency.html,CVL,8607,1,no,no,no,no,"through the gap (administration with trading, or a CVA) or whether the gap is structural (CVL, possibly with a pre-pack going-concern sale). The company rescue solutions hub covers the formal option"
LOW,77401_sector-specific-insolvency.html,preference (unlawful),19217,4,no,no,yes,no,al-heavy sector is higher than directors usually assume. Where does Crown preference fit into sector-specific insolvency outcomes? Crown preference was reinstated on 1 December 2
LOW,77401_sector-specific-insolvency.html,preferential debt / creditor,19500,2,no,no,yes,no,ruction Industry Scheme deductions and student loan deductions. HMRC ranks as a secondary preferential creditor for those taxes ahead of floating-charge holders and unsecured creditors. The practical 
LOW,77401_sector-specific-insolvency.html,wrongful trading,17446,1,no,no,yes,no,"ersonal liability risk in some sectors than others? Yes, in practice. The wrongful trading test under s.214 of the Insolvency Act 1986 applies equally across all sectors, but several sector-specific f"
LOW,77684_debt-charities-uk.html,IP (insolvency practitioner),3145,4,yes,no,no,no,"they can help you understand what the personal fallout looks like before you speak to an IP. The catch: Business Debtline advisors are trained in debt advice, not insolvency law. If your situati"
LOW,77684_debt-charities-uk.html,IVA,7927,3,yes,no,no,no,"r than as a replacement for one. If you need support through a difficult process while an IVA is being set up, CAP can provide it. Money Helper and Turn2us: Government and Benefit-Focused Debt Ro"
LOW,77684_debt-charities-uk.html,Official Receiver,9748,1,yes,no,no,no,"ore the creditor pressure becomes a petition, have more options. Those who wait until the Official Receiver is involved have fewer. We see this pattern in the cases our team reviews: directors who act"
LOW,77693_insolvency-news-commentary.html,CVL,2285,4,yes,no,no,no,"r, materially above the pre-pandemic baseline of 14,000-15,000. Procedure split: CVL remains the dominant route at approximately 88% of all company insolvencies. Administrations make up roughly"
LOW,77693_insolvency-news-commentary.html,IP (insolvency practitioner),5595,3,yes,no,no,no,ne moratorium gives 20 business days breathing space (extendable) under monitor (licensed IP) supervision. The Restructuring Plan absorbs complex SME/mid-market restructurings that would previously ha
LOW,77693_insolvency-news-commentary.html,Redundancy Payments Service,3191,1,no,no,no,no,ge points where significant trust-tax balances exist. Director Redundancy claims: RPS payouts to directors of liquidating companies have risen alongside insolvency volume; a useful funding signal
LOW,77693_insolvency-news-commentary.html,moratorium,5048,4,yes,no,no,no,"e 30% becomes a single-point-of-failure exposure. And the rescue procedures (CIGA Part A1 moratorium, CVA, Restructuring Plan) should be familiar to you before you need them. Insolvency News: Regulato"
LOW,77693_insolvency-news-commentary.html,wrongful trading,7950,3,yes,no,no,no,BHS Group case (2024). Joint liquidators of BHS Group pursued former directors for wrongful trading + misfeasance + breach of duty. The court ordered Dominic Chappell + co-directors to contribute £18m
LOW,77739_which-creditors-get-paid-first.html,MVL,8479,1,no,no,no,no,"interest. In an insolvent liquidation, shareholders receive nothing. In a solvent MVL , shareholders receive the surplus after all debts are paid, which is the entire point of the process."
LOW,77739_which-creditors-get-paid-first.html,Schedule 6,13258,1,no,no,no,no,"utory references draw on the Insolvency Act 1986 (sections 175 and 176A, section 239, and Schedule 6), the Finance Act 2020 (Schedule 28 on HMRC secondary preferential creditor status from 1 December "
LOW,77739_which-creditors-get-paid-first.html,preference (unlawful),1901,7,yes,no,no,no,"paid once the liquidator is appointed. The statutory waterfall applies regardless of your preferences, and payments you made before liquidation that disrupted this order can be clawed back as preferen"
LOW,77814_how-to-prepare-for-company-liquidation.html,IP (insolvency practitioner),7861,1,yes,no,no,no,"A simple CVL typically costs £3,500 plus VAT. Get quotes from more than one licensed IP and ensure the fee breakdown is transparent before you commit. 1. Get a Clear Picture of W"
LOW,77814_how-to-prepare-for-company-liquidation.html,Official Receiver,24566,1,yes,no,no,no,"n is forced on the company by a court order, usually after a creditor has petitioned. The Official Receiver is initially appointed as liquidator, the investigation into the directors' conduct tends to"
LOW,77814_how-to-prepare-for-company-liquidation.html,officeholder / office-holder,18658,1,yes,no,no,no,"olvency Act 1986 (the provision that requires officers of a company to cooperate with the officeholder), failure to assist the liquidator can result in court action against you. For most directors who"
LOW,77814_how-to-prepare-for-company-liquidation.html,preference (unlawful),7293,4,yes,no,no,no,"Stop doing things that will cause problems later Do not pay one creditor in preference to others, transfer assets below market value, or take large drawings. The liquidator will review transaction"
LOW,77814_how-to-prepare-for-company-liquidation.html,preferential debt / creditor,7080,3,yes,no,no,no,"List all HMRC debts — VAT, PAYE, corporation tax, CIS. Since December 2020, HMRC is a preferential creditor for certain taxes. Gather the detail now for the Statement of Affairs. 7 St"
LOW,77814_how-to-prepare-for-company-liquidation.html,transaction at an undervalue,15595,1,yes,no,no,no,"ed parties, and two years for connected parties such as directors and family members. For transactions at an undervalue, the lookback period is two years. These are not grey areas. The liquidator is l"
LOW,77916_voluntary-vs-compulsory-liquidation.html,MVL,9460,1,no,no,no,no,"he CVL is almost always the better route. Our voluntary liquidation guide explains both MVL and CVL in detail. It demonstrates that you acted responsibly, gives you preparation time, lets you influenc"
LOW,77960_cant-afford-to-liquidate.html,CVA,3006,4,yes,no,no,no,"e, but you lose control of timing, appointment, and investigation. Rescue routes (CVA, administration, moratorium). These require some working capital and an underlying viable business, so they"
LOW,77960_cant-afford-to-liquidate.html,IP (insolvency practitioner),2103,1,yes,no,no,no,"ctor facing this is the same: do not drift. Get a free first consultation with a licensed IP. In most cases we can identify a route that works even without cash, and we tell you honestly if one exists"
LOW,77960_cant-afford-to-liquidate.html,moratorium,3027,6,yes,no,no,no,"ol of timing, appointment, and investigation. Rescue routes (CVA, administration, moratorium). These require some working capital and an underlying viable business, so they are rarely realistic when t"
LOW,77960_cant-afford-to-liquidate.html,preference (unlawful),13914,1,no,no,no,no,"onal guarantee or have been found personally liable via wrongful trading, misfeasance, or a preference claim. The limited company structure protects you in most cases. Personal bankruptcy risk arises "
LOW,77960_cant-afford-to-liquidate.html,substitution (of petitioner),15238,1,no,no,no,no,before you act. Company Strike-Off and Dissolution : why the cheap route is not a substitute. Methodology and Disclosure This guide is written by the Company Debt editorial team for UK d
LOW,78102_how-to-choose-the-right-insolvency-procedure.html,Schedule B1,19617,1,no,no,no,no,"a limited company. We have drawn on the Insolvency Act 1986 (Part I on CVAs, Part II / Schedule B1 on administration, Part IV on winding up, sections 89, 122 and 123 on solvency declarations and insol"
LOW,78129_directors-conduct-report-2.html,CVL,4221,1,no,no,no,no,"counting records you hand over, the Statement of Affairs you prepared at the start of the CVL, HMRC's internal records (which the liquidator can request), and any answers you provide during the interv"
LOW,78129_directors-conduct-report-2.html,IP (insolvency practitioner),10608,1,yes,no,no,no,l-trading allegation. Take advice before the liquidator is appointed. A licensed IP can tell you within an hour whether your conduct profile carries risk and what to do about it before the repo
LOW,78163_company-pensions-and-liquidation.html,CVA,5682,3,yes,no,no,no,"oment the employer enters any formal insolvency ( company liquidation , administration, a CVA, or a scheme of arrangement), the scheme enters a PPF assessment period. This is a waiting room, typic"
LOW,78163_company-pensions-and-liquidation.html,National Insurance Fund,17983,1,no,no,no,no,caps. Unpaid employer contributions rank as unsecured. Employees can also claim from the National Insurance Fund. How long does a PPF assessment period last? Typically twelve to twenty-four m
LOW,78163_company-pensions-and-liquidation.html,Schedule 6,17834,1,no,no,no,no,"s (deducted from salaries but not passed to the scheme) rank as preferential claims under Schedule 6 of the Insolvency Act 1986, limited to statutory caps. Unpaid employer contributions rank as unsecu"
LOW,78163_company-pensions-and-liquidation.html,preferential debt / creditor,17808,1,no,no,no,no,"paid employee contributions (deducted from salaries but not passed to the scheme) rank as preferential claims under Schedule 6 of the Insolvency Act 1986, limited to statutory caps. Unpaid employer co"
LOW,78163_company-pensions-and-liquidation.html,wrongful trading,15751,1,no,no,no,no,"en in a straightforward wind-up is vulnerable to a Contribution Notice. See our guide on wrongful trading for the broader director-duty framework. ""The PPF will cover everything."" The PPF pays compens"
LOW,78191_leases-and-contracts-in-liquidation.html,National Insurance Fund,8314,1,no,no,no,no,") up to certain statutory limits. Beyond those limits, employees can claim from the National Insurance Fund via the Redundancy Payments Service, which covers statutory redundancy pay, unpaid wages (up"
LOW,78191_leases-and-contracts-in-liquidation.html,floating charge,12376,1,no,no,no,no,"editors, preferential creditors (mainly employees), and any prescribed part (a portion of floating charge realisations set aside for unsecured creditors). In most insolvent liquidations, the dividend "
LOW,78191_leases-and-contracts-in-liquidation.html,wrongful trading,6925,1,no,no,no,no,"If the company accepts goods it knows it cannot pay for, directors can face scrutiny for wrongful trading. Once the liquidator is appointed, they will review all supplier contracts. Contracts that are"
LOW,78560_company-property-and-real-estate-in-liquidation.html,preferential debt / creditor,8564,2,yes,no,no,no,"tion (the liquidator's fees, legal costs, and disbursements under Section 176ZA) Preferential creditors (mainly employee wages up to statutory limits, holiday pay, and since 1 December 2020, secondary"
LOW,78560_company-property-and-real-estate-in-liquidation.html,wrongful trading,13190,1,no,no,no,no,rsed under Section 238 and can expose you to personal claims. See our guide on wrongful trading for the broader director-liability tests the liquidator applies to conduct in the run-up to insolvency.
LOW,78578_intellectual-property-and-trading-assets-in-liquidation.html,advertised / advertisement (notice sense),5600,1,no,no,no,no,"John Pye, GA Group) Specialist IP brokers (where IP value is material) Public Gazette advertisement + the Insolvency Service Register listing Targeted approach ; direct approach to identified potentia"
LOW,78578_intellectual-property-and-trading-assets-in-liquidation.html,officeholder / office-holder,12068,1,no,no,no,no,"lectual Property and Trading Assets in Liquidation The liquidator, who acts as office-holder of the company under s.143 IA 1986. The IP can be sold to a third party (or back to former management throu"
LOW,78578_intellectual-property-and-trading-assets-in-liquidation.html,the Gazette,5592,1,no,no,no,no,"ctions, John Pye, GA Group) Specialist IP brokers (where IP value is material) Public Gazette advertisement + the Insolvency Service Register listing Targeted approach ; direct approach to ident"
LOW,78578_intellectual-property-and-trading-assets-in-liquidation.html,transaction at an undervalue,13996,1,no,no,no,no,"ise. We have drawn on the Insolvency Act 1986 (sections 216 on prohibited names, 238 on transactions at undervalue, and 436 on the definition of property), the Trade Marks Act 1994 on assignment of re"
LOW,78596_company-vehicles-and-equipment-in-liquidation.html,transaction at an undervalue,16825,1,yes,no,no,no,"onal use that was tolerated for years can suddenly look like a benefit-in-kind issue or a transaction at undervalue. Once insolvency is probable, treat the company vehicles as creditor assets. Methodo"
LOW,78596_company-vehicles-and-equipment-in-liquidation.html,wrongful trading,12519,1,no,no,no,no,"uch items that are genuinely personal, but they will need proof. See our guide on wrongful trading for the broader director-liability framework that applies in the months before liquidation. Common Mi"
LOW,78613_how-to-prove-your-debt-in-company-liquidation.html,MVL,8844,1,no,no,no,no,"the liquidation date. Post-liquidation interest is only payable in a solvent liquidation (MVL) where all debts have been paid in full. In the average insolvent liquidation, unsecured creditors"
LOW,78613_how-to-prove-your-debt-in-company-liquidation.html,preferential debt / creditor,9056,1,no,no,no,no,"between 0p and 20p in the pound. Many receive nothing at all after the liquidator's fees, preferential claims, and any secured creditors are paid. The exact figure depends on the company's assets and "
LOW,78613_how-to-prove-your-debt-in-company-liquidation.html,winding-up order (vs petition),2001,1,no,no,no,no,"e the amount owed at the date of the winding-up resolution (for a CVL) or the date of the winding-up order (for compulsory), including any contractual interest accrued to that date. The basis of the c"
LOW,78654_how-to-challenge-a-liquidators-decisions-or-fees.html,Official Receiver,14380,3,yes,no,no,no,"tions? In a compulsory liquidation (where the court ordered the winding up), the Official Receiver initially acts as liquidator. The Official Receiver's fees are set by a statutory scale and are not o"
LOW,78673_liquidators-powers-and-duties.html,CVL,2999,2,yes,no,no,no,"during the MVL that the company is in fact insolvent, they must convert the process to a CVL, and the dynamic changes completely. We stress this to every director we speak to: the appointment mat"
LOW,78673_liquidators-powers-and-duties.html,MVL,2836,2,yes,no,no,no,"t the liquidator and retain more influence because the company is solvent. But even in an MVL, the liquidator's statutory duties apply. If the liquidator discovers during the MVL that the company is i"
LOW,78673_liquidators-powers-and-duties.html,Official Receiver,2446,5,yes,no,no,no,"exposure, they can and do exercise that right. In a compulsory liquidation , the Official Receiver is appointed automatically by the court. The Official Receiver may then refer the case to a private-s"
LOW,78673_liquidators-powers-and-duties.html,misfeasance,3859,3,yes,no,no,no,"or auction. Pursue legal claims: wrongful trading (s.214), fraudulent trading (s.213), misfeasance (s.212), transactions at undervalue (s.238), and preferences (s.239) against directors and connected "
LOW,78673_liquidators-powers-and-duties.html,preference (unlawful),3920,2,yes,no,no,no,"fraudulent trading (s.213), misfeasance (s.212), transactions at undervalue (s.238), and preferences (s.239) against directors and connected parties. Recover assets and money: demand repayment of over"
LOW,78673_liquidators-powers-and-duties.html,transaction at an undervalue,3880,3,yes,no,no,no,"legal claims: wrongful trading (s.214), fraudulent trading (s.213), misfeasance (s.212), transactions at undervalue (s.238), and preferences (s.239) against directors and connected parties. Recover as"
LOW,78690_liquidation-deadlines-and-time-limits.html,disposition,5325,1,no,no,no,no,the winding-up order is the date from which all subsequent deadlines are calculated. Any disposition of company property after this date is void unless the court approves it. Within 21 days of the ord
LOW,78690_liquidation-deadlines-and-time-limits.html,winding-up order (vs petition),4134,3,yes,no,no,no,"or petitions the court, the court fixes a hearing date, and if the petition succeeds, the winding-up order takes effect immediately. Your involvement shifts from decision-maker to respondent. 21 days "
LOW,78756_liquidating-a-limited-liability-partnership.html,IP (insolvency practitioner),7147,1,yes,no,no,no,"rt, and the Official Receiver is appointed as liquidator initially, with a private-sector IP potentially replacing them later. Compulsory liquidation is more invasive than a CVL. The Official Recei"
LOW,78756_liquidating-a-limited-liability-partnership.html,Official Receiver,7069,6,yes,no,no,no,"out of your hands entirely. A compulsory winding-up order is made by the court, and the Official Receiver is appointed as liquidator initially, with a private-sector IP potentially replacing them late"
LOW,78756_liquidating-a-limited-liability-partnership.html,moratorium,11739,1,no,no,no,no,"s and can be used to protect the business while a rescue plan is developed. It provides a moratorium on creditor action, but it is significantly more expensive and is typically only viable for larger "
LOW,78781_can-i-be-sued-after-my-company-is-dissolved.html,misfeasance,14817,1,no,no,no,no,", but personal guarantees, compensation orders following disqualification, and successful misfeasance claims all can. Methodology and Disclosure This page is written by the Company Debt editoria"
LOW,78781_can-i-be-sued-after-my-company-is-dissolved.html,served / service,13458,1,no,no,no,no,"mitation period in the original contract. Restoration applications are usually served on former directors, but exceptions exist. If you discover the company has been restored, you are usually reinst"
LOW,78797_what-happens-if-a-director-resigns-before-liquidation.html,preference (unlawful),12824,1,no,no,no,no,"cooperate with the liquidator, and sections 238 to 239 on transactions at undervalue and preferences). We have also drawn on the Company Directors Disqualification Act 1986 (sections 6 to 8 on disqual"
LOW,78825_paying-staff-but-not-hmrc-before-liquidation.html,Redundancy Payments Service,7246,1,yes,no,no,no,"pay, statutory notice pay, and statutory redundancy pay. These claims are handled by the Redundancy Payments Service. Preferential creditor status for wages. Employees are preferential creditors for u"
LOW,78825_paying-staff-but-not-hmrc-before-liquidation.html,Schedule 6,12401,1,no,no,no,no,"r regulated by the IPA. It is based on the Insolvency Act 1986 (sections 214, 239, 386, Schedule 6), the Employment Rights Act 1996 (Part XII insolvency of employers), the Finance Act 2020 (HMRC prefe"
LOW,78825_paying-staff-but-not-hmrc-before-liquidation.html,floating charge,2544,1,no,no,no,no,"itor status for certain tax debts. This means that in any insolvency, HMRC ranks ahead of floating charge holders and unsecured creditors for: PAYE income tax deducted from employees' wages Employee N"
LOW,78851_voluntary-liquidation.html,National Insurance Fund,8394,1,no,no,no,no,"re made redundant when the company ceases trading. In a CVL, employees can claim from the National Insurance Fund for arrears of pay, holiday pay, notice pay, and statutory redundancy. In an MVL, the "
LOW,78851_voluntary-liquidation.html,preference (unlawful),10027,1,no,no,no,no,"your own director's loan, or paying a preferred supplier ahead of other creditors creates preference risk under section 239 of the Insolvency Act. Not preparing records. Walking into a liquidation wit"
LOW,78851_voluntary-liquidation.html,preferential debt / creditor,7979,1,no,no,no,no,"ets available, distributed in the statutory priority order: secured creditors first, then preferential creditors (employees for unpaid wages, HMRC for certain taxes), then unsecured creditors. Most un"
LOW,78851_voluntary-liquidation.html,served / service,12032,1,no,no,no,no,"ed the creditor has not yet obtained a winding-up order from the court. If a petition has been served but the hearing has not taken place, you can still initiate a CVL by passing the winding-up resolu"
LOW,78851_voluntary-liquidation.html,winding-up order (vs petition),11981,1,yes,no,no,no,"VL. If it cannot, use a CVL. Yes, provided the creditor has not yet obtained a winding-up order from the court. If a petition has been served but the hearing has not taken place, you can still initiat"
LOW,78851_voluntary-liquidation.html,wrongful trading,9642,1,no,no,no,no,ing the CVL hoping things will improve. Our guide on when to stop trading explains the wrongful trading exposure this creates. Every week of continued trading while insolvent increases your personal e
LOW,79236_can-i-start-a-new-company-after-liquidating-my-old-one.html,preference (unlawful),15641,1,no,no,no,no,"rohibited names, 217 on personal liability, 238 on transactions at undervalue, and 239 on preferences) and the Company Directors Disqualification Act 1986 (sections 6 to 8 on disqualification for unfi"
LOW,79236_can-i-start-a-new-company-after-liquidating-my-old-one.html,wrongful trading,11837,1,no,no,no,no,"han be caught out. For a deeper look at what a liquidator investigates, see our guide on wrongful trading . Phoenix Trading vs Legitimate Continuation in a New Company The phrase ""phoenix company"" is "
LOW,79246_can-i-liquidate-my-company-with-a-bounce-back-loan.html,wrongful trading,5137,4,yes,no,no,no,rade creditor balances is exactly the kind of pattern a liquidator will flag as potential wrongful trading under Section 214. The Risks of Delay or the Wrong Closure Route The two mistakes we see most
LOW,79256_liquidating-a-company-with-no-assets-or-bank-account-uk.html,IVA,13086,1,no,no,no,no,ally favours a discounted settlement at 30-60p in the pound rather than litigation. IVA under Part VIII IA 1986 or bankruptcy under Part IX IA 1986 are the personal-insolvency routes for unmanageab
LOW,79256_liquidating-a-company-with-no-assets-or-bank-account-uk.html,National Insurance Fund,16663,1,no,no,no,no,"oluntary strike-off), the Employment Rights Act 1996 (statutory redundancy claims via the National Insurance Fund), and current Insolvency Service guidance. Where we describe how no-asset liquidations"
LOW,79256_liquidating-a-company-with-no-assets-or-bank-account-uk.html,debenture,12404,1,no,no,no,no,"r section 109 of the Law of Property Act 1925 typically appointed for property mortgages; debenture-holders enforce against the relevant asset class. Where the asset value exceeds the secured debt, su"
LOW,79256_liquidating-a-company-with-no-assets-or-bank-account-uk.html,transaction at an undervalue,9549,1,yes,no,no,no,ilure to keep records under s.388 CA 2006 Failure to file accounts at Companies House Transactions at undervalue (s.238 IA 1986) Preferences (s.239 IA 1986) Misfeasance (s.212 IA 1986) Wrongful tradin
LOW,79266_can-i-liquidate-a-dormant-company.html,Redundancy Payments Service,11926,1,no,no,no,no,"pay £3,500 typical SME, funded by you personally or via Director Redundancy claim through RPS where you qualify as an employee under s.230 + s.155 ERA 1996 ( Bottrill [1999] fact-specific test). T"
LOW,79276_can-you-liquidate-to-avoid-paying-suppliers.html,IP (insolvency practitioner),5436,2,yes,no,no,no,s to document every material decision in board minutes and to take advice from a licensed IP before doing anything unusual. See our guide on directors' duties when a company is insolvent for the full
LOW,79276_can-you-liquidate-to-avoid-paying-suppliers.html,Official Receiver,10286,1,yes,no,no,no,"lsory liquidation, the costs are higher (£2,600 petition deposit plus legal fees plus the Official Receiver's time) and the director loses control of timing, appointment, and process. We tell director"
LOW,79276_can-you-liquidate-to-avoid-paying-suppliers.html,moratorium,9000,1,no,no,no,no,aces the company under the protection of a court-appointed administrator with a statutory moratorium that halts any winding-up petition. Used to restructure or sell the business as a going concern. Re
LOW,79276_can-you-liquidate-to-avoid-paying-suppliers.html,preference (unlawful),2510,7,yes,no,no,no,"assets out of the company and then liquidate to leave the supplier empty-handed. That is a preference under Section 239 of the Insolvency Act 1986, or a transaction at undervalue under Section 238, an"
LOW,79276_can-you-liquidate-to-avoid-paying-suppliers.html,served / service,10044,1,no,no,no,no,n of the case (often six to twelve months) and includes a formal report to the Insolvency Service on director conduct under the Company Directors Disqualification Act 1986. If a supplier petitions fir
LOW,79276_can-you-liquidate-to-avoid-paying-suppliers.html,transaction at an undervalue,2574,2,yes,no,no,no,"ier empty-handed. That is a preference under Section 239 of the Insolvency Act 1986, or a transaction at undervalue under Section 238, and the liquidator will reverse it and pursue you personally for "
LOW,79285_liquidating-a-group-company-or-holding-company-in-the-uk.html,misfeasance,14993,1,no,no,no,no,"may be treated as a shadow director. That creates personal exposure to wrongful trading, misfeasance, and disqualification claims in each subsidiary's liquidation. What happens to group tax arran"
LOW,79285_liquidating-a-group-company-or-holding-company-in-the-uk.html,preference (unlawful),3403,1,no,no,no,no,een entities daily. Nobody questions it until insolvency makes every transfer a potential preference. Staff work across multiple companies. Understanding what happens to employees in liquidation becom
LOW,79295_company-voluntary-arrangement-vs-administration-which-to-choose.html,adjournment / adjourn,7449,1,yes,no,no,no,omatically stay a winding-up petition. You would need to apply to the court separately to adjourn the petition while the CVA is being proposed. Administration provides automatic protection against pet
LOW,79304_cva-vs-strike-off-vs-liquidation.html,IP (insolvency practitioner),7638,3,yes,no,no,no,"ompany. The directors acknowledge the company cannot pay its debts, instruct a licensed IP, prepare a Statement of Affairs, and pass a shareholders' resolution to wind up. The IP is appointed as liqui"
LOW,79304_cva-vs-strike-off-vs-liquidation.html,the Gazette,6077,1,no,no,no,no,", pension trustees, HMRC) before filing the DS01 form. After a two-month notice period in the Gazette, the company is removed from the register. Strike-off is right for solvent companies with no mater"
LOW,79304_cva-vs-strike-off-vs-liquidation.html,wrongful trading,8607,1,yes,no,no,no,", or attempting an unlawful strike-off, carries far more personal risk. See our guide on wrongful trading for the director-liability framework. Cost and Speed: A Side-by-Side The numbers matter becaus"
LOW,79313_light-touch-administration.html,CVA,4117,2,yes,no,no,no,"e best outcome is a sale of the business to a buyer who wants the directors to stay, or a CVA that returns the company to director control, keeping the directors engaged during administration makes th"
LOW,79322_winding-up-petition-vs-compulsory-liquidation.html,Time to Pay,6554,1,yes,no,no,no,". This is more common with trade creditors than with HMRC, but we have seen HMRC agree to Time to Pay arrangements even after filing a petition, provided the proposal is realistic and the company can "
LOW,79322_winding-up-petition-vs-compulsory-liquidation.html,statutory demand,3340,1,yes,no,no,no,"to pay its debts (section 122(1)(f)), which the creditor proves by showing an unsatisfied statutory demand or a county court judgement that has not been paid. The petition must be served on the compan"
LOW,79332_what-happens-if-a-cva-fails-mid-term.html,CVL,9553,6,yes,no,no,no,"s rather than optimistic about the outlook. Your Decision Pathway After CVA Failure: CVL, Administration, or Rescue? Once breach occurs, directors face a genuine fork. The options are not equal"
LOW,79332_what-happens-if-a-cva-fails-mid-term.html,Schedule B1,15205,1,no,no,no,no,"6 (sections 1 to 7B on CVAs, section 214 on wrongful trading, section 239 on preferences, Schedule B1 on administration) and the Company Directors Disqualification Act 1986 (sections 6 and 7). We have"
LOW,79332_what-happens-if-a-cva-fails-mid-term.html,floating charge,4576,1,no,no,no,no,"ound, their rights were never fully compromised by the CVA. After termination, qualifying floating charge holders may appoint administrators, fixed charge holders may enforce, and receivers may be app"
LOW,79332_what-happens-if-a-cva-fails-mid-term.html,moratorium,5144,2,yes,no,no,no,"vency appointment. In that gap, directors are still managing an insolvent company with no moratorium protection, full creditor enforcement rights restored, and the clock running on wrongful trading ex"
LOW,79332_what-happens-if-a-cva-fails-mid-term.html,preferential debt / creditor,7654,1,no,no,no,no,"sue for the full revived balance, less dividends already paid. HMRC ranks as a secondary preferential creditor for VAT, PAYE, and other specified taxes under the Finance Act 2020 (from 1 December 2020"
LOW,79332_what-happens-if-a-cva-fails-mid-term.html,presented (vs served),12171,1,no,no,no,no,"editor approval for a variation, the supervisor may hold back. Once a petition has been presented and advertised in the Gazette, your options narrow sharply. At that point, administration or CVL is us"
LOW,79342_hmrc-as-a-creditor-in-liquidation.html,IP (insolvency practitioner),3462,1,yes,no,no,no,"tory waterfall: Fixed charge holders (LPA receiver route) Liquidation expenses (IP fees, legal, etc.) Ordinary preferential creditors (employees, £800 cap per person) Secondary preferenti"
LOW,79342_hmrc-as-a-creditor-in-liquidation.html,Schedule 6,2906,1,no,no,no,no,"osition for ""trust taxes"" with effect from 1 December 2020. The new framework sits within Schedule 6 of the Insolvency Act 1986 (the categories of preferential debt), as amended. The rationale HMRC ga"
LOW,79342_hmrc-as-a-creditor-in-liquidation.html,Time to Pay,5623,10,yes,no,no,yes,"r £750+ debt unpaid for 21 days). The enforcement toolkit before petition: TTP refusal : where TTP cannot be agreed (or has been agreed and breached), the case moves to enforcement track"
LOW,79342_hmrc-as-a-creditor-in-liquidation.html,advertised / advertisement (notice sense),6351,1,no,no,no,no,"nce demanded Winding-up petition under s.122(1)(f) IA 1986: £352 court fee + £1,200 advertising deposit HMRC's monthly review cycle means cases get reviewed for escalation each month. Cases ignored"
LOW,79342_hmrc-as-a-creditor-in-liquidation.html,disposition,13513,1,no,no,no,no,"ve drawn on the Insolvency Act 1986 (sections 122 on winding-up by the court, 127 on void dispositions, 175 on preferential debts, and 176ZA on expenses), the Finance Act 2020 (Schedule 26 reinstating"
LOW,79342_hmrc-as-a-creditor-in-liquidation.html,misfeasance,7768,1,no,no,no,no,214 wrongful trading contribution orders flowing from HMRC's claim in liquidation s.212 misfeasance where HMRC payments were diverted to connected parties Two-stage appeal: HMRC internal review within
LOW,79342_hmrc-as-a-creditor-in-liquidation.html,preference (unlawful),8111,1,no,no,no,no,"ceed wholly or partly with strong mitigation evidence. Time to Pay : HMRC's First Preference In our casework, HMRC actively prefers Time to Pay over enforcement when your company demonstrates gen"
LOW,79351_can-i-choose-my-liquidator.html,misfeasance,14157,1,no,no,no,no,"grounds and void post-petition dispositions, 136 on the Official Receiver's role, 212 on misfeasance, and 214 on wrongful trading), the Insolvency (England and Wales) Rules 2016, and current Insolvenc"
LOW,79351_can-i-choose-my-liquidator.html,moratorium,9500,1,no,no,no,no,"ces the company under the protection of a court-appointed administrator, with a statutory moratorium that halts any pending winding-up petition. Often used to sell the business as a going concern. Inf"
LOW,79351_can-i-choose-my-liquidator.html,preference (unlawful),13139,1,no,no,no,no,"for the benefit of creditors, investigates director conduct, pursues any clawback claims (preferences, transactions at undervalue, wrongful trading), distributes the proceeds, and ultimately dissolves"
LOW,79351_can-i-choose-my-liquidator.html,presented (vs served),2326,1,no,no,no,no,"a winding-up order follows, dispositions of company property made after the petition was presented can be void unless the court validates them. Our experience is that directors who contact us while a "
LOW,79351_can-i-choose-my-liquidator.html,statutory demand,1913,3,yes,no,no,no,"o choose the liquidator is the order of events. Once a creditor (including HMRC) serves a statutory demand that expires unpaid, or obtains a County Court Judgment it cannot enforce, they can file a wi"
LOW,79351_can-i-choose-my-liquidator.html,transaction at an undervalue,13152,1,yes,no,no,no,"it of creditors, investigates director conduct, pursues any clawback claims (preferences, transactions at undervalue, wrongful trading), distributes the proceeds, and ultimately dissolves the company."
LOW,79351_can-i-choose-my-liquidator.html,winding-up order (vs petition),2239,3,yes,no,no,no,"you make is measured against the interests of the creditors. Section 127 means that if a winding-up order follows, dispositions of company property made after the petition was presented can be void un"
LOW,79360_ccj-when-going-insolvent.html,preference (unlawful),7892,3,yes,no,no,no,ly. Paying one judgement creditor ahead of others when the company is insolvent creates preference risk . Speak to a licensed insolvency practitioner who can advise on how the CCJ interacts with the i
LOW,79379_business-bank-account-in-liquidation.html,National Insurance Fund,16484,1,no,no,no,no,"nd statutory notice pay from the Redundancy Payments Service, which covers these from the National Insurance Fund. The director should not attempt to pay wages out of a frozen account without a valida"
LOW,79379_business-bank-account-in-liquidation.html,disposition,4693,2,yes,no,no,no,"Act 1986 is the key provision to understand. It says that in a compulsory winding-up, any disposition of company property made after the petition is presented is void, unless the court orders otherwis"
LOW,79379_business-bank-account-in-liquidation.html,officeholder / office-holder,14689,1,no,no,no,no,"or winding-up order is the same in practice: freeze your account fast, then wait for the office-holder to take control. If your company is registered in Scotland or Northern Ireland, you should still "
LOW,79379_business-bank-account-in-liquidation.html,preference (unlawful),12201,5,yes,no,no,no,de in the months before liquidation that disrupts this statutory order can be reversed as a preference under Section 239 of the Insolvency Act 1986. The liquidator can claw it back and redistribute it
LOW,79379_business-bank-account-in-liquidation.html,wrongful trading,12816,1,no,no,no,no,"llow, and the director will face personal liability for the same amount plus potentially wrongful trading and misfeasance claims under Section 212 of the Insolvency Act 1986. Opening a new account at "
LOW,79387_use-a-cva-to-close-a-company.html,IP (insolvency practitioner),2171,17,yes,no,no,no,"clean exit. It produces a company that has burned further creditor goodwill, incurred IP fees for proposal preparation and supervision, and then enters liquidation anyway. At that point your conduct"
LOW,79387_use-a-cva-to-close-a-company.html,MVL,12426,1,yes,no,no,no,"or, realises the assets, pays all creditors, and distributes the surplus to shareholders. MVL is often used to extract retained profits tax-efficiently when a business has genuinely run its course rat"
LOW,79387_use-a-cva-to-close-a-company.html,presented (vs served),10591,1,no,no,no,no,"petition heard in court can restrict what you do with company assets from the date it is presented, not just the date it is heard. Transactions entered into after that point can be challenged under . "
LOW,79387_use-a-cva-to-close-a-company.html,statutory demand,2715,2,yes,no,no,no,ng while technically insolvent is a week of potential exposure. The creditor who served a statutory demand last month is not going to become friendlier if you spend six weeks preparing a CVA proposal 
LOW,79387_use-a-cva-to-close-a-company.html,winding-up order (vs petition),17349,1,yes,no,yes,no,"reditors regain their ability to pursue individual enforcement. They can then apply for a winding-up order through the court, or directors can initiate a CVL. A failed CVA does not prevent a director "
LOW,79396_director-conduct-review.html,IP (insolvency practitioner),13293,2,yes,no,no,no,"fore the liquidator is appointed, not after the investigation letter arrives. A licensed IP can tell you within an hour whether your conduct profile carries risk and what to do about it. Comm"
LOW,79396_director-conduct-review.html,transaction at an undervalue,3000,3,yes,no,no,no,"f proper accounting records, the circumstances in which the company became insolvent, any transactions at undervalue or preferences, any wrongful or fraudulent trading, and any personal benefit the di"
LOW,79404_uk-insolvency-glossary.html,advertised / advertisement (notice sense),9843,1,no,no,no,no,pany compulsorily. The most common ground is that the company is unable to pay its debts. Advertising the petition in the London Gazette triggers an automatic bank account freeze. Wrongful trading. A 
LOW,79404_uk-insolvency-glossary.html,the Gazette,9871,1,no,no,no,no,common ground is that the company is unable to pay its debts. Advertising the petition in the London Gazette triggers an automatic bank account freeze. Wrongful trading. A civil claim under section 21
LOW,79404_uk-insolvency-glossary.html,transaction at an undervalue,9226,1,no,no,no,no,"0. If unsatisfied after 21 days, it provides grounds for a winding-up petition . Transaction at undervalue. A transaction where the company transfers an asset for significantly less than it is worth ("
LOW,79412_uk-insolvency-flowchart.html,IP (insolvency practitioner),6619,1,yes,no,no,no,"for informal creditor negotiation. However, even for routes that do not require an IP, a consultation is worthwhile to confirm you are choosing the correct path. If the company has deb"
LOW,79412_uk-insolvency-flowchart.html,Official Receiver,2562,1,yes,no,no,no,"the petition, or convert to a CVL before the hearing. If the court grants the order, the Official Receiver takes control. Move to Question 5. Question 5: Does the company have debts but no assets and "
LOW,79423_insolvency-checklist.html,CVA,11971,1,no,no,no,no,"e (cash, available facility, key creditor pressure) Alternatives considered (refinance, CVA, administration, CVL, continuing trade) Professional advice received (accountant, tax adviser, IP, lawyer;"
LOW,79423_insolvency-checklist.html,IP (insolvency practitioner),7537,9,yes,no,no,no,"e but s.239 doesn't care about your reasoning; it cares about the relative outcome. An IP-supervised payment regime removes the director-decision risk. Once the IP runs the payment decisions, you're"
LOW,79423_insolvency-checklist.html,transaction at an undervalue,6909,1,no,no,no,no,"ipient in a better position than they would be in a liquidation. Section 238 covers transactions at undervalue with a 2-year lookback regardless of connection. Selling assets at below-market value, tr"
LOW,79445_list-of-liquidation-documents.html,National Insurance Fund,6323,1,no,no,no,no,loyee records matter because your staff are preferential creditors and can claim from the National Insurance Fund. The Redundancy Payments Service needs accurate employment records to process claims. 
LOW,79445_list-of-liquidation-documents.html,Redundancy Payments Service,6352,1,no,no,no,no,your staff are preferential creditors and can claim from the National Insurance Fund. The Redundancy Payments Service needs accurate employment records to process claims. Our guide on employee rights 
LOW,79445_list-of-liquidation-documents.html,preferential debt / creditor,6277,1,no,no,no,no,ny defined benefit scheme details Employee records matter because your staff are preferential creditors and can claim from the National Insurance Fund. The Redundancy Payments Service needs accurate e
LOW,79445_list-of-liquidation-documents.html,wrongful trading,7251,1,yes,no,no,no,"the policy may respond to claims against you personally during the liquidation, including wrongful trading claims. We advise checking whether the policy is still active and whether it covers claims ar"
LOW,79463_insolvency-myths-debunked.html,IP (insolvency practitioner),4141,2,yes,no,no,no,"veries and report on whether your conduct was fit. We see directors who assume the IP they appointed will look out for their interests. The IP will be professional and fair, but their loyalty is"
LOW,79463_insolvency-myths-debunked.html,Official Receiver,3826,2,yes,no,no,no,"their duty runs to the creditor body, not to you. In a compulsory liquidation, the Official Receiver is appointed by the court and has a statutory duty to investigate director conduct. The liquidator "
LOW,79463_insolvency-myths-debunked.html,floating charge,5245,1,no,no,no,no,"ent loan repayments. These taxes; the ones you collected on behalf of HMRC; rank ahead of floating charge holders and all unsecured creditors. Corporation Tax and employer NICs remain unsecured, but t"
LOW,79463_insolvency-myths-debunked.html,preference (unlawful),9531,1,no,no,no,no,"t 1986 (sections 213 fraudulent trading, 214 wrongful trading, 216 name restrictions, 239 preferences), the Company Directors Disqualification Act 1986 (sections 6 to 8 on unfit conduct), the Finance "
LOW,79472_should-i-close-my-company-or-try-to-save-it.html,IP (insolvency practitioner),7214,1,yes,no,no,no,"s the company under the protection of the court and appoints an administrator (a licensed IP) to manage its affairs. It provides an automatic moratorium on creditor action, which stops enforcement, wi"
LOW,79472_should-i-close-my-company-or-try-to-save-it.html,Schedule B1,12516,1,no,no,no,no,"e drawn on the Insolvency Act 1986 (Part I on Company Voluntary Arrangements, Part II and Schedule B1 on administration, Part IV on winding up, and section 214 on wrongful trading), the Companies Act "
LOW,79472_should-i-close-my-company-or-try-to-save-it.html,advertised / advertisement (notice sense),5471,1,no,no,no,no,"3. A winding-up petition is threatened or imminent. Once a winding-up petition is advertised in the London Gazette, your bank will freeze the company's accounts. At that point, rescue becomes almost i"
LOW,79472_should-i-close-my-company-or-try-to-save-it.html,the Gazette,5485,1,no,no,no,no,"ing-up petition is threatened or imminent. Once a winding-up petition is advertised in the London Gazette, your bank will freeze the company's accounts. At that point, rescue becomes almost impossible"
LOW,79480_when-should-a-director-stop-trading.html,misfeasance,13154,1,no,no,no,no,"ion orders, or disqualification. We have drawn on the Insolvency Act 1986 (sections 212 misfeasance, 213 fraudulent trading, 214 wrongful trading, 239 preferences), the Companies Act 2006 (section 172"
LOW,79489_seek-insolvency-advice-before-missing-payments.html,Time to Pay,4462,3,no,no,no,no,formal creditor negotiation ; restructuring payment terms directly with creditors HMRC Time to Pay ; spreading tax debts over an agreed repayment period Company Voluntary Arrangement ; a formal bindin
LOW,79498_pay-hmrc-or-suppliers-first.html,CVA,12466,1,no,no,no,no,"ons reflect underlying distress, we can act as the licensed Insolvency Practitioner for a CVA, Administration, or CVL under separate engagement. The 0800 number is a free confidential consultation."
LOW,79498_pay-hmrc-or-suppliers-first.html,CVL,12490,1,no,no,no,no,"istress, we can act as the licensed Insolvency Practitioner for a CVA, Administration, or CVL under separate engagement. The 0800 number is a free confidential consultation."
LOW,79498_pay-hmrc-or-suppliers-first.html,IP (insolvency practitioner),7457,2,yes,no,no,no,"The practical steps that defend against later preference findings: Licensed IP advice before making material choices. Once insolvency is in view, documented contemporaneous advice is the"
LOW,79498_pay-hmrc-or-suppliers-first.html,Schedule 6,9873,1,no,no,no,no,"as preferential creditors in liquidation for unpaid wages up to £800 per employee under Schedule 6 of the Insolvency Act 1986, alongside HMRC's secondary preferential claims. Paying employees current "
LOW,79498_pay-hmrc-or-suppliers-first.html,Time to Pay,8183,1,yes,no,no,yes,"ble. Current VAT, PAYE, and NIC are what HMRC focuses on; arrears are negotiable through Time to Pay . Document every decision contemporaneously. Board minutes recording the reasoning, the alternative"
LOW,79498_pay-hmrc-or-suppliers-first.html,misfeasance,2802,1,no,no,no,no,"38 , related but distinct, catching payments for less than proper consideration. Misfeasance under section 212 , breach of director duty, including making unlawful distributions or preferential paymen"
LOW,79498_pay-hmrc-or-suppliers-first.html,preferential debt / creditor,5294,5,yes,no,no,no,"econdary preferential status matters for two reasons. First, in liquidation the secondary preferential debts are paid out of the asset pool after fixed-charge holders and employee preferential claims "
LOW,79498_pay-hmrc-or-suppliers-first.html,transaction at an undervalue,2671,1,no,no,no,no,"he payment improved the recipient's position at the expense of other creditors . Transaction at undervalue under section 238 , related but distinct, catching payments for less than proper consideratio"
LOW,79498_pay-hmrc-or-suppliers-first.html,wrongful trading,2934,1,yes,no,no,no,"director duty, including making unlawful distributions or preferential payments. Wrongful trading under section 214 , personal contribution for losses caused by continued trading past the point of una"
LOW,79507_what-happens-if-i-stop-paying-company-debts.html,Official Receiver,5228,1,no,no,no,no,"Gazette then bank accounts frozen within hours Court hearing then winding-up order, Official Receiver appointed, all director control ends HMRC Enforcement: What Happens When You Stop Paying Tax"
LOW,79507_what-happens-if-i-stop-paying-company-debts.html,Time to Pay,6265,8,yes,no,no,no,e faster than most trade creditors. The one advantage with HMRC is that they offer Time to Pay (TTP) arrangements. If you contact HMRC before enforcement begins and propose a realistic repayment sched
LOW,79507_what-happens-if-i-stop-paying-company-debts.html,advertised / advertisement (notice sense),5117,1,no,no,no,no,"Unsatisfied demand then county court claim or winding-up petition filed Petition advertised in London Gazette then bank accounts frozen within hours Court hearing then winding-up order, Official"
LOW,79507_what-happens-if-i-stop-paying-company-debts.html,misfeasance,12064,1,no,no,no,no,"g, sections 238 and 239 on transactions at undervalue and preferences, and section 212 on misfeasance), the Company Directors Disqualification Act 1986, and section 172 of the Companies Act 2006 on th"
LOW,79507_what-happens-if-i-stop-paying-company-debts.html,preference (unlawful),11220,2,yes,no,no,no,"ability to influence the outcome. Neither is ideal. Selective payment creates preference risk under section 239 of the Insolvency Act 1986, particularly if you pay connected parties or specific cred"
LOW,79507_what-happens-if-i-stop-paying-company-debts.html,the Gazette,5131,1,no,no,no,no,"demand then county court claim or winding-up petition filed Petition advertised in London Gazette then bank accounts frozen within hours Court hearing then winding-up order, Official Receiver appointe"
LOW,79507_what-happens-if-i-stop-paying-company-debts.html,transaction at an undervalue,12001,1,yes,no,no,no,"solvency and winding-up grounds, section 214 on wrongful trading, sections 238 and 239 on transactions at undervalue and preferences, and section 212 on misfeasance), the Company Directors Disqualific"
LOW,79507_what-happens-if-i-stop-paying-company-debts.html,winding-up order (vs petition),5210,2,yes,no,no,no,"ertised in London Gazette then bank accounts frozen within hours Court hearing then winding-up order, Official Receiver appointed, all director control ends HMRC Enforcement: What Happens When"
LOW,79515_can-directors-go-to-prison-for-company-debt.html,CVL,4890,1,no,no,no,no,"iminal offence. We have watched directors delete email accounts the night before the CVL started, believing this would prevent the liquidator from seeing embarrassing correspondence. The liquidator"
LOW,79515_can-directors-go-to-prison-for-company-debt.html,misfeasance,2339,3,yes,no,no,no,"fraud. Most directors who face personal consequences face civil claims (wrongful trading, misfeasance) and disqualification , not criminal prosecution. Criminal cases involve deliberate dishonesty, no"
LOW,79515_can-directors-go-to-prison-for-company-debt.html,transaction at an undervalue,11436,1,yes,no,no,no,"n 213 on fraudulent trading, section 214 on wrongful trading, and sections 238 and 239 on transactions at undervalue and preferences). Further references run to the Fraud Act 2006 (section 2 on fraud "
LOW,79529_what-happens-if-a-director-hides-company-assets.html,disposition,2937,1,no,no,no,no,require you to bury cash in the garden for it to count as concealment. The law covers any disposition of company property that is designed to prevent creditors from receiving what they are owed. In pr
LOW,79529_what-happens-if-a-director-hides-company-assets.html,misfeasance,12812,1,no,no,no,no,"nd misconduct in the course of winding up. We have also drawn on sections 212 to 214 on misfeasance, fraudulent trading, and wrongful trading; sections 235 to 236 on the duty to cooperate and court-or"
LOW,79529_what-happens-if-a-director-hides-company-assets.html,transaction at an undervalue,2610,6,yes,no,no,no,"puts them outside the liquidator's reach. Neither is true. The lookback period for transactions at undervalue is two years. For preferences to connected parties, it is also two years. And for fraud, t"
LOW,79529_what-happens-if-a-director-hides-company-assets.html,winding-up order (vs petition),7831,1,no,no,no,no,"ce to conceal, destroy, or fraudulently remove company property in the 12 months before a winding-up order or at any time after it. The maximum sentence is seven years' imprisonment. Section 208 cover"
LOW,79537_can-a-director-be-sued-personally-by-creditors.html,IP (insolvency practitioner),11750,2,yes,no,no,no,"""The board reviewed the cash-flow forecast, considered the options, took advice from [IP firm], and decided to [action]"" is the kind of record that protects you in any subsequent investigation."
LOW,79537_can-a-director-be-sued-personally-by-creditors.html,transaction at an undervalue,8163,2,yes,no,no,no,"pient (whether the director, a family member, or a connected company) must repay. Transactions at undervalue (Section 238). If a director caused the company to dispose of an asset for less than its va"
LOW,79553_can-directors-pay-themselves-before-liquidation.html,CVL,8553,2,yes,no,no,yes,"verdrawn director loans. We have seen directors blindsided by this on day one of a CVL, discovering that they owe the company tens of thousands of pounds they thought were ""just paperwork."" A debi"
LOW,79553_can-directors-pay-themselves-before-liquidation.html,IP (insolvency practitioner),13901,3,yes,no,no,no,"e at checkpoint two is always the same: get a second opinion, in writing, from a licensed IP before you take anything. It costs you nothing, and it may save you tens of thousands in clawback later."
LOW,79563_what-happens-if-hmrc-freezes-your-business-bank-account.html,CVL,14447,1,no,no,no,no,"y, we can act as the licensed Insolvency Practitioner for a recommended administration or CVL under separate engagement. AFO situations require specialist solicitor involvement alongside our IP advice"
LOW,79563_what-happens-if-hmrc-freezes-your-business-bank-account.html,presented (vs served),7948,1,no,no,no,no,"f the Insolvency Act 1986 provides that any disposition of a company's property after the presentation of a winding-up petition is void, unless the court orders otherwise. Banks protect themselves by "
LOW,79563_what-happens-if-hmrc-freezes-your-business-bank-account.html,served / service,6959,1,no,no,no,no,"amount plus costs. Process : interim order made without notice to the debtor, served on the bank, freezing the funds at that moment. A final order hearing follows, typically within 4–8 weeks."
LOW,79563_what-happens-if-hmrc-freezes-your-business-bank-account.html,wrongful trading,10450,1,no,no,no,no,Personal Liability Notices for unpaid NIC where fraud or neglect is established. Wrongful trading under section 214 where trading continued past the point of unavoidable insolvency. Criminal liabili
LOW,79571_what-happens-if-hmrc-sends-bailiffs-to-a-business.html,CVA,10053,1,no,no,no,no,"reflects underlying insolvency, we can act as the licensed Insolvency Practitioner for a CVA, Administration, or CVL under separate engagement. The 0800 number is a free confidential consultation."
LOW,79571_what-happens-if-hmrc-sends-bailiffs-to-a-business.html,CVL,10077,1,no,no,no,no,"olvency, we can act as the licensed Insolvency Practitioner for a CVA, Administration, or CVL under separate engagement. The 0800 number is a free confidential consultation."
LOW,79571_what-happens-if-hmrc-sends-bailiffs-to-a-business.html,IP (insolvency practitioner),4110,3,yes,no,no,no,otiate Time to Pay with HMRC . A written TTP stops enforcement. Instruct licensed IP advice if the NoE signals broader insolvency. Consider administration where multiple creditors are
LOW,79571_what-happens-if-hmrc-sends-bailiffs-to-a-business.html,Schedule B1,5737,1,no,no,no,no,oes not waive accrued fees. Enter administration . The statutory moratorium under Schedule B1 of the Insolvency Act 1986 halts enforcement from the moment the administrator is appointed or notice of i
LOW,79571_what-happens-if-hmrc-sends-bailiffs-to-a-business.html,moratorium,5720,3,yes,no,no,no,nt's action but does not waive accrued fees. Enter administration . The statutory moratorium under Schedule B1 of the Insolvency Act 1986 halts enforcement from the moment the administrator is appoint
LOW,79571_what-happens-if-hmrc-sends-bailiffs-to-a-business.html,statutory demand,3441,1,no,no,no,no,agencies; supplier confidence typically falls quickly. Parallel HMRC escalation . Statutory demand and winding-up petition can proceed alongside the bailiff track. Notice of Enforcement: Your Seve
LOW,79580_can-hmrc-shut-down-my-business.html,CVA,14490,1,no,no,no,no,"reflects underlying insolvency, we can act as the licensed Insolvency Practitioner for a CVA, Administration, or CVL under separate engagement. The 0800 number is a free confidential consultation."
LOW,79580_can-hmrc-shut-down-my-business.html,IP (insolvency practitioner),8248,3,yes,no,no,no,"e rate is highest at this stage. After formal demand , revised TTP with licensed IP involvement, where compliance history justifies. See What Happens If HMRC Rejects Your Time to Pay ."
LOW,79580_can-hmrc-shut-down-my-business.html,Schedule B1,9113,1,no,no,no,no,"t most frequently stops HMRC closure at the eleventh hour. The statutory moratorium under Schedule B1 of the Insolvency Act 1986 halts the petition, permits banking under administrator control, and op"
LOW,79580_can-hmrc-shut-down-my-business.html,Time to Pay,2690,6,yes,no,no,yes,4 reminders. Phone contact from Debt Management officers offering or requesting Time to Pay negotiation. Field force officer visit at the business premises for larger debts. Direct Re
LOW,79580_can-hmrc-shut-down-my-business.html,disposition,5007,1,no,no,no,no,the Insolvency Act 1986 is the statutory provision that most directors underestimate. Any disposition of company property after the presentation of a winding-up petition is void unless the court order
LOW,79580_can-hmrc-shut-down-my-business.html,distraint / distrain,3007,7,yes,no,no,no,"orcement , 7-day warning that certified agents will attend to take control of goods. See Distraint Order Notice . Statutory demand , the formal 21-day gateway to winding-up. See What is a Statutory D"
LOW,79580_can-hmrc-shut-down-my-business.html,misfeasance,13732,1,no,no,no,no,"outes, Personal Liability Notices for NIC (fraud or neglect), wrongful trading findings, misfeasance claims, or director disqualification with compensation order. Ordinary company closure without misc"
LOW,79588_what-happens-if-you-ignore-hmrc-letters.html,CVA,10613,1,no,no,no,no,"reflects underlying insolvency, we can act as the licensed Insolvency Practitioner for a CVA, Administration, or CVL under separate engagement. The 0800 number is a free confidential consultation."
LOW,79588_what-happens-if-you-ignore-hmrc-letters.html,IP (insolvency practitioner),8732,2,yes,no,no,no,". Time to Pay is harder to secure where earlier correspondence has been ignored. Licensed IP involvement at that stage typically changes HMRC's posture, the IP's presence signals that formal process i"
LOW,79588_what-happens-if-you-ignore-hmrc-letters.html,Official Receiver,3976,1,no,no,no,no,"e, £110 plus 7.5% at sale. Winding-up petition costs , £352 court fee plus £2,600 Official Receiver deposit, plus HMRC's legal fees. For a £10,000 original tax liability ignored all the way through:"
LOW,79588_what-happens-if-you-ignore-hmrc-letters.html,Schedule B1,9370,1,no,no,no,no,"ty, but it significantly widens the route. Yes. The statutory moratorium under Schedule B1 of the Insolvency Act 1986 halts HMRC enforcement from the moment the administrator is appointed (or from f"
LOW,79588_what-happens-if-you-ignore-hmrc-letters.html,moratorium,9353,1,no,no,no,no,"f trigger liability, but it significantly widens the route. Yes. The statutory moratorium under Schedule B1 of the Insolvency Act 1986 halts HMRC enforcement from the moment the administrator is ap"
LOW,79588_what-happens-if-you-ignore-hmrc-letters.html,the Gazette,2824,1,no,no,no,no,"y demand , 21-day clock to petition. Winding-up petition filed and advertised in The Gazette. See Can HMRC Shut Down My Business . Typical timeline from first reminder to petition: 90–180 day"
LOW,79588_what-happens-if-you-ignore-hmrc-letters.html,winding-up order (vs petition),4117,2,yes,no,no,no,"For a £10,000 original tax liability ignored all the way through: total cost at winding-up order typically £15,000–£20,000, before the loss of company assets at forced-sale values. Early engagement is"
LOW,79596_what-happens-if-hmrc-rejects-your-time-to-pay-arrangement.html,advertised / advertisement (notice sense),5150,1,no,no,no,no,"nd winding-up petition , the insolvency-track route that freezes company bank accounts on advertisement and usually makes trading impossible. Security deposit , HMRC can demand a security deposit for "
LOW,79596_what-happens-if-hmrc-rejects-your-time-to-pay-arrangement.html,distraint / distrain,3867,3,yes,no,no,no,"HMRC collection officer for larger debts, or a call from HMRC's Debt Management. Distraint , HMRC has statutory powers to take control of company goods under the Taking Control of Goods Regulations 20"
LOW,79596_what-happens-if-hmrc-rejects-your-time-to-pay-arrangement.html,wrongful trading,8818,2,yes,no,no,no,"e insolvency is unavoidable, particularly continuing to accumulate further HMRC debt, is wrongful trading under section 214, exposing you to personal contribution orders. The TTP refusal, in that ligh"
LOW,79606_what-happens-if-a-creditor-takes-me-to-court.html,CVL,8114,1,no,no,no,no,"nding the hearing. This requires a court application and is not guaranteed. Initiate a CVL before the hearing date. This converts the closure from creditor-driven to director-initiated, which carries"
LOW,79606_what-happens-if-a-creditor-takes-me-to-court.html,Official Receiver,2960,5,yes,no,no,no,"Gazette: bank account frozen within hours Court hearing: winding-up order granted, Official Receiver appointed, company in compulsory liquidation Stage 1: Creditor Serves a Statutory Demand"
LOW,79615_can-a-supplier-force-my-company-into-liquidation.html,CVA,12706,1,yes,no,no,no,"cannot pay and no restructuring is possible, taking control of the process by entering a CVA , administration , or CVL is usually a better outcome for the director than letting compulsory liquidation"
LOW,79615_can-a-supplier-force-my-company-into-liquidation.html,CVL,12734,1,yes,no,no,yes,"ing is possible, taking control of the process by entering a CVA , administration , or CVL is usually a better outcome for the director than letting compulsory liquidation happen. Administration in"
LOW,79615_can-a-supplier-force-my-company-into-liquidation.html,IP (insolvency practitioner),18780,1,yes,no,no,no,y Liquidation entered before the court hearing gives the director more control over which IP is appointed and how the process runs. Each option has different consequences and the right answer depends 
LOW,79615_can-a-supplier-force-my-company-into-liquidation.html,Official Receiver,7522,4,yes,no,no,no,"he petition. Winding-up order. If granted, compulsory liquidation begins and the Official Receiver takes control of the company. Timeline Reality Four to Eight Weeks from Statutory Demand"
LOW,79615_can-a-supplier-force-my-company-into-liquidation.html,Schedule B1,12887,1,yes,no,no,no,compulsory liquidation happen. Administration in particular triggers a moratorium under Schedule B1 of the Insolvency Act 1986 that stops the petition in its tracks. Director Duties When the Supplier 
LOW,79615_can-a-supplier-force-my-company-into-liquidation.html,adjournment / adjourn,7355,1,no,no,no,no,"mpany account the same day. Court hearing. The court decides whether to dismiss, adjourn, or make a winding-up order. Other creditors can attend and support the petition. Winding-up order."
LOW,79615_can-a-supplier-force-my-company-into-liquidation.html,preferential debt / creditor,19800,1,no,no,no,no,"compulsory winding up, section 127 on void post-petition dispositions, and section 175 on preferential debts), the Insolvency (England and Wales) Rules 2016, and current Insolvency Service and HMCTS g"
LOW,79615_can-a-supplier-force-my-company-into-liquidation.html,sealed / court-stamped,6820,1,no,no,no,no,"xisting petitions, pays the £352 court fee and the £2,600 petition deposit, and obtains a sealed copy from the court. Petition served on the company at the registered office. Waiting period"
LOW,79615_can-a-supplier-force-my-company-into-liquidation.html,winding-up order (vs petition),2753,5,yes,no,no,no,"Yes, a trade supplier can present a winding-up petition. But the court will not make a winding-up order just because a supplier is owed money. The supplier must show, under Section 122(1)(f) of the In"
LOW,79615_can-a-supplier-force-my-company-into-liquidation.html,wrongful trading,13818,1,no,no,no,no,"Stop incurring new credit you cannot realistically repay. This is the territory of wrongful trading under Section 214. Stop trying to ""tidy up"" company records. The Official Receiver investigates the "
LOW,79847_winding-up-petition-tracker.html,winding-up order (vs petition),3477,2,yes,no,no,yes,"Source: The Gazette. Roughly three in four advertised petitions are followed by a winding-up order. The gap reflects petitions that are dismissed, withdrawn or settled before any order is made."
LOW,79854_administration-statistics.html,CVL,6167,1,no,no,no,no,dministrations are one procedure within the UK company insolvency statistics . See also CVL statistics and company insolvencies by sector . Recent months UK administrations over
LOW,79855_company-insolvencies-by-sector.html,CVL,3649,1,no,no,no,no,"headline totals are in the UK company insolvency statistics and the procedure split in CVL statistics . Annual company insolvencies by industry section, England and Wales, not seaso"
LOW,80098_furniture-insolvency-statistics.html,Time to Pay,18126,1,no,no,no,no,"room there is to move: supplier terms renegotiated, the debtor book refinanced, an HMRC Time to Pay arrangement , or a rescue procedure such as a Company Voluntary Arrangement or administration . Once"
LOW,80098_furniture-insolvency-statistics.html,advertised / advertisement (notice sense),18268,1,no,no,no,no,"as a Company Voluntary Arrangement or administration . Once a winding-up petition is advertised, the bank account is usually frozen within days, and at that point the options narrow to what is left ra"
LOW,80134_restaurant-insolvency-statistics.html,Time to Pay,11459,1,no,no,no,no,ore debt repayments and arrears. Acting early gives directors more scope to negotiate a Time to Pay arrangement with HMRC and agree terms with landlords and suppliers. It also leaves room to consider 
LOW,80136_road-haulage-insolvency-statistics.html,Time to Pay,13385,1,no,no,no,no,"pe to renegotiate payment terms, dispose of underused vehicles, or approach HMRC about a Time to Pay arrangement . It also leaves room to consider a formal rescue procedure such as a Company Voluntary"
LOW,80137_recruitment-agency-insolvency-statistics.html,Time to Pay,18146,1,no,no,no,no,"er you speak to someone, the more room there is to move: the lease renegotiated, an HMRC Time to Pay arrangement , or a rescue procedure such as a Company Voluntary Arrangement or administration . Onc"
LOW,80138_temporary-staffing-agency-insolvency-statistics.html,Time to Pay,15207,1,no,no,no,no,"the more room there is to move: terms renegotiated, the debtor book refinanced, an HMRC Time to Pay arrangement , or a rescue procedure such as a Company Voluntary Arrangement or administration . Once"
LOW,80139_motor-vehicle-repair-insolvency-statistics.html,Time to Pay,17774,1,no,no,no,no,"arlier you speak to someone, the more room there is to move: terms renegotiated, an HMRC Time to Pay arrangement , or a rescue procedure such as a Company Voluntary Arrangement or administration . Onc"
LOW,80139_motor-vehicle-repair-insolvency-statistics.html,advertised / advertisement (notice sense),17918,1,no,no,no,no,"s a Company Voluntary Arrangement or administration . Once a winding-up petition is advertised, the bank account is usually frozen within days, and on these figures creditors' voluntary liquidation is"
LOW,80140_cleaning-company-insolvency-statistics.html,Time to Pay,18632,1,no,no,no,no,"arlier you speak to someone, the more room there is to move: contracts repriced, an HMRC Time to Pay arrangement , or a rescue procedure such as a Company Voluntary Arrangement or administration . A C"
LOW,80141_hotel-insolvency-statistics.html,Time to Pay,21114,1,no,no,no,no,"dvice while there is still a business attached to the asset: terms renegotiated, an HMRC Time to Pay arrangement , or a rescue procedure such as a Company Voluntary Arrangement or administration . Lea"
LOW,80141_hotel-insolvency-statistics.html,advertised / advertisement (notice sense),21268,1,no,no,no,no,"ny Voluntary Arrangement or administration . Leave it until a winding-up petition is advertised and the account is frozen within days, the bookings stop, and the asset you were relying on is suddenly "
LOW,80260_estate-agency-insolvency-statistics.html,CVA,13145,1,yes,no,no,no,"on was larger than the total 30-case fall because four additional administrations and one CVA partly offset it. Compulsory liquidations also fell, from 26 to 22. Administrations increased from two to"
LOW,80260_estate-agency-insolvency-statistics.html,Time to Pay,18031,1,no,no,no,no,"ope to approach HMRC or other creditors, reduce loss-making overheads, and agree an HMRC Time to Pay arrangement or assess whether a Company Voluntary Arrangement , administration or an orderly credit"
LOW,80260_estate-agency-insolvency-statistics.html,advertised / advertisement (notice sense),18222,1,no,no,no,no,"orderly creditors' voluntary liquidation is appropriate. Once a winding-up petition is advertised, the bank account is usually frozen within days and the available options narrow to what is left rathe"
LOW,80578_it-consultancy-insolvency-statistics.html,Time to Pay,17600,1,no,no,no,no,"someone, the more room there is to move: supplier or lender terms renegotiated, an HMRC Time to Pay arrangement , or a rescue procedure such as a Company Voluntary Arrangement or administration . Once"
LOW,80578_it-consultancy-insolvency-statistics.html,advertised / advertisement (notice sense),17742,1,no,no,no,no,"as a Company Voluntary Arrangement or administration . Once a winding-up petition is advertised, the bank account is usually frozen within days, and at that point creditors' voluntary liquidation may "
LOW,80581_management-consultancy-insolvency-statistics.html,Time to Pay,17268,1,no,no,no,no,"someone, the more room there is to move: supplier or lender terms renegotiated, an HMRC Time to Pay arrangement , or a rescue procedure such as a Company Voluntary Arrangement or administration . Once"
LOW,80584_architectural-engineering-insolvency-statistics.html,Time to Pay,16339,1,no,no,no,no,"someone, the more room there is to move: supplier or lender terms renegotiated, an HMRC Time to Pay arrangement , or a rescue procedure such as a Company Voluntary Arrangement or administration . Once"
LOW,80587_personal-care-services-insolvency-statistics.html,Time to Pay,14843,1,no,no,no,no,"earlier you speak to someone, the more room there is to move: rent renegotiated, an HMRC Time to Pay arrangement , or a rescue procedure such as a Company Voluntary Arrangement or administration . Onc"
LOW,80587_personal-care-services-insolvency-statistics.html,advertised / advertisement (notice sense),14985,1,no,no,no,no,"as a Company Voluntary Arrangement or administration . Once a winding-up petition is advertised, the bank account is usually frozen within days, and at that point creditors' voluntary liquidation may "
LOW,80590_sports-facility-insolvency-statistics.html,Time to Pay,15733,1,no,no,no,no,"someone, the more room there is to move: supplier or lender terms renegotiated, an HMRC Time to Pay arrangement , or a rescue procedure such as a Company Voluntary Arrangement or administration . Once"
LOW,80590_sports-facility-insolvency-statistics.html,advertised / advertisement (notice sense),15875,1,no,no,no,no,"as a Company Voluntary Arrangement or administration . Once a winding-up petition is advertised, the bank account is usually frozen within days, and at that point creditors' voluntary liquidation may "
LOW,80593_medical-dental-practice-insolvency-statistics.html,Time to Pay,15865,1,no,no,no,no,"nowing is that the earlier you speak to someone, the more room there is to move: an HMRC Time to Pay arrangement , or a rescue procedure such as a Company Voluntary Arrangement or administration . Onc"
LOW,80593_medical-dental-practice-insolvency-statistics.html,advertised / advertisement (notice sense),16007,1,no,no,no,no,"as a Company Voluntary Arrangement or administration . Once a winding-up petition is advertised, the bank account is usually frozen within days, and at that point creditors' voluntary liquidation may "
LOW,80596_creative-arts-entertainment-insolvency-statistics.html,Time to Pay,15374,1,no,no,no,no,"lier you speak to someone, the more room there is to move: a lease renegotiated, an HMRC Time to Pay arrangement , or a rescue procedure such as a Company Voluntary Arrangement or administration . Onc"
LOW,80596_creative-arts-entertainment-insolvency-statistics.html,advertised / advertisement (notice sense),15516,1,no,no,no,no,"as a Company Voluntary Arrangement or administration . Once a winding-up petition is advertised, the bank account is usually frozen within days, and at that point creditors' voluntary liquidation may "
LOW,80597_amusement-recreation-insolvency-statistics.html,Time to Pay,15021,1,no,no,no,no,"lier you speak to someone, the more room there is to move: finance restructured, an HMRC Time to Pay arrangement , or a rescue procedure such as a Company Voluntary Arrangement or administration . Onc"
LOW,80597_amusement-recreation-insolvency-statistics.html,advertised / advertisement (notice sense),15163,1,no,no,no,no,"as a Company Voluntary Arrangement or administration . Once a winding-up petition is advertised, the bank account is usually frozen within days, and at that point creditors' voluntary liquidation may "
LOW,80601_real-estate-letting-investment-insolvency-statistics.html,Time to Pay,16536,1,no,no,no,no,"ak to someone, the more room there is to move: terms renegotiated with a lender, an HMRC Time to Pay arrangement , or a rescue procedure such as a Company Voluntary Arrangement or administration . Onc"
LOW,80601_real-estate-letting-investment-insolvency-statistics.html,advertised / advertisement (notice sense),16678,1,no,no,no,no,"as a Company Voluntary Arrangement or administration . Once a winding-up petition is advertised, the bank account is usually frozen within days, and at that point creditors' voluntary liquidation may "
LOW,80604_freight-forwarding-logistics-insolvency-statistics.html,Time to Pay,18605,1,no,no,no,no,"rs as debts fall due, early advice leaves more room to move: renegotiated terms, an HMRC Time to Pay arrangement , or a rescue procedure such as a Company Voluntary Arrangement or administration . Onc"
LOW,80679_retail-insolvency-statistics.html,CVA,11867,1,yes,no,no,no,"uinely fixable cost or lease problem usually has more options than the numbers suggest, a CVA to shed the worst leases, a pre-pack sale of the trading business, or support accessed early, provided the"
LOW,80679_retail-insolvency-statistics.html,Time to Pay,14926,1,no,no,no,no,"lier you speak to someone, the more room there is to move: a lease renegotiated, an HMRC Time to Pay arrangement , or a rescue procedure such as a Company Voluntary Arrangement or administration . Onc"
LOW,80679_retail-insolvency-statistics.html,advertised / advertisement (notice sense),15068,1,no,no,no,no,"as a Company Voluntary Arrangement or administration . Once a winding-up petition is advertised, the bank account is usually frozen within days, and at that point creditors' voluntary liquidation may "
LOW,8350_hmrc-threatening-letters.html,IP (insolvency practitioner),9110,1,yes,no,no,no,e the right route where the case has progressed to statutory demand or petition. Licensed IP involvement at that stage is usually the intervention that changes HMRC's posture. Methodology
LOW,8350_hmrc-threatening-letters.html,advertised / advertisement (notice sense),5052,1,no,no,no,no,"Order Notice . Winding-up petition presented to court. Bank accounts freeze on advertisement under section 127 of the Insolvency Act 1986 . Director-level escalation , Personal Liability Notice"
LOW,8350_hmrc-threatening-letters.html,misfeasance,8714,1,no,no,no,no,"Notices for NIC (fraud or neglect), wrongful trading findings in subsequent insolvency, misfeasance claims, or Finance Act 2020 Joint and Several Liability Notices. Ordinary company tax correspondence"
LOW,8350_hmrc-threatening-letters.html,presented (vs served),5008,1,no,no,no,no,es to take control of goods. See Distraint Order Notice . Winding-up petition presented to court. Bank accounts freeze on advertisement under section 127 of the Insolvency Act 1986 . Direc
LOW,8358_what-is-an-insolvency-practitioner.html,CVL,2723,5,yes,no,no,no,"ents find counter-intuitive and we make it explicit at the outset. Liquidator (CVL or compulsory liquidation, Part IV IA 1986). Takes control of the company, realises its assets, investigates"
LOW,8358_what-is-an-insolvency-practitioner.html,Official Receiver,12644,2,yes,no,no,no,"ector-initiated administration, yes. In a compulsory winding-up following a petition, the Official Receiver is initially appointed and creditors may later replace them with a private-sector IP by reso"
LOW,8358_what-is-an-insolvency-practitioner.html,floating charge,4087,1,no,no,no,no,"roperty (common in property-lending contexts). Administrative receivership under pre-2003 floating charges is now rare. Before a formal appointment, most directors meet an IP in an advisory capacity. "
LOW,8358_what-is-an-insolvency-practitioner.html,misfeasance,2872,1,no,no,no,no,"trol of the company, realises its assets, investigates director conduct under section 212 misfeasance, sections 213 and 214 fraudulent and wrongful trading, and the avoidance provisions in sections 23"
LOW,8358_what-is-an-insolvency-practitioner.html,moratorium,3290,5,yes,no,no,no,"editors than liquidation, or realise property for distribution. Benefits from a statutory moratorium against creditor enforcement. Nominee and then supervisor (CVA, Part I IA 1986). Drafts the proposa"
LOW,8358_what-is-an-insolvency-practitioner.html,presented (vs served),9554,1,no,no,no,no,"with no visible route back to profit. A winding-up petition has been threatened or presented. The bank has moved the relationship to the recoveries team, or the factor has cut the advance rate."
LOW,8358_what-is-an-insolvency-practitioner.html,served / service,9304,1,no,no,no,no,"lly a free preliminary one, are: A statutory demand under section 123(1)(a) has been served and 21 days are running. HMRC have escalated to a field-force visit or a seven-day letter. Two"
LOW,8358_what-is-an-insolvency-practitioner.html,wrongful trading,2921,1,no,no,no,no,"gates director conduct under section 212 misfeasance, sections 213 and 214 fraudulent and wrongful trading, and the avoidance provisions in sections 238, 239, and 245. Distributes proceeds to creditor"
LOW,8396_pre-packs.html,CVL,4625,4,yes,no,no,no,"HMRC's secondary preferential claim for VAT, PAYE and employee NIC is large enough that a CVL with full asset realisation would in fact return more to the Crown than a connected-party sale at administ"
LOW,8396_pre-packs.html,IP (insolvency practitioner),2749,5,yes,no,no,no,". Most of the avoidable mistakes in pre-pack cases happen in the four weeks before the IP is appointed, not after. What Is Pre-Pack Administration? Pre-Pack Administration Meaning"
LOW,8396_pre-packs.html,misfeasance,20401,1,no,no,yes,no,"erences (section 239), or breach of administrator duty under paragraph 75 of Schedule B1 (misfeasance). The SIP 16 statement, the valuation evidence and the evaluator's report are the documents a chal"
LOW,8396_pre-packs.html,transaction at an undervalue,20265,1,yes,no,yes,no,"n subsequent liquidation, a liquidator can challenge a pre-pack sale on grounds including transactions at undervalue (section 238), preferences (section 239), or breach of administrator duty under par"
LOW,8408_problems-paying-corporation-tax-hmrc.html,preferential debt / creditor,6020,1,no,no,no,no,"r HMRC Debts: One Key Difference Unlike VAT and PAYE , Corporation Tax is not a preferential debt in insolvency. It ranks as an unsecured claim in the creditor priority order , alongside trade supplie"
LOW,8408_problems-paying-corporation-tax-hmrc.html,wrongful trading,15739,1,no,no,no,no,"RC can issue personal liability notices, Corporation Tax creates no direct personal debt. Wrongful trading under section 214 of the Insolvency Act is the main HMRC-adjacent exposure, arising if you ke"
LOW,8414_time-to-pay-hmrc.html,CVA,6321,1,yes,no,no,no,"d a documented assessment of viability. The third move is a formal restructuring like a CVA, which binds HMRC to a creditor-approved repayment plan through the 75% vote. If none of those work an"
LOW,9443_cant-pay-vat.html,floating charge,11140,1,no,no,no,no,"VAT is a secondary preferential debt, which means HMRC gets paid ahead of banks holding a floating charge and ahead of ordinary unsecured creditors in the order creditors get paid . HMRC now recover m"
LOW,9702_receivership-mean-business.html,CVA,6752,1,yes,no,no,no,"is fundamentally viable but has a debt problem it cannot resolve without restructuring. A CVA requires 75% creditor approval by value and does not include an automatic moratorium, but eligible smaller"
LOW,9702_receivership-mean-business.html,debenture,8210,1,yes,no,no,no,"rship over property, are appointed out of court under powers contained in the mortgage or debenture document. The lender exercises those powers by delivering a deed of appointment to the receiver. Cou"
LOW,9702_receivership-mean-business.html,statutory demand,3622,1,no,no,no,no,"ing for ""receivership"" because your bank is threatening action or a creditor has issued a statutory demand, the procedure you are most likely facing is not receivership at all. It is administration, c"
