source_url,source_slug,source_page_type,source_word_count,target_url,target_role,cluster,anchor_text,context_snippet,notes
https://www.companydebt.com/case-studies/chinese-takeaway/,chinese-takeaway,informational,1603,/liquidation/creditors-voluntary-liquidation/,spoke,Closure & Liquidation,CVL,ing all of the same exposure plus the additional cost of the failed strike-off attempt. A [[CVL]] was the only clean route. <!-- /wp:ub/content-toggle-panel-blo,
https://www.companydebt.com/articles/the-orla-kiely-fashion-brand-shuts-up-shop/,the-orla-kiely-fashion-brand-shuts-up-shop,informational,444,/liquidation/creditors-voluntary-liquidation/,spoke,Closure & Liquidation,voluntary liquidation,"400;"">The Irish designer, known as the ‘queen of prints,’ said the business was entering [[voluntary liquidation]] “following various challenges the company has faced over the past few years, both in the",
https://www.companydebt.com/liquidation/can-a-supplier-force-my-company-into-liquidation/,can-a-supplier-force-my-company-into-liquidation,informational,3426,/liquidation/creditors-voluntary-liquidation/,spoke,Closure & Liquidation,Creditors' Voluntary Liquidation,s the company under court protection and triggers a moratorium that stops the petition. A [[Creditors' Voluntary Liquidation]] entered before the court hearing gives the director more control over which IP is appoint,
https://www.companydebt.com/liquidation/can-a-supplier-force-my-company-into-liquidation/,can-a-supplier-force-my-company-into-liquidation,informational,3426,/winding-up-petitions/,spoke,Closure & Liquidation,winding-up petition,":paragraph --> What follows: when a supplier can actually use a [[winding-up petition]], what the statutory grounds require, what each step costs the supplier (and why that matt",
https://www.companydebt.com/liquidation/what-happens-if-a-creditor-takes-me-to-court/,what-happens-if-a-creditor-takes-me-to-court,informational,2429,/liquidation/creditors-voluntary-liquidation/,spoke,Closure & Liquidation,CVL,ing. This requires a court application and is not guaranteed. Initiate a [[CVL]] before the hearing date. This converts the closure from creditor-driven to direc,
https://www.companydebt.com/liquidation/what-happens-if-a-creditor-takes-me-to-court/,what-happens-if-a-creditor-takes-me-to-court,informational,2429,/winding-up-petitions/,spoke,Closure & Liquidation,Winding-up petition,"ault judgement or unsatisfied demand evidence [[Winding-up petition]] filed at court (£2,943+ in fees and deposit)",
https://www.companydebt.com/hmrc/what-happens-if-hmrc-rejects-your-time-to-pay-arrangement/,what-happens-if-hmrc-rejects-your-time-to-pay-arrangement,informational,2099,/liquidation/creditors-voluntary-liquidation/,spoke,Closure & Liquidation,CVL,"Company Debt is an insolvency advisory firm. Where we recommend a CVA, Administration, or [[CVL]], we can act as the licensed Insolvency Practitioner under separate engagement. The 0800 n",
https://www.companydebt.com/hmrc/what-happens-if-hmrc-rejects-your-time-to-pay-arrangement/,what-happens-if-hmrc-rejects-your-time-to-pay-arrangement,informational,2099,/winding-up-petitions/,spoke,Closure & Liquidation,winding-up petition,"p:list-item --> Statutory demand, followed by [[winding-up petition]] where the debt exceeds £750 and remains unpaid. <!-- /wp",
https://www.companydebt.com/hmrc/what-happens-if-you-ignore-hmrc-letters/,what-happens-if-you-ignore-hmrc-letters,informational,1743,/liquidation/creditors-voluntary-liquidation/,spoke,Closure & Liquidation,CVL,"onversations directly, model formal-process alternatives, and implement administration or [[CVL]] where the underlying business cannot absorb the tax bill. Call us free on 0800 074 6757 f",
https://www.companydebt.com/hmrc/what-happens-if-you-ignore-hmrc-letters/,what-happens-if-you-ignore-hmrc-letters,informational,1743,/winding-up-petitions/,spoke,Closure & Liquidation,winding-up petition,"tem --> Statutory demand, 21 days, leading to [[winding-up petition]]. COP9 CDF offer,",
https://www.companydebt.com/hmrc/can-hmrc-shut-down-my-business/,can-hmrc-shut-down-my-business,informational,2227,/liquidation/creditors-voluntary-liquidation/,spoke,Closure & Liquidation,CVL,"ts can assess the position, negotiate with HMRC directly, and implement administration or [[CVL]] where those are the right answers. Call us free on 0800 074 6757 for immediate confidenti",
https://www.companydebt.com/hmrc/can-hmrc-shut-down-my-business/,can-hmrc-shut-down-my-business,informational,2227,/winding-up-petitions/,spoke,Closure & Liquidation,winding-up petition,"full HMRC business-closure pathway, the warning letters and notices that precede it, the [[winding-up petition]] route, the section 127 bank-account freeze effect, and the specific damage-limitation mov",
https://www.companydebt.com/hmrc/what-happens-if-hmrc-sends-bailiffs-to-a-business/,what-happens-if-hmrc-sends-bailiffs-to-a-business,informational,1620,/liquidation/creditors-voluntary-liquidation/,spoke,Closure & Liquidation,CVL,"olvency, we can act as the licensed Insolvency Practitioner for a CVA, Administration, or [[CVL]] under separate engagement. The 0800 number is a free confidential consultation. <!--",
https://www.companydebt.com/hmrc/what-happens-if-hmrc-sends-bailiffs-to-a-business/,what-happens-if-hmrc-sends-bailiffs-to-a-business,informational,1620,/winding-up-petitions/,spoke,Closure & Liquidation,winding-up petition,item --> Produces asset realisation without the expense and delay of [[winding-up petition]] proceedings. Often resolve,
https://www.companydebt.com/hmrc/what-happens-if-hmrc-freezes-your-business-bank-account/,what-happens-if-hmrc-freezes-your-business-bank-account,informational,2383,/liquidation/creditors-voluntary-liquidation/,spoke,Closure & Liquidation,CVL,"y, we can act as the licensed Insolvency Practitioner for a recommended administration or [[CVL]] under separate engagement. AFO situations require specialist solicitor involvement alongs",
https://www.companydebt.com/hmrc/what-happens-if-hmrc-freezes-your-business-bank-account/,what-happens-if-hmrc-freezes-your-business-bank-account,informational,2383,/winding-up-petitions/,spoke,Closure & Liquidation,winding-up petition,"separate route, section 127 of the Insolvency Act 1986, produces a de facto freeze when a [[winding-up petition]] is advertised in The Gazette. Banks stop processing company transactions because any post",
https://www.companydebt.com/liquidation/can-directors-pay-themselves-before-liquidation/,can-directors-pay-themselves-before-liquidation,informational,3821,/liquidation/creditors-voluntary-liquidation/,spoke,Closure & Liquidation,creditors' voluntary liquidation,"le reserves, you should assume those payments will be challenged if the company goes into [[creditors' voluntary liquidation]] or compulsory winding-up. We routine",
https://www.companydebt.com/liquidation/what-happens-if-a-director-transfers-assets-before-insolvency/,what-happens-if-a-director-transfers-assets-before-insolvency,informational,1941,/advice/overdrawn-directors-loan-accounts/,spoke,Director Risk,overdrawn director's loan account,Repaying your own [[overdrawn director's loan account]] Paying a family member's invoice ahead of trade creditors Settling a de,
https://www.companydebt.com/liquidation/what-happens-if-a-director-transfers-assets-before-insolvency/,what-happens-if-a-director-transfers-assets-before-insolvency,informational,1941,/liquidation/creditors-voluntary-liquidation/,spoke,Closure & Liquidation,CVL,"s value. A third pays off their personal loan account from company funds weeks before the [[CVL]]. Each of these is a transaction the liquidator will trace, challenge, and in most",
https://www.companydebt.com/liquidation/can-a-director-be-sued-personally-by-creditors/,can-a-director-be-sued-personally-by-creditors,informational,3385,/liquidation/creditors-voluntary-liquidation/,spoke,Closure & Liquidation,CVL,"Consider the formal options while you still have time. A CVA, administration, or [[CVL]] entered voluntarily gives you more control than waiting for a creditor to petition and co",
https://www.companydebt.com/liquidation/can-a-director-be-sued-personally-by-creditors/,can-a-director-be-sued-personally-by-creditors,informational,3385,/advice/overdrawn-directors-loan-accounts/,spoke,Director Risk,Overdrawn director's loan account,"regardless of liquidation [[Overdrawn director's loan account]]: £25,000 → the liquidator demands repayment as a debt owed to the company <",
https://www.companydebt.com/liquidation/what-happens-if-a-director-hides-company-assets/,what-happens-if-a-director-hides-company-assets,informational,2347,/liquidation/creditors-voluntary-liquidation/,spoke,Closure & Liquidation,CVL,ph --> Directors commonly believe that transferring assets several months before the [[CVL]] commences puts those transactions out of reach. It does not. The two-year lookback for tr,
https://www.companydebt.com/liquidation/what-happens-if-i-stop-paying-company-debts/,what-happens-if-i-stop-paying-company-debts,informational,2319,/liquidation/creditors-voluntary-liquidation/,spoke,Closure & Liquidation,voluntary liquidation,"reditors-voluntary-liquidation/"">CVL; retain control of the route, the timing, and in [[voluntary liquidation]], the choice of practitioner. Di",
https://www.companydebt.com/liquidation/what-happens-if-i-stop-paying-company-debts/,what-happens-if-i-stop-paying-company-debts,informational,2319,/winding-up-petitions/,spoke,Closure & Liquidation,Winding-up petition,"ccount freezes. Weeks 12-24: [[Winding-up petition]]. If a statutory demand expires unpaid or a judgement debt remains unsatisfied, t",
https://www.companydebt.com/hmrc/pay-hmrc-or-suppliers-first/,pay-hmrc-or-suppliers-first,informational,1978,/liquidation/creditors-voluntary-liquidation/,spoke,Closure & Liquidation,CVL,"istress, we can act as the licensed Insolvency Practitioner for a CVA, Administration, or [[CVL]] under separate engagement. The 0800 number is a free confidential consultation. <!--",
https://www.companydebt.com/liquidation/seek-insolvency-advice-before-missing-payments/,seek-insolvency-advice-before-missing-payments,informational,1862,/liquidation/creditors-voluntary-liquidation/,spoke,Closure & Liquidation,Creditors' Voluntary Liquidation,on; court protection while the business is restructured or sold [[Creditors' Voluntary Liquidation]]; orderly closure if the business is not viable <!-,
https://www.companydebt.com/liquidation/seek-insolvency-advice-before-missing-payments/,seek-insolvency-advice-before-missing-payments,informational,1862,/winding-up-petitions/,spoke,Closure & Liquidation,winding-up petition,tatutory demand is not a bluff. It is the start of an enforcement sequence that ends at a [[winding-up petition]]. Your accountant has raised concerns. If the person who sees yo,
https://www.companydebt.com/liquidation/seek-insolvency-advice-before-missing-payments/,seek-insolvency-advice-before-missing-payments,informational,1862,/hmrc/problems-paying-corporation-tax-hmrc/,spoke,HMRC,Corporation Tax arrears,"ence of insolvency. HMRC debts are accumulating. PAYE, VAT, and [[Corporation Tax arrears]] compound quickly. HMRC is the most common creditor to petition for compulsory liquidation",
https://www.companydebt.com/liquidation/when-should-a-director-stop-trading/,when-should-a-director-stop-trading,informational,2436,/liquidation/creditors-voluntary-liquidation/,spoke,Closure & Liquidation,CVL,"to family members, or remove property from company premises. Initiate a [[CVL]] if advised to do so. A voluntary liquidation demonstrates that you recognised th",
https://www.companydebt.com/liquidation/when-should-a-director-stop-trading/,when-should-a-director-stop-trading,informational,2436,/winding-up-petitions/,spoke,Closure & Liquidation,winding-up petition,"letters to legal action, the informal phase is over. A statutory demand is 21 days from a [[winding-up petition]]. A county court judgement gives the creditor enforcement powers immediately. <st",
https://www.companydebt.com/liquidation/should-i-close-my-company-or-try-to-save-it/,should-i-close-my-company-or-try-to-save-it,informational,2354,/advice/overdrawn-directors-loan-accounts/,spoke,Director Risk,overdrawn director's loan account,"house is only at risk if you gave a personal guarantee secured against it, if you have an [[overdrawn director's loan account]] the liquidator is pursuing, or if a court orders a personal contribution through a wrongf",
https://www.companydebt.com/liquidation/insolvency-myths-debunked/,insolvency-myths-debunked,informational,1743,/liquidation/creditors-voluntary-liquidation/,spoke,Closure & Liquidation,CVL,ation application from HMRC. The legal costs of defending the restoration exceeded what a [[CVL]] would have cost in the first place. The £10 strike-off fee was the most expensive saving,
https://www.companydebt.com/liquidation/insolvency-vs-bankruptcy/,insolvency-vs-bankruptcy,informational,1433,/liquidation/creditors-voluntary-liquidation/,spoke,Closure & Liquidation,CVL,"- wp:paragraph --> The routes available to you are all corporate insolvency processes: [[CVL]], MVL (if solvent), CVA, administration, or <a href=""/liquidation/compulsory-liquidation/""",
https://www.companydebt.com/liquidation/insolvency-vs-bankruptcy/,insolvency-vs-bankruptcy,informational,1433,/advice/overdrawn-directors-loan-accounts/,spoke,Director Risk,overdrawn director's loan account,"you insolvent. Its debts are not your debts unless you gave personal guarantees, have an [[overdrawn director's loan account]], or face a wrongful trading contribution order. <!-- wp:parag",
https://www.companydebt.com/liquidation/list-of-liquidation-documents/,list-of-liquidation-documents,informational,2169,/liquidation/creditors-voluntary-liquidation/,spoke,Closure & Liquidation,CVL,"incorporation, and any security documents (charges, guarantees, debentures). For a [[CVL]], you must also prepare a formal statement of affairs. For compulsory liquidation, the Off",
https://www.companydebt.com/liquidation/company-strike-off-and-dissolution/directors-responsibilities-after-a-company-is-struck-off/,directors-responsibilities-after-a-company-is-struck-off,informational,2749,/liquidation/creditors-voluntary-liquidation/,spoke,Closure & Liquidation,Creditors' Voluntary Liquidation,"ing back-tax stack made the restored company instantly insolvent, forcing it into a fresh [[Creditors' Voluntary Liquidation]] with the original director in the hot seat for the new investigation. <!-- /wp:paragr",
https://www.companydebt.com/liquidation/insolvency-checklist/,insolvency-checklist,informational,2573,/liquidation/creditors-voluntary-liquidation/,spoke,Closure & Liquidation,CVL,"key creditor pressure) Alternatives considered (refinance, CVA, administration, [[CVL]], continuing trade) Professional advice received (accountant, tax adviser, IP, la",
https://www.companydebt.com/liquidation/uk-insolvency-flowchart/,uk-insolvency-flowchart,informational,1590,/liquidation/creditors-voluntary-liquidation/,spoke,Closure & Liquidation,CVL,ths) but only works for companies with no debts or assets. An MVL takes 6 to 12 months. A [[CVL]] takes 12 to 18 months. Compulsory liq,
https://www.companydebt.com/liquidation/uk-insolvency-flowchart/,uk-insolvency-flowchart,informational,1590,/liquidation/how-much-does-liquidation-cost/,spoke,Closure & Liquidation,liquidation costs,route. Do not use strike-off to avoid [[liquidation costs]] if creditors exist. The debts survive dissolution and creditors can restore the company.<,
https://www.companydebt.com/liquidation/uk-insolvency-glossary/,uk-insolvency-glossary,informational,2219,/liquidation/creditors-voluntary-liquidation/,spoke,Closure & Liquidation,Creditors' Voluntary Liquidation,company entered liquidation. [[Creditors' Voluntary Liquidation]] (CVL). The standard route for closing an insolvent company voluntarily. You init,
https://www.companydebt.com/liquidation/uk-insolvency-glossary/,uk-insolvency-glossary,informational,2219,/winding-up-petitions/,spoke,Closure & Liquidation,winding-up petition,"for payment of a debt over £750. If unsatisfied after 21 days, it provides grounds for a [[winding-up petition]]. Transaction at undervalue.<",
https://www.companydebt.com/liquidation/director-conduct-review/,director-conduct-review,informational,3077,/liquidation/creditors-voluntary-liquidation/,spoke,Closure & Liquidation,creditors' voluntary liquidation,", honest records, and full cooperation with the liquidator from day one. See our guide to [[creditors' voluntary liquidation]] for the full CVL process. Directors",
https://www.companydebt.com/liquidation/business-bank-account-in-liquidation/,business-bank-account-in-liquidation,informational,3247,/liquidation/creditors-voluntary-liquidation/,spoke,Closure & Liquidation,Creditors' Voluntary Liquidation,"quidation following a petition. In a [[Creditors' Voluntary Liquidation]], the equivalent principle is that the liquidator has control of all company assets from t",
https://www.companydebt.com/liquidation/business-bank-account-in-liquidation/,business-bank-account-in-liquidation,informational,3247,/winding-up-petitions/,spoke,Closure & Liquidation,winding-up petition,"uidation/business-bank-account-in-liquidation/ --> The moment a [[winding-up petition]] is advertised in the London Gazette, most banks freeze the company account within 24 hour",
https://www.companydebt.com/liquidation/can-i-choose-my-liquidator/,can-i-choose-my-liquidator,informational,2426,/liquidation/creditors-voluntary-liquidation/,spoke,Closure & Liquidation,Creditors' Voluntary Liquidation,"ose your liquidator, but only if you take action before a creditor forces the issue. In a [[Creditors' Voluntary Liquidation]] (CVL) or a Members' Voluntary Liquidation (MVL), the directors and shareholders nominate",
https://www.companydebt.com/liquidation/can-i-choose-my-liquidator/,can-i-choose-my-liquidator,informational,2426,/winding-up-petitions/,spoke,Closure & Liquidation,winding-up petition,"you, the answer depends almost entirely on who moves first. Act before a creditor files a [[winding-up petition]] and you can nominate a licensed insolvency practitioner you trust. Wait until afte",
https://www.companydebt.com/liquidation/hmrc-as-a-creditor-in-liquidation/,hmrc-as-a-creditor-in-liquidation,informational,2298,/liquidation/creditors-voluntary-liquidation/,spoke,Closure & Liquidation,CVL,"floating charge holders for owner-managed companies, lost recovery share. Where a typical [[CVL]] might previously have paid floating charge holders 50-80p in the pound after expenses, po",
https://www.companydebt.com/liquidation/hmrc-as-a-creditor-in-liquidation/,hmrc-as-a-creditor-in-liquidation,informational,2298,/hmrc/cant-pay-vat/,spoke,HMRC,VAT arrears,:table --> The implication for distribution: a company with £30k [[VAT arrears]] + £20k corporation tax + £15k penalties + £10k interest = £75k total HMRC debt. £30k rank,
https://www.companydebt.com/liquidation/hmrc-as-a-creditor-in-liquidation/,hmrc-as-a-creditor-in-liquidation,informational,2298,/hmrc/cant-pay-paye/,spoke,HMRC,PAYE arrears,n Act 1992 for NIC arrears Regulation 97A of the Income Tax (PAYE) Regs 2003 for [[PAYE arrears]] Finance Act 2020 Schedule 13 for broader tax avoidance/evasion/repeated insolven,
https://www.companydebt.com/company-rescue-solutions/company-voluntary-arrangement/what-happens-if-a-cva-fails-mid-term/,what-happens-if-a-cva-fails-mid-term,informational,2721,/liquidation/creditors-voluntary-liquidation/,spoke,Closure & Liquidation,CVL,"advertised in the Gazette, your options narrow sharply. At that point, administration or [[CVL]] is usually the fastest way to preserve any remaining value and protect your position.",
https://www.companydebt.com/liquidation/winding-up-petition-vs-compulsory-liquidation/,winding-up-petition-vs-compulsory-liquidation,informational,2510,/liquidation/creditors-voluntary-liquidation/,spoke,Closure & Liquidation,CVL,"of every director. This investigation is mandatory in compulsory liquidation, unlike in a [[CVL]] where the scope is at the liquidator's discretion. <!-- wp:pa",
https://www.companydebt.com/liquidation/winding-up-petition-vs-compulsory-liquidation/,winding-up-petition-vs-compulsory-liquidation,informational,2510,/winding-up-petitions/,spoke,Closure & Liquidation,winding-up petition,"-- wp:paragraph --> We have written this page to set out the key differences between a [[winding-up petition]] and compulsory liquidation, explain wh",
https://www.companydebt.com/company-administration/light-touch-administration/,light-touch-administration,informational,1511,/company-rescue-solutions/company-voluntary-arrangement/,spoke,Rescue & Recovery,CVA,"e best outcome is a sale of the business to a buyer who wants the directors to stay, or a [[CVA]] that returns the company to director control, keeping the directors engaged during admini",
https://www.companydebt.com/liquidation/cva-vs-strike-off-vs-liquidation/,cva-vs-strike-off-vs-liquidation,informational,2636,/liquidation/creditors-voluntary-liquidation/,spoke,Closure & Liquidation,Creditors' Voluntary Liquidation,". If the company is insolvent and there is no realistic prospect of trading out, a [[Creditors' Voluntary Liquidation]] is almost always the cleanest exit. Mixing these up is the single most expensive mistake",
https://www.companydebt.com/liquidation/cva-vs-strike-off-vs-liquidation/,cva-vs-strike-off-vs-liquidation,informational,2636,/winding-up-petitions/,spoke,Closure & Liquidation,winding-up petition,"viable or because creditors are unlikely to approve), or when a creditor is threatening a [[winding-up petition]] and the director wants to retain control of the process by entering a voluntary liquidati",
https://www.companydebt.com/liquidation/cva-vs-strike-off-vs-liquidation/,cva-vs-strike-off-vs-liquidation,informational,2636,/liquidation/how-much-does-liquidation-cost/,spoke,Closure & Liquidation,liquidation costs,"r a compulsory winding-up forced by a creditor. The CVA fees are lost, and the subsequent [[liquidation costs]] are added on top. Industry data shows 30-40% of CVAs fail within two years. We run stress",
https://www.companydebt.com/liquidation/cva-vs-strike-off-vs-liquidation/,cva-vs-strike-off-vs-liquidation,informational,2636,/advice/directors-personal-guarantees/,spoke,Director Risk,Personal guarantees,", the Insolvency Service can investigate retrospectively, and HMRC can pursue unpaid tax. [[Personal guarantees]] survive. Bona vacantia risk on any remaining assets. <!-- wp",
https://www.companydebt.com/company-administration/company-voluntary-arrangement-vs-administration-which-to-choose/,company-voluntary-arrangement-vs-administration-which-to-choose,informational,1606,/winding-up-petitions/,spoke,Closure & Liquidation,winding-up petition,ation when: A [[winding-up petition]] has been filed or is imminent and you need to stop it The business has significa,
https://www.companydebt.com/company-administration/company-voluntary-arrangement-vs-administration-which-to-choose/,company-voluntary-arrangement-vs-administration-which-to-choose,informational,1606,/liquidation/how-much-does-liquidation-cost/,spoke,Closure & Liquidation,liquidation costs,"ils and you end up in liquidation anyway, having paid the CVA fees on top of the eventual [[liquidation costs]]. Company Vol",
https://www.companydebt.com/liquidation/liquidating-a-group-company-or-holding-company-in-the-uk/,liquidating-a-group-company-or-holding-company-in-the-uk,informational,2682,/winding-up-petitions/,spoke,Closure & Liquidation,winding-up petition,"bout your group's position now is worth far more than a reactive response after the first [[winding-up petition]] arrives. <!-- wp:ub/call-to-action-block {""blockID"":""a1b2c3d4",
https://www.companydebt.com/liquidation/can-you-liquidate-to-avoid-paying-suppliers/,can-you-liquidate-to-avoid-paying-suppliers,informational,2582,/liquidation/creditors-voluntary-liquidation/,spoke,Closure & Liquidation,Creditors' Voluntary Liquidation,"y Insolvent Companies, Not a Strategy to Evade Payment A [[Creditors' Voluntary Liquidation]] is the statutory route for directors of genuinely insolvent companies who want to close c",
https://www.companydebt.com/liquidation/can-you-liquidate-to-avoid-paying-suppliers/,can-you-liquidate-to-avoid-paying-suppliers,informational,2582,/winding-up-petitions/,spoke,Closure & Liquidation,winding-up petition,"tory demand under Section 123(1)(a) of the Insolvency Act 1986 and, 21 days later, file a [[winding-up petition]]. They can pursue judgment in the Cou",
https://www.companydebt.com/liquidation/can-i-liquidate-a-dormant-company/,can-i-liquidate-a-dormant-company,informational,2837,/liquidation/creditors-voluntary-liquidation/,spoke,Closure & Liquidation,CVL,:paragraph --> A dormant company with an unpaid HMRC liability from three years ago is [[CVL]] territory regardless of how dormant it has been since. <!-- wp,
https://www.companydebt.com/liquidation/can-i-liquidate-a-dormant-company/,can-i-liquidate-a-dormant-company,informational,2837,/hmrc/cant-pay-paye/,spoke,HMRC,PAYE arrears,"aid HMRC liabilities from the final trading period (typical: £5,000-£50,000 in CT + VAT + [[PAYE arrears]]) Trade supplier balances that were never paid + are within limitation L",
https://www.companydebt.com/liquidation/liquidating-a-company-with-no-assets-or-bank-account-uk/,liquidating-a-company-with-no-assets-or-bank-account-uk,informational,2758,/liquidation/creditors-voluntary-liquidation/,spoke,Closure & Liquidation,Creditors' Voluntary Liquidation,"ing"">CVL With No Assets: How It Works [[Creditors' Voluntary Liquidation]] under s.84 IA 1986 is the standard route for insolvent SMEs. The process for a no-asset c",
https://www.companydebt.com/liquidation/can-i-liquidate-my-company-with-a-bounce-back-loan/,can-i-liquidate-my-company-with-a-bounce-back-loan,informational,3060,/liquidation/creditors-voluntary-liquidation/,spoke,Closure & Liquidation,Creditors' Voluntary Liquidation,procedure on your own terms before HMRC or another creditor forces your hand. A well-run [[Creditors' Voluntary Liquidation]] with a clean BBL profile is rarely a problem. A delayed process with messy records is.</p,
https://www.companydebt.com/liquidation/voluntary-liquidation/,voluntary-liquidation,informational,2552,/liquidation/creditors-voluntary-liquidation/,spoke,Closure & Liquidation,CVL,"f=""/liquidation/creditors-voluntary-liquidation/"">a Creditors' Voluntary Liquidation ([[CVL]]) for insolvent ones. We find that most directors who search for ""voluntary liquidation"" a",
https://www.companydebt.com/liquidation/voluntary-liquidation/,voluntary-liquidation,informational,2552,/winding-up-petitions/,spoke,Closure & Liquidation,winding-up petition,"you are choosing between creditors each month, if HMRC is escalating enforcement, or if a [[winding-up petition]] is threatened, a CVL is almost certainly the right step. Acting before a creditor petitio",
https://www.companydebt.com/liquidation/paying-staff-but-not-hmrc-before-liquidation/,paying-staff-but-not-hmrc-before-liquidation,informational,2215,/winding-up-petitions/,spoke,Closure & Liquidation,winding-up petition,"ll wait. HMRC has extensive enforcement powers, including the ability to issue a [[winding-up petition]] for debts over £750. If you are not paying HMRC, they may force the issue before you are",
https://www.companydebt.com/liquidation/paying-staff-but-not-hmrc-before-liquidation/,paying-staff-but-not-hmrc-before-liquidation,informational,2215,/hmrc/cant-pay-vat/,spoke,HMRC,VAT arrears,Tax and employer NICs remain unsecured. Paying staff wages (unsecured) ahead of PAYE and [[VAT arrears]] (HMRC preferential) is a stronger preference claim than paying one unsecured creditor ahe,
https://www.companydebt.com/liquidation/redundancy-payments-for-directors-in-an-mvl/,redundancy-payments-for-directors-in-an-mvl,informational,2607,/liquidation/creditors-voluntary-liquidation/,spoke,Closure & Liquidation,voluntary liquidation,"mpany through an MVL (a form of [[voluntary liquidation]]), you may be entitled to a statutory redundancy payment as a director-employee. Most dire",
https://www.companydebt.com/liquidation/what-happens-if-a-director-resigns-before-liquidation/,what-happens-if-a-director-resigns-before-liquidation,informational,2384,/liquidation/creditors-voluntary-liquidation/,spoke,Closure & Liquidation,CVL,rt will note the timing of your resignation. A director who resigned two weeks before the [[CVL]] was initiated raises more questions than a director who stayed and cooperated with the pr,
https://www.companydebt.com/liquidation/liquidating-a-charity-or-non-profit/,liquidating-a-charity-or-non-profit,informational,3330,/liquidation/creditors-voluntary-liquidation/,spoke,Closure & Liquidation,creditors' voluntary liquidation,"> For a charitable company limited by guarantee, the most common insolvency route is a [[creditors' voluntary liquidation]]. The process follows the same legal framework as a standard CVL: <!-- /wp:paragraph -",
https://www.companydebt.com/liquidation/liquidating-a-charity-or-non-profit/,liquidating-a-charity-or-non-profit,informational,3330,/liquidation/,hub,Closure & Liquidation,company liquidation,"ed regulations, with the Charity Commission playing a more direct role than in a standard [[company liquidation]]. If you are a trustee of an unincorporated charity that is insolvent, take legal advice i",
https://www.companydebt.com/liquidation/liquidating-a-limited-liability-partnership/,liquidating-a-limited-liability-partnership,informational,2973,/liquidation/creditors-voluntary-liquidation/,spoke,Closure & Liquidation,CVL,"--> An MVL for a straightforward LLP typically costs from £3,000 to £5,000 plus VAT. A [[CVL]] starts from around £5,000 and rises with complexity, creditor numbers, and asset realisat",
https://www.companydebt.com/liquidation/liquidating-a-limited-liability-partnership/,liquidating-a-limited-liability-partnership,informational,2973,/liquidation/how-much-does-liquidation-cost/,spoke,Closure & Liquidation,liquidation costs,"s, and asset realisations. Compulsory [[liquidation costs]] are borne by the LLP's assets, but if those are insufficient, members may face personal c",
https://www.companydebt.com/liquidation/company-restoration-after-liquidation/,company-restoration-after-liquidation,informational,2961,/liquidation/creditors-voluntary-liquidation/,spoke,Closure & Liquidation,Creditors' Voluntary Liquidation,"gger than the recovered asset, the restored company ends up heading straight into a fresh [[Creditors' Voluntary Liquidation]]. Take advice before the restoration application, not after the penalties land. We",
https://www.companydebt.com/liquidation/liquidators-powers-and-duties/,liquidators-powers-and-duties,informational,2751,/liquidation/creditors-voluntary-liquidation/,spoke,Closure & Liquidation,Creditors' Voluntary Liquidation,"tor and How It Affects Directors In a [[Creditors' Voluntary Liquidation]], the directors typically nominate a liquidator, but creditors can replace that nomination",
https://www.companydebt.com/liquidation/liquidators-powers-and-duties/,liquidators-powers-and-duties,informational,2751,/advice/overdrawn-directors-loan-accounts/,spoke,Director Risk,overdrawn directors' loan accounts,"connected parties.Recover assets and money: demand repayment of [[overdrawn directors' loan accounts]], claw back preferential payments within two years, and disclaim onerous leases or contrac",
https://www.companydebt.com/liquidation/how-to-challenge-a-liquidators-decisions-or-fees/,how-to-challenge-a-liquidators-decisions-or-fees,informational,3012,/liquidation/creditors-voluntary-liquidation/,spoke,Closure & Liquidation,CVL,"ations. In a [[CVL]], fees are approved by the creditors' committee if one exists, or by a resolution of credi",
https://www.companydebt.com/liquidation/creditor-meetings-in-liquidation/,creditor-meetings-in-liquidation,informational,2691,/liquidation/creditors-voluntary-liquidation/,spoke,Closure & Liquidation,creditors' voluntary liquidation,"s usually a positive signal, not a threat. For the broader CVL mechanics see our guide to [[creditors' voluntary liquidation]]. <div class",
https://www.companydebt.com/liquidation/how-to-prove-your-debt-in-company-liquidation/,how-to-prove-your-debt-in-company-liquidation,informational,1790,/liquidation/creditors-voluntary-liquidation/,spoke,Closure & Liquidation,CVL,". This should be the amount owed at the date of the winding-up resolution (for a [[CVL]]) or the date of the winding-up order (for compulsory), including any contractual interest",
https://www.companydebt.com/liquidation/company-vehicles-and-equipment-in-liquidation/,company-vehicles-and-equipment-in-liquidation,informational,3096,/liquidation/creditors-voluntary-liquidation/,spoke,Closure & Liquidation,voluntary liquidation,is void under section 127 (for compulsory liquidation) or unlawful under section 91 (for [[voluntary liquidation]]). The liquidator can reverse it and,
https://www.companydebt.com/liquidation/company-vehicles-and-equipment-in-liquidation/,company-vehicles-and-equipment-in-liquidation,informational,3096,/hmrc/cant-pay-vat/,spoke,HMRC,VAT arrears,"anything personally. The only time VAT becomes a director issue is if the company was in [[VAT arrears]] at the point of liquidation, in which case HMRC's preferential claim under the Finance Ac",
https://www.companydebt.com/liquidation/intellectual-property-and-trading-assets-in-liquidation/,intellectual-property-and-trading-assets-in-liquidation,informational,2284,/liquidation/creditors-voluntary-liquidation/,spoke,Closure & Liquidation,CVL,"raph --> The ""IP I created is mine"" assumption is the misunderstanding that converts a [[CVL]] into a wider misfeasance investigation. <!-- /wp:p",
https://www.companydebt.com/liquidation/company-property-and-real-estate-in-liquidation/,company-property-and-real-estate-in-liquidation,informational,3246,/liquidation/creditors-voluntary-liquidation/,spoke,Closure & Liquidation,creditors' voluntary liquidation,"interest, sells the asset, and pursues any residual balance as an unsecured claim in the [[creditors' voluntary liquidation]]. ""If I gave a personal guarantee",
https://www.companydebt.com/liquidation/directors-conduct-report-2/,directors-conduct-report-2,informational,2411,/liquidation/creditors-voluntary-liquidation/,spoke,Closure & Liquidation,CVL,"counting records you hand over, the Statement of Affairs you prepared at the start of the [[CVL]], HMRC's internal records (which the liquidator can request), and any answers you provide",
https://www.companydebt.com/liquidation/how-to-choose-the-right-insolvency-procedure/,how-to-choose-the-right-insolvency-procedure,informational,3275,/liquidation/creditors-voluntary-liquidation/,spoke,Closure & Liquidation,Creditors' Voluntary Liquidation,"h --> If your company cannot pay its debts and has no realistic rescue plan, a [[Creditors' Voluntary Liquidation]] (CVL) is the most common and usually the most appropriate route. If the company",
https://www.companydebt.com/liquidation/how-to-choose-the-right-insolvency-procedure/,how-to-choose-the-right-insolvency-procedure,informational,3275,/winding-up-petitions/,spoke,Closure & Liquidation,winding-up petition,--> Is a creditor already threatening legal action or a [[winding-up petition]]? If a winding-up petition h,
https://www.companydebt.com/liquidation/how-to-choose-the-right-insolvency-procedure/,how-to-choose-the-right-insolvency-procedure,informational,3275,/liquidation/how-much-does-liquidation-cost/,spoke,Closure & Liquidation,liquidation costs,whether the company has assets worth realising. We have a detailed breakdown of how much [[liquidation costs]] if you need the specifics. The proce,
https://www.companydebt.com/liquidation/voluntary-vs-compulsory-liquidation/,voluntary-vs-compulsory-liquidation,informational,2379,/liquidation/creditors-voluntary-liquidation/,spoke,Closure & Liquidation,CVL,d then pass a voluntary winding-up resolution. This effectively converts the process to a [[CVL]]. Once the court has made the winding-,
https://www.companydebt.com/liquidation/voluntary-vs-compulsory-liquidation/,voluntary-vs-compulsory-liquidation,informational,2379,/winding-up-petitions/,spoke,Closure & Liquidation,winding-up petition,"raph --> In compulsory liquidation, accounts are frozen when the [[winding-up petition]] is advertised in the London Gazette, which can happen weeks before the court hearing. Thi",
https://www.companydebt.com/liquidation/how-to-prepare-for-company-liquidation/,how-to-prepare-for-company-liquidation,informational,4181,/liquidation/creditors-voluntary-liquidation/,spoke,Closure & Liquidation,Creditors' Voluntary Liquidation,"pe of liquidation procedure. The most common route for directors who act voluntarily is a [[Creditors' Voluntary Liquidation]] (CVL), where you appoint a licensed insolvency practitioner to wind up the company. <",
https://www.companydebt.com/liquidation/how-to-prepare-for-company-liquidation/,how-to-prepare-for-company-liquidation,informational,4181,/winding-up-petitions/,spoke,Closure & Liquidation,winding-up petition,"generally more scrutinising of the directors' conduct. If a creditor has already issued a [[winding-up petition]], the timetable is no longer yours to set. <!-- wp:paragraph -",
https://www.companydebt.com/liquidation/how-to-prepare-for-company-liquidation/,how-to-prepare-for-company-liquidation,informational,4181,/hmrc/cant-pay-vat/,spoke,HMRC,VAT arrears,"-- /wp:paragraph --> Gather your HMRC debts into a single list: [[VAT arrears]], PAYE, corporation tax, CIS deductions if applicable. If you've had a time-to-pay arrange",
https://www.companydebt.com/liquidation/how-to-prepare-for-company-liquidation/,how-to-prepare-for-company-liquidation,informational,4181,/liquidation/how-much-does-liquidation-cost/,spoke,Closure & Liquidation,Liquidation costs,"sets to cover the costs, directors may need to contribute personally to fund the process. [[Liquidation costs]] vary depending on the complexity of the case, but for a simple CVL with limited assets, e",
https://www.companydebt.com/liquidation/cant-afford-to-liquidate/,cant-afford-to-liquidate,informational,2689,/liquidation/creditors-voluntary-liquidation/,spoke,Closure & Liquidation,Creditors' Voluntary Liquidation,"that implies debts exist. [[Creditors' Voluntary Liquidation]] funded by director redundancy or personal funds. A <a href=""/liquidation/credito",
https://www.companydebt.com/liquidation/cant-afford-to-liquidate/,cant-afford-to-liquidate,informational,2689,/director-redundancy/,spoke,Closure & Liquidation,director redundancy claim,"ly, without realising the risks of doing nothing Directors who qualify for a [[director redundancy claim]] but have not yet explored using it to fund the liquidation <!-- /wp:list -",
https://www.companydebt.com/liquidation/which-creditors-get-paid-first/,which-creditors-get-paid-first,informational,2259,/liquidation/how-much-does-liquidation-cost/,spoke,Closure & Liquidation,liquidation costs,/h2> Preferential creditors rank after the [[liquidation costs]] but ahead of floating charge holders and unsecured creditors. There are two sub-categorie,
https://www.companydebt.com/insolvency-news-commentary/,insolvency-news-commentary,informational,1909,/liquidation/creditors-voluntary-liquidation/,spoke,Closure & Liquidation,CVL,"nies have risen alongside insolvency volume; a useful funding signal for directors facing [[CVL]] fees without cash. <h2 class=""wp-block-he",
https://www.companydebt.com/debt-charities-uk/,debt-charities-uk,informational,2485,/liquidation/creditors-voluntary-liquidation/,spoke,Closure & Liquidation,creditors' voluntary liquidation,"is a licensed Insolvency Practitioner, who can advise on company voluntary arrangements, [[creditors' voluntary liquidation]], administration, or responding to a winding-up petition. <!--",
https://www.companydebt.com/debt-charities-uk/,debt-charities-uk,informational,2485,/winding-up-petitions/,spoke,Closure & Liquidation,winding-up petition,"nt""} --> Contact a licensed Insolvency Practitioner immediately, not a debt charity. A [[winding-up petition]] is a court process that can result in your company being wound up by a judge if it is not",
https://www.companydebt.com/sector-specific-insolvency/,sector-specific-insolvency,informational,3691,/liquidation/creditors-voluntary-liquidation/,spoke,Closure & Liquidation,CVL,"through the gap (administration with trading, or a CVA) or whether the gap is structural ([[CVL]], possibly with a pre-pack going-concern sale). The <a href=""/company-rescue-solut",
https://www.companydebt.com/director-protection-hub/,director-protection-hub,hub,4323,/winding-up-petitions/,spoke,Closure & Liquidation,winding-up petition,"he conversation with an insolvency practitioner about formal procedures. The £343 [[winding-up petition]] fee is no longer hypothetical, and the personal exposures sharpen by the week. <!-- /",
https://www.companydebt.com/company-rescue-recovery-hub/,company-rescue-recovery-hub,hub,3832,/liquidation/creditors-voluntary-liquidation/,spoke,Closure & Liquidation,CVL,"the supervisor is usually willing to vary; where the variation fails, the CVA fails, and [[CVL]] becomes the cleaner exit. Using a CVA to close a company covers the structured wi",
https://www.companydebt.com/company-rescue-recovery-hub/,company-rescue-recovery-hub,hub,3832,/winding-up-petitions/,spoke,Closure & Liquidation,winding-up petition,rrangements bind nobody. One angry creditor with a £750-plus undisputed debt and the £343 [[winding-up petition]] fee in their pocket can collapse a plan the other ten creditors were happy with.,
https://www.companydebt.com/company-rescue-recovery-hub/,company-rescue-recovery-hub,hub,3832,/advice/directors-personal-guarantees/,spoke,Director Risk,personal guarantees,"tion. Director guarantees in a CVA become especially important here, because most [[personal guarantees]] crystallise on procedure entry. <!-- wp:heading {""level"":3} -",
https://www.companydebt.com/hmrc/hmrc-debt-enforcement-hub/,hmrc-debt-enforcement-hub,hub,1471,/liquidation/creditors-voluntary-liquidation/,spoke,Closure & Liquidation,Creditors' Voluntary Liquidation,"tutory moratorium, rescue or sale. [[Creditors' Voluntary Liquidation]] (CVL), orderly wind-down. <!-- wp:hea",
https://www.companydebt.com/hmrc/hmrc-debt-enforcement-hub/,hmrc-debt-enforcement-hub,hub,1471,/winding-up-petitions/,spoke,Closure & Liquidation,winding-up petition,"ders. Statutory demand and [[winding-up petition]], the insolvency track. See Can H",
https://www.companydebt.com/liquidation/company-strike-off-and-dissolution/,company-strike-off-and-dissolution,informational,3371,/liquidation/creditors-voluntary-liquidation/,spoke,Closure & Liquidation,Creditors' Voluntary Liquidation,"paragraph --> If your company has debts it cannot pay, the correct formal process is a [[Creditors' Voluntary Liquidation]] (CVL). This is the route designed for insolvent companies. <!",
https://www.companydebt.com/liquidation/company-strike-off-and-dissolution/,company-strike-off-and-dissolution,informational,3371,/hmrc/problems-paying-corporation-tax-hmrc/,spoke,HMRC,unpaid Corporation Tax,"y to HMRC. HMRC monitors the Gazette for strike-off notices. If your company has [[unpaid Corporation Tax]], VAT, or PAYE, HMRC will object and the dissolution is suspended. This is not a theoretic",
https://www.companydebt.com/liquidation/company-strike-off-and-dissolution/,company-strike-off-and-dissolution,informational,3371,/liquidation/how-much-does-liquidation-cost/,spoke,Closure & Liquidation,Liquidation costs,Striking off a company costs £10. [[Liquidation costs]] thousands. That price gap is why directors searching for a way out land here first. <,
https://www.companydebt.com/hospitality-restaurant-insolvency/,hospitality-restaurant-insolvency,informational,4909,/liquidation/creditors-voluntary-liquidation/,spoke,Closure & Liquidation,Creditors' Voluntary Liquidation,"ing --> Where there is no viable rescue and no credible sale, a [[Creditors' Voluntary Liquidation]] (CVL) is the director-initiated closure route. You appoint a licensed insolvency practiti",
https://www.companydebt.com/hospitality-restaurant-insolvency/,hospitality-restaurant-insolvency,informational,4909,/winding-up-petitions/,spoke,Closure & Liquidation,winding-up petition,"straint, and ultimately a statutory demand that gives creditors the platform to present a [[winding-up petition]]. We have helped operators negotiate T",
https://www.companydebt.com/hospitality-restaurant-insolvency/,hospitality-restaurant-insolvency,informational,4909,/hmrc/cant-pay-paye/,spoke,HMRC,PAYE arrears,"graph --> We have helped operators negotiate Time to Pay arrangements covering VAT and [[PAYE arrears]] well into six figures; the key is always to engage before enforcement starts, not after.<",
https://www.companydebt.com/manufacturing-insolvency/,manufacturing-insolvency,informational,5251,/liquidation/creditors-voluntary-liquidation/,spoke,Closure & Liquidation,Creditors' Voluntary Liquidation,"ation, a Company Voluntary Arrangement (CVA), administration, pre-pack administration, or [[Creditors' Voluntary Liquidation]]. Which route fits depends on whether the trading model itself is viable: order-bo",
https://www.companydebt.com/care-home-insolvency/,care-home-insolvency,informational,3596,/liquidation/creditors-voluntary-liquidation/,spoke,Closure & Liquidation,Creditors' Voluntary Liquidation,"y is in collapse, or the regulator has taken enforcement action affecting registration, a [[Creditors' Voluntary Liquidation]] is the orderly closure route. Trading typically ceases, but a controlled run-off",
https://www.companydebt.com/hmrc/hmrc-enforcement-action/,hmrc-enforcement-action,informational,2166,/liquidation/creditors-voluntary-liquidation/,spoke,Closure & Liquidation,CVL,"olvency, we can act as the licensed Insolvency Practitioner for a CVA, Administration, or [[CVL]] under separate engagement. Our 0800 number is a free confidential consultation. <!--",
https://www.companydebt.com/hmrc/hmrc-enforcement-action/,hmrc-enforcement-action,informational,2166,/winding-up-petitions/,spoke,Closure & Liquidation,winding-up petition,"ers). Statutory demand and [[winding-up petition]], the insolvency track. HMRC is one of the most frequent petitioners in English w",
https://www.companydebt.com/transport-haulage-insolvency/,transport-haulage-insolvency,informational,3344,/liquidation/creditors-voluntary-liquidation/,spoke,Closure & Liquidation,CVL,"deductions, and student loan deductions collected but not remitted. This means that in a [[CVL]] or administration, HMRC's claims in those categories are paid ahead of floating charge ho",
https://www.companydebt.com/debt-creditor-pressure-hub/,debt-creditor-pressure-hub,hub,3588,/liquidation/creditors-voluntary-liquidation/,spoke,Closure & Liquidation,CVL,"icensed Insolvency Practitioners under separate engagement where a CVA, Administration or [[CVL]] is the right route. The 0800 number on this page is a free confidential consultat",
https://www.companydebt.com/debt-creditor-pressure-hub/,debt-creditor-pressure-hub,hub,3588,/winding-up-petitions/,spoke,Closure & Liquidation,winding-up petition,"ction letter, a 7-day warning, a section 123 statutory demand for &pound;750-plus, then a [[winding-up petition]] with a &pound;343 court fee. Crown preference, reinstated on 1 December 2020, pla",
https://www.companydebt.com/debt-creditor-pressure-hub/,debt-creditor-pressure-hub,hub,3588,/advice/directors-personal-guarantees/,spoke,Director Risk,Personal guarantees,agraph --> Some creditor pressure goes around the company and lands on you personally. [[Personal guarantees]] crystallise the moment the company enters a formal procedure. Section 214 of the,
https://www.companydebt.com/liquidation/bailiffs-high-court-enforcement-officers/,bailiffs-high-court-enforcement-officers,informational,3023,/liquidation/creditors-voluntary-liquidation/,spoke,Closure & Liquidation,Creditors' Voluntary Liquidation,he strongest protection available. [[Creditors' Voluntary Liquidation]] (or compulsory liquidation) ends enforcement because the assets are now in the hands of t,
https://www.companydebt.com/liquidation/bailiffs-high-court-enforcement-officers/,bailiffs-high-court-enforcement-officers,informational,3023,/hmrc/cant-pay-vat/,spoke,HMRC,VAT arrears,"ong> handle commercial rent arrears under CRAR, HMRC debts, unpaid traffic penalties, and [[VAT arrears]], among others.",
https://www.companydebt.com/hmrc/hmrc-penalties-investigations/,hmrc-penalties-investigations,informational,1887,/liquidation/creditors-voluntary-liquidation/,spoke,Closure & Liquidation,CVL,"bill exceeds what the business can service, licensed IP advice on CVA, administration, or [[CVL]] is the right next step. <!-- /wp:ub/content-toggle-panel-block",
https://www.companydebt.com/liquidation/am-i-solvent/,am-i-solvent,informational,2680,/liquidation/creditors-voluntary-liquidation/,spoke,Closure & Liquidation,CVL,"ys, not weeks. The IP identifies which route fits your situation (CVA, administration, or [[CVL]]) based on whether the business has a viable future and what creditors are likely to accep",
https://www.companydebt.com/advice/insolvency-advice-for-directors/,insolvency-advice-for-directors,informational,2301,/liquidation/creditors-voluntary-liquidation/,spoke,Closure & Liquidation,CVL,"y has shifted, only a licensed practitioner can route you through CVA, administration, or [[CVL]] without you accidentally doing something a liquidator will later unwind. <!-- /wp:par",
https://www.companydebt.com/advice/insolvency-advice-for-directors/,insolvency-advice-for-directors,informational,2301,/winding-up-petitions/,spoke,Closure & Liquidation,winding-up petition,"eview point. It is not enough once a [[winding-up petition]] is on the way, once a personal guarantee is in play, or once you are inside a creditor st",
https://www.companydebt.com/advice/overdrawn-directors-loan-accounts/,overdrawn-directors-loan-accounts,informational,2361,/liquidation/creditors-voluntary-liquidation/,spoke,Closure & Liquidation,CVL,"We see directors who rush to repay the DLA the week before the [[CVL]], believing it clears the problem. The liquidator recovers the payment, the director has p",
https://www.companydebt.com/company-administration/notice-of-intention-to-appoint-administrators/,notice-of-intention-to-appoint-administrators,informational,1562,/winding-up-petitions/,spoke,Closure & Liquidation,winding-up petition,"ph --> We tell directors: the NOI is your emergency brake. If a [[winding-up petition]] is about to be heard, a creditor has instructed bailiffs, or HMRC is escalating enforceme",
https://www.companydebt.com/company-cash-flow-problems/when-employers-cant-afford-redundancy-payments/,when-employers-cant-afford-redundancy-payments,informational,2227,/liquidation/creditors-voluntary-liquidation/,spoke,Closure & Liquidation,Creditors' Voluntary Liquidation,- /wp:paragraph --> [[Creditors' Voluntary Liquidation]] (CVL) Compulsory liquidation (cour,
https://www.companydebt.com/company-cash-flow-problems/cant-pay-a-company-mortgage/,cant-pay-a-company-mortgage,informational,2343,/liquidation/creditors-voluntary-liquidation/,spoke,Closure & Liquidation,Creditors' Voluntary Liquidation,"oratorium against creditor action. [[Creditors' Voluntary Liquidation]] (CVL), orderly wind-down of a non-viable business, limiting personal liability exposure w",
https://www.companydebt.com/company-cash-flow-problems/cant-pay-a-company-mortgage/,cant-pay-a-company-mortgage,informational,2343,/winding-up-petitions/,spoke,Closure & Liquidation,winding-up petition,"that the company cannot pay its debts as they fall due, a statutory demand followed by a [[winding-up petition]] is the insolvency-track alternative. The petition freezes the company bank accounts on ad",
https://www.companydebt.com/company-cash-flow-problems/challenge-a-statutory-demand/,challenge-a-statutory-demand,informational,2327,/liquidation/creditors-voluntary-liquidation/,spoke,Closure & Liquidation,CVL,"Company Debt is an insolvency advisory firm. Where we recommend a CVA, Administration, or [[CVL]], we can act as the licensed Insolvency Practitioner under separate engagement. The 0800 n",
https://www.companydebt.com/advice/directors-duties-to-creditors/,directors-duties-to-creditors,informational,1677,/advice/overdrawn-directors-loan-accounts/,spoke,Director Risk,overdrawn director's loan account,"shareholders Increasing your own remuneration or bonuses Repaying your [[overdrawn director's loan account]] Making preferential payments to connected parties (family, associated companies)",
https://www.companydebt.com/advice/directors-duties-to-creditors/,directors-duties-to-creditors,informational,1677,/liquidation/creditors-voluntary-liquidation/,spoke,Closure & Liquidation,CVL,"ong>Act on advice. If the IP advises you to stop trading, stop. If they advise a [[CVL]], initiate it. Acting on professional advice is the section 214(3) defence in action.",
https://www.companydebt.com/company-cash-flow-problems/company-is-having-financial-difficulties/,company-is-having-financial-difficulties,informational,2062,/liquidation/creditors-voluntary-liquidation/,spoke,Closure & Liquidation,Creditors' Voluntary Liquidation,"ragraph --> [[Creditors' Voluntary Liquidation]] (CVL), directors initiate, a licensed IP is appointed, assets are realised and d",
https://www.companydebt.com/company-cash-flow-problems/company-is-having-financial-difficulties/,company-is-having-financial-difficulties,informational,2062,/winding-up-petitions/,spoke,Closure & Liquidation,winding-up petition,3> Delay allows creditors to move first. A [[winding-up petition]] advertised in The Gazette freezes your bank accounts under section 127 of the Insolvency,
https://www.companydebt.com/company-cash-flow-problems/company-is-having-financial-difficulties/,company-is-having-financial-difficulties,informational,2062,/hmrc/cant-pay-vat/,spoke,HMRC,VAT arrears,"a single event. It is the Thursday afternoon when three things arrive in the same hour: a [[VAT arrears]] letter, a supplier's final demand, and a text from the bookkeeper asking whether this mon",
https://www.companydebt.com/advice/get-free-business-debt-advice/,get-free-business-debt-advice,informational,1391,/liquidation/creditors-voluntary-liquidation/,spoke,Closure & Liquidation,CVL,-- /wp:paragraph --> Directors who called late had two options: [[CVL]] or wait for a creditor to petition. The advice was free in both cases. The outcomes were,
https://www.companydebt.com/advice/are-directors-personally-liable-for-company-debts/,are-directors-personally-liable-for-company-debts,informational,2928,/liquidation/creditors-voluntary-liquidation/,spoke,Closure & Liquidation,CVL,"ho finds out about a £180,000 guarantee from the lender's solicitor a fortnight after the [[CVL]] is the worst-case scenario, and it is more common than it should be. <!-- /wp:paragra",
https://www.companydebt.com/advice/preventing-company-director-disputes/,preventing-company-director-disputes,informational,1414,/liquidation/creditors-voluntary-liquidation/,spoke,Closure & Liquidation,CVL,"ment?\u003c/strong\u003e""} --> A [[CVL]] requires a special resolution (75% shareholder majority). If one director holds 75%+ of t",
https://www.companydebt.com/advice/how-to-legally-take-money-out-of-a-limited-company/,how-to-legally-take-money-out-of-a-limited-company,informational,3340,/liquidation/creditors-voluntary-liquidation/,spoke,Closure & Liquidation,CVL,"at is approaching insolvency, we can act as the licensed IP for a CVA, Administration, or [[CVL]] under separate engagement. The 0800 number is a free confidential consultation. <!--",
https://www.companydebt.com/advice/funding-options-for-smes-in-the-uk/,funding-options-for-smes-in-the-uk,informational,1854,/winding-up-petitions/,spoke,Closure & Liquidation,winding-up petition,"tatutory demand has expired (21 days from service under s.123(1)(a) IA 1986), or worse, a [[winding-up petition]] has been presented under s.122(1)(f), the bank account will freeze on Gazette advertiseme",
https://www.companydebt.com/insolvency/creditor-negotiations/,creditor-negotiations,informational,5111,/liquidation/creditors-voluntary-liquidation/,spoke,Closure & Liquidation,creditors' voluntary liquidation,":heading --> Where rescue is not viable, a controlled sale or a [[creditors' voluntary liquidation]] closes the file with the conduct trail intact. A pre-pack administration sells th",
https://www.companydebt.com/insolvency/creditor-negotiations/,creditor-negotiations,informational,5111,/winding-up-petitions/,spoke,Closure & Liquidation,winding-up petition,"--> Negotiation is not suitable when the creditor already has a [[winding-up petition]] advertised, when the company is balance-sheet insolvent on any honest reading, or when th",
https://www.companydebt.com/insolvency/business-recovery-services/,business-recovery-services,informational,2973,/liquidation/creditors-voluntary-liquidation/,spoke,Closure & Liquidation,creditors' voluntary liquidation,"turing the balance sheet of a company that no longer has a market is expensive theatre. A [[creditors' voluntary liquidation]] is usually the kinder, cheaper answer. <!-- wp:heading {""leve",
https://www.companydebt.com/insolvency/what-are-the-warning-signs-of-an-insolvent-company/,what-are-the-warning-signs-of-an-insolvent-company,informational,2689,/liquidation/creditors-voluntary-liquidation/,spoke,Closure & Liquidation,creditors' voluntary liquidation,"n the section 214 curve, and set out whether a CVA, a moratorium, an administration, or a [[creditors' voluntary liquidation]] is the right route. Nothing is charged until you instruct us.",
https://www.companydebt.com/insolvency/what-are-the-warning-signs-of-an-insolvent-company/,what-are-the-warning-signs-of-an-insolvent-company,informational,2689,/winding-up-petitions/,spoke,Closure & Liquidation,winding-up petition,orate Trustee Services v Eurosail [2013] UKSC 28). You cross that line well before a [[winding-up petition]] lands. The warning signs below are t,
https://www.companydebt.com/insolvency/can-you-sell-your-insolvent-company/,can-you-sell-your-insolvent-company,informational,2347,/liquidation/creditors-voluntary-liquidation/,spoke,Closure & Liquidation,creditors' voluntary liquidation,"you. In the cases we take on after a [[creditors' voluntary liquidation]] is under way, directors are often surprised by how fast the decision moves out of their h",
https://www.companydebt.com/insolvency/can-you-sell-your-insolvent-company/,can-you-sell-your-insolvent-company,informational,2347,/winding-up-petitions/,spoke,Closure & Liquidation,winding-up petition,"t is the quiet one to a spouse's company for a pound, on a handshake, the week before the [[winding-up petition]]. Sections 238 and 239 of the Insolve",
https://www.companydebt.com/insolvency/how-to-save-a-struggling-business/,how-to-save-a-struggling-business,informational,2684,/liquidation/creditors-voluntary-liquidation/,spoke,Closure & Liquidation,Creditors' Voluntary Liquidation,"cts the trading assets while the old company is wound up. If neither has value, a [[Creditors' Voluntary Liquidation]] closes things cleanly and limits director risk far better than waiting for a compulsory w",
https://www.companydebt.com/insolvency/how-to-save-a-struggling-business/,how-to-save-a-struggling-business,informational,2684,/winding-up-petitions/,spoke,Closure & Liquidation,winding-up petition,"creditor problem (not a structural one), and at least 14 days of breathing room before a [[winding-up petition]] or HMRC enforcement action. Strip",
https://www.companydebt.com/insolvency/rescue-your-business-from-insolvency/,rescue-your-business-from-insolvency,informational,3631,/liquidation/creditors-voluntary-liquidation/,spoke,Closure & Liquidation,Creditors' Voluntary Liquidation,"mers are leaving for cheaper rivals, the honest answer is that you are choosing between a [[Creditors' Voluntary Liquidation]] now and a forced winding-up later. <!-- wp:heading {""level"":3",
https://www.companydebt.com/insolvency/rescue-your-business-from-insolvency/,rescue-your-business-from-insolvency,informational,3631,/hmrc/cant-pay-vat/,spoke,HMRC,VAT arrears,"still works. If you stripped out the legacy debt, the bounce-back loan, and the historic [[VAT arrears]], would the next twelve weeks of cash flow stand up? If yes, you have a rescue candidate.<",
https://www.companydebt.com/insolvency/how-to-reduce-insolvency-risk/,how-to-reduce-insolvency-risk,informational,3634,/liquidation/creditors-voluntary-liquidation/,spoke,Closure & Liquidation,Creditors' Voluntary Liquidation,"h --> If the company has neither rescue value nor sale value, a [[Creditors' Voluntary Liquidation]], initiated by the directors, gives the cleanest line under the matter and the most contro",
https://www.companydebt.com/insolvency/how-to-reduce-insolvency-risk/,how-to-reduce-insolvency-risk,informational,3634,/winding-up-petitions/,spoke,Closure & Liquidation,winding-up petition,"point where the work changes from prevention to mitigation. Once a creditor has issued a [[winding-up petition]], once HMRC has refused a Time to Pay, or once your accountant has used the word ""insolven",
https://www.companydebt.com/insolvency/dealing-with-creditor-pressure/,dealing-with-creditor-pressure,informational,4332,/liquidation/creditors-voluntary-liquidation/,spoke,Closure & Liquidation,creditors' voluntary liquidation,"erlying business cannot generate enough cash to repay creditors at any plausible level, a [[creditors' voluntary liquidation]] is usually the right call. Directors initiate the process, a licensed liquidator",
https://www.companydebt.com/insolvency/dealing-with-creditor-pressure/,dealing-with-creditor-pressure,informational,4332,/winding-up-petitions/,spoke,Closure & Liquidation,winding-up petition,clock attaches to it. A statutory demand starts a 21-day window before a [[winding-up petition]] can be presented. An HMRC 7-day warning runs straight into a Notice of Enforcemen,
https://www.companydebt.com/company-cash-flow-problems/what-is-a-statutory-demand-against-a-company/,what-is-a-statutory-demand-against-a-company,informational,2059,/liquidation/creditors-voluntary-liquidation/,spoke,Closure & Liquidation,CVL,"p>Company Debt is an insolvency advisory firm. Where we recommend administration, CVA, or [[CVL]], we can act as the licensed Insolvency Practitioner under separate engagement. Our 0800 n",
https://www.companydebt.com/company-cash-flow-problems/cant-afford-to-pay-suppliers-what-are-the-options/,cant-afford-to-pay-suppliers-what-are-the-options,informational,1953,/liquidation/creditors-voluntary-liquidation/,spoke,Closure & Liquidation,CVL,ditors' Voluntary Liquidation (CVL) A [[CVL]] is the orderly wind-down route where the business is not viable. Directors retain control,
https://www.companydebt.com/company-cash-flow-problems/cant-afford-to-pay-suppliers-what-are-the-options/,cant-afford-to-pay-suppliers-what-are-the-options,informational,1953,/winding-up-petitions/,spoke,Closure & Liquidation,winding-up petition,"n a UK limited company cannot pay its suppliers, the escalation path from aged invoice to [[winding-up petition]], the practical options before formal insolvency becomes the only route, and where directo",
https://www.companydebt.com/company-cash-flow-problems/cant-afford-to-pay-suppliers-what-are-the-options/,cant-afford-to-pay-suppliers-what-are-the-options,informational,1953,/advice/directors-personal-guarantees/,spoke,Director Risk,Personal guarantees,"ragraph --> [[Personal guarantees]] given to specific suppliers, typically on larger credit accounts or strategic su",
https://www.companydebt.com/company-cash-flow-problems/why-debt-is-not-always-a-bad-thing-for-your-business/,why-debt-is-not-always-a-bad-thing-for-your-business,informational,1933,/liquidation/creditors-voluntary-liquidation/,spoke,Closure & Liquidation,CVL,"the debt shift from commercial refinancing to formal restructure: CVA, administration, or [[CVL]]. A licensed insolvency practitioner is the right adviser to test whether your underlying",
https://www.companydebt.com/company-cash-flow-problems/why-debt-is-not-always-a-bad-thing-for-your-business/,why-debt-is-not-always-a-bad-thing-for-your-business,informational,1933,/hmrc/cant-pay-paye/,spoke,HMRC,PAYE arrears,"d HMRC liabilities treated as free credit. Accumulating VAT, Corporation Tax, or [[PAYE arrears]] costs the company at HMRC's interest rate plus compounding penalties, and is one of the c",
https://www.companydebt.com/hmrc/accelerated-payment-notices-apn/,accelerated-payment-notices-apn,informational,2110,/liquidation/creditors-voluntary-liquidation/,spoke,Closure & Liquidation,CVL,"titioner, if the APN amount exceeds realistic liquidity. Administration, CVA, or [[CVL]] options need to be mapped inside the 90 days. <!-- wp:list-i",
https://www.companydebt.com/hmrc/accelerated-payment-notices-apn/,accelerated-payment-notices-apn,informational,2110,/winding-up-petitions/,spoke,Closure & Liquidation,winding-up petition,"href=""/hmrc/hmrc-debt-enforcement-hub/"">HMRC enforcement action, including potential [[winding-up petition]]. In our experience, the directors wh",
https://www.companydebt.com/insolvency/transactions-at-undervalue/,transactions-at-undervalue,informational,2753,/liquidation/creditors-voluntary-liquidation/,spoke,Closure & Liquidation,creditors' voluntary liquidation,"238 and section 239 exposure, and set out whether a CVA, a pre-pack administration, or a [[creditors' voluntary liquidation]] is the cleaner route. Nothing is charged until you instruct us. <!-- /wp:paragraph --",
https://www.companydebt.com/insolvency/transactions-at-undervalue/,transactions-at-undervalue,informational,2753,/winding-up-petitions/,spoke,Closure & Liquidation,winding-up petition,"--> The onset of insolvency is defined by section 240(3). That is usually the date the [[winding-up petition]] was presented, the date the administration application was made, or the date the director",
https://www.companydebt.com/insolvency/antecedent-transactions/,antecedent-transactions,informational,2931,/liquidation/creditors-voluntary-liquidation/,spoke,Closure & Liquidation,creditors' voluntary liquidation,"overing transactions defrauding creditors more broadly. If your company is heading into a [[creditors' voluntary liquidation]] or compulsory winding-up, assume every material transaction in the last two years will be",
https://www.companydebt.com/insolvency/antecedent-transactions/,antecedent-transactions,informational,2931,/winding-up-petitions/,spoke,Closure & Liquidation,winding-up petition,"s two windows, measured backwards from the ""onset of insolvency"" (broadly the date of the [[winding-up petition]] or the resolution to wind up): <ul class=""wp",
https://www.companydebt.com/advice/can-a-director-be-made-bankrupt-if-a-business-fails/,can-a-director-be-made-bankrupt-if-a-business-fails,informational,1753,/liquidation/,hub,Closure & Liquidation,company liquidation,"tices, or overdrawn director's loan accounts. Most directors do not end up bankrupt after [[company liquidation]]. <!-- wp:ub/conten",
https://www.companydebt.com/winding-up-petitions/dealing-with-an-hmrc-winding-up-petition/,dealing-with-an-hmrc-winding-up-petition,informational,3281,/liquidation/creditors-voluntary-liquidation/,spoke,Closure & Liquidation,CVL,"lvency, we can act as the licensed Insolvency Practitioner for an Administration, CVA, or [[CVL]] under separate engagement. The 0800 number is a free confidential consultation; w",
https://www.companydebt.com/winding-up-petitions/dealing-with-an-hmrc-winding-up-petition/,dealing-with-an-hmrc-winding-up-petition,informational,3281,/winding-up-petitions/,spoke,Closure & Liquidation,winding up petition,"An HMRC [[winding up petition]] is not a warning shot. By the time it lands at the registered office, the negotiation pha",
https://www.companydebt.com/winding-up-petitions/dealing-with-an-hmrc-winding-up-petition/,dealing-with-an-hmrc-winding-up-petition,informational,3281,/hmrc/problems-paying-corporation-tax-hmrc/,spoke,HMRC,Corporation Tax arrears,"ield-force collectors. PAYE, VAT and [[Corporation Tax arrears]] trigger the most petitions. Crown preference, reinstated on 1 December 2020, gives HMRC p",
https://www.companydebt.com/winding-up-petitions/what-is-a-winding-up-order/,what-is-a-winding-up-order,informational,2065,/liquidation/creditors-voluntary-liquidation/,spoke,Closure & Liquidation,Creditors&rsquo; Voluntary Liquidation,"company is plainly insolvent with no realistic prospect of paying, the cleanest exit is a [[Creditors&rsquo; Voluntary Liquidation]]. A CVL costs less, lets the directors choose the practitioner, and produces a substantial",
https://www.companydebt.com/winding-up-petitions/what-is-a-winding-up-order/,what-is-a-winding-up-order,informational,2065,/winding-up-petitions/,spoke,Closure & Liquidation,winding up petition,-> The order is typically preceded by a 21-day statutory demand for payment and then a [[winding up petition]]. If the company fails to comply with the demand or reach a payment arrangement within tha,
https://www.companydebt.com/winding-up-petitions/what-is-a-winding-up-order/,what-is-a-winding-up-order,informational,2065,/hmrc/cant-pay-vat/,spoke,HMRC,unpaid VAT,"sit a petitioner must lodge, the order is usually triggered by larger creditors. HMRC for [[unpaid VAT]] or PAYE. Banks calling in secured loans. Landlords pursuing arrears. Trade creditors with",
https://www.companydebt.com/insolvency/what-is-wrongful-trading/,what-is-wrongful-trading,informational,2874,/liquidation/creditors-voluntary-liquidation/,spoke,Closure & Liquidation,creditors' voluntary liquidation,"aragraph {""placeholder"":""Panel content""} --> No. Only the liquidator (in compulsory or [[creditors' voluntary liquidation]]) or the administrator (in administration) can bring a wrongful trading claim. Creditors c",
https://www.companydebt.com/closing-a-limited-company/,closing-a-limited-company,informational,3157,/liquidation/creditors-voluntary-liquidation/,spoke,Closure & Liquidation,Creditors' Voluntary Liquidation,"ot through strike-off. If the company has debts it cannot pay, the appropriate route is a [[Creditors' Voluntary Liquidation]] (CVL). A licensed IP takes control, realises any assets, and distributes proceeds to cred",
https://www.companydebt.com/closing-a-limited-company/,closing-a-limited-company,informational,3157,/winding-up-petitions/,spoke,Closure & Liquidation,winding-up petition,"use a debt has not been paid. Once a [[winding-up petition]] is presented, the company's bank accounts typically freeze within 24 hours of advertiseme",
https://www.companydebt.com/closing-a-limited-company/,closing-a-limited-company,informational,3157,/hmrc/problems-paying-corporation-tax-hmrc/,spoke,HMRC,unpaid Corporation Tax,"riod, the strike-off is suspended. HMRC objects regularly when there are [[unpaid Corporation Tax]], VAT, or PAYE liabilities. Bounce Back Loan lenders also object. <!-- /wp:paragraph -",
https://www.companydebt.com/closing-a-limited-company/,closing-a-limited-company,informational,3157,/liquidation/how-much-does-liquidation-cost/,spoke,Closure & Liquidation,liquidation costs,"o £5,000 plus VAT in IP fees. A CVL typically costs £4,000 to £6,000 plus VAT. Compulsory [[liquidation costs]] the company £10,000 or more and is not under your control. If you are eligible for",
https://www.companydebt.com/company-administration/,company-administration,informational,2662,/liquidation/creditors-voluntary-liquidation/,spoke,Closure & Liquidation,creditors' voluntary liquidation,ntary Arrangement is proposed and approved; the business is sold and the company moves to [[creditors' voluntary liquidation]] to distribute proceeds; or the company is dissolved if there are no assets to distribute.,
https://www.companydebt.com/company-administration/,company-administration,informational,2662,/winding-up-petitions/,spoke,Closure & Liquidation,winding-up petition,"ditor pressure is too intense for informal negotiation or a CVA to hold. Where a [[winding-up petition]] is imminent or already filed, administration's statutory moratorium is often the only pro",
https://www.companydebt.com/company-cash-flow-problems/cant-pay-business-energy/,cant-pay-business-energy,informational,2522,/liquidation/creditors-voluntary-liquidation/,spoke,Closure & Liquidation,Creditors' Voluntary Liquidation,"aragraph --> Company Debt is an insolvency advisory firm. Where we recommend a [[Creditors' Voluntary Liquidation]], Company Voluntary Arrangement, or Administration, we can act as the licensed Insolvency",
https://www.companydebt.com/company-cash-flow-problems/cant-pay-business-energy/,cant-pay-business-energy,informational,2522,/winding-up-petitions/,spoke,Closure & Liquidation,winding-up petition,"tually, for debts the company cannot pay and has not disputed, that pressure can become a [[winding-up petition]]. Disconnection itself is the operati",
https://www.companydebt.com/company-cash-flow-problems/cant-pay-business-energy/,cant-pay-business-energy,informational,2522,/hmrc/cant-pay-vat/,spoke,HMRC,VAT arrears,"- wp:paragraph --> Where the energy arrears are not isolated, where they sit alongside [[VAT arrears]], supplier debt, and PAYE pressure, you are not looking at a billing problem any longer.</",
https://www.companydebt.com/advice/writing-off-a-directors-loan-account/,writing-off-a-directors-loan-account,informational,2090,/liquidation/creditors-voluntary-liquidation/,spoke,Closure & Liquidation,CVL,"graph --> Company Debt is an insolvency advisory firm. Where a CVA, Administration, or [[CVL]] is the right answer, we can act as the licensed IP under separate engagement. The 0800 nu",
https://www.companydebt.com/,home-2022,informational,1462,/hmrc/problems-paying-corporation-tax-hmrc/,spoke,HMRC,Corporation Tax arrears,"--> Experts in HMRC and creditors negociation (VAT, PAYE, and [[Corporation Tax arrears]]) <!-- wp:co",
https://www.companydebt.com/bounce-back-loan-support-hub/can-i-lose-my-house-with-a-bounce-back-loan/,can-i-lose-my-house-with-a-bounce-back-loan,informational,2139,/liquidation/creditors-voluntary-liquidation/,spoke,Closure & Liquidation,CVL,"agraph --> Company Debt is an insolvency advisory firm. Where a [[CVL]] or Administration is the right answer, we can act as the licensed IP under separate engag",
https://www.companydebt.com/sample-letters/cease-trading-template/,cease-trading-template,informational,3575,/liquidation/creditors-voluntary-liquidation/,spoke,Closure & Liquidation,Creditors&#8217; Voluntary Liquidation,"l guarantees you have not reviewed You are unsure whether the company can fund a [[Creditors&#8217; Voluntary Liquidation]] In each of those situations, what you say in the letter",
https://www.companydebt.com/sample-letters/request-a-reduced-monthly-payment/,request-a-reduced-monthly-payment,informational,3221,/debt-creditor-pressure-hub/,hub,Creditor Pressure,creditor pressure,ows You Can Afford The instinct under [[creditor pressure]] is to offer more than you can sustain in order to get the creditor off your back. Resist,
https://www.companydebt.com/sample-letters/request-a-reduced-monthly-payment/,request-a-reduced-monthly-payment,informational,3221,/company-rescue-solutions/,hub,Rescue & Recovery,company rescue solutions,"t. If your debts are primarily company debts and you are a director, the range of [[company rescue solutions]] is different and you should not treat personal and business liabilities as the same probl",
https://www.companydebt.com/insolvency/find-a-liquidator-near-me/,find-a-liquidator-near-me,informational,2302,/liquidation/creditors-voluntary-liquidation/,spoke,Closure & Liquidation,Creditors' Voluntary Liquidation,tutory framework in plain English. [[Creditors' Voluntary Liquidation]] explained: the most common procedure directors appoint a practitioner to run. <!-- /,
https://www.companydebt.com/insolvency/creditors-meeting/,creditors-meeting,informational,2651,/liquidation/creditors-voluntary-liquidation/,spoke,Closure & Liquidation,CVL,"s want a private-sector IP appointed. If your case is heading down that route rather than [[CVL]], the meeting we describe here is not the one you need to prepare for first. <!-- /wp:",
https://www.companydebt.com/insolvency/creditors-guides-to-insolvency-practitioners-fees/,creditors-guides-to-insolvency-practitioners-fees,informational,3802,/liquidation/creditors-voluntary-liquidation/,spoke,Closure & Liquidation,Creditors’ Voluntary Liquidation,"ves Insolvency Practitioner Fees In a [[Creditors’ Voluntary Liquidation]], the body of unsecured creditors approves the fee basis and quantum at the decision proce",
https://www.companydebt.com/insolvency/insolvency-act-1986/,insolvency-act-1986,informational,2497,/liquidation/creditors-voluntary-liquidation/,spoke,Closure & Liquidation,creditors' voluntary liquidation,g>members' voluntary liquidation (MVL) for solvent companies winding up; [[creditors' voluntary liquidation]] (CVL) for insolvent companies where directors initiate; compulsory liqui,
https://www.companydebt.com/insolvency/insolvency-act-1986/,insolvency-act-1986,informational,2497,/winding-up-petitions/,spoke,Closure & Liquidation,winding-up petition,"!-- wp:list-item --> Section 127, post-petition dispositions. Once a [[winding-up petition]] is presented, any disposition of the company's property is void unless validated by the c",
https://www.companydebt.com/liquidation/creditors-voluntary-liquidation/,creditors-voluntary-liquidation,informational,3188,/winding-up-petitions/,spoke,Closure & Liquidation,winding-up petition,"liability under section 214 of the Insolvency Act 1986, and HMRC escalation (including a [[winding-up petition]]) can remove the voluntary option entirely. The cases that go cleanest are the ones",
https://www.companydebt.com/insolvency/what-is-a-creditor/,what-is-a-creditor,informational,2103,/liquidation/creditors-voluntary-liquidation/,spoke,Closure & Liquidation,creditors' voluntary liquidation,"Meetings and Creditor Committees In a [[creditors' voluntary liquidation]] or administration, creditors have structured rights of participation. The 2017 reforms re",
https://www.companydebt.com/bounce-back-loan-support-hub/bounce-back-loan-fraud/,bounce-back-loan-fraud,informational,3164,/liquidation/creditors-voluntary-liquidation/,spoke,Closure & Liquidation,CVL,"agraph --> Company Debt is an insolvency advisory firm. Where a [[CVL]] or Administration is the right answer, we can act as the licensed IP under separate engag",
https://www.companydebt.com/company-cash-flow-problems/cant-pay-staff-wages/,cant-pay-staff-wages,informational,1940,/liquidation/creditors-voluntary-liquidation/,spoke,Closure & Liquidation,CVL,"ditors' Voluntary Liquidation (CVL) A [[CVL]] is the orderly wind-down route where rescue is not viable. Directors initiate it, a licen",
https://www.companydebt.com/company-cash-flow-problems/cant-pay-staff-wages/,cant-pay-staff-wages,informational,1940,/hmrc/cant-pay-paye/,spoke,HMRC,PAYE arrears,"VAT. HMRC is the most informed single creditor about a company's position, and persistent [[PAYE arrears]] attract immediate attention. <stro",
https://www.companydebt.com/company-cash-flow-problems/cant-afford-to-repay-business-loan/,cant-afford-to-repay-business-loan,informational,1849,/liquidation/creditors-voluntary-liquidation/,spoke,Closure & Liquidation,Creditors' Voluntary Liquidation,"e or sale of the business. [[Creditors' Voluntary Liquidation]] (CVL), orderly wind-down where the business is not viable. <!-- /wp:list-it",
https://www.companydebt.com/company-cash-flow-problems/cant-afford-to-repay-business-loan/,cant-afford-to-repay-business-loan,informational,1849,/winding-up-petitions/,spoke,Closure & Liquidation,Winding-up petition,presumption of insolvency. [[Winding-up petition]] where the presumption is not rebutted. Advertisement in The Gazette freezes comp,
https://www.companydebt.com/bounce-back-loan-support-hub/dissolving-a-company-with-bounce-back-loan/,dissolving-a-company-with-bounce-back-loan,informational,1970,/advice/directors-personal-guarantees/,spoke,Director Risk,personal guarantees,"ragraph {""placeholder"":""Panel content""} --> Not by default. BBLs were advanced without [[personal guarantees]], and cannot be enforced against a director's main home or main vehicle under the scheme r",
https://www.companydebt.com/bounce-back-loan-support-hub/dissolving-a-company-with-bounce-back-loan/,dissolving-a-company-with-bounce-back-loan,informational,1970,/liquidation/creditors-voluntary-liquidation/,spoke,Closure & Liquidation,Creditors' Voluntary Liquidation,"unce Back Loan, what actually happens when directors try, and the route that does work: a [[Creditors' Voluntary Liquidation]], including how the BBL balance is treated inside it. <!-- wp:",
https://www.companydebt.com/bounce-back-loan-support-hub/what-happens-if-i-default/,what-happens-if-i-default,informational,2764,/liquidation/creditors-voluntary-liquidation/,spoke,Closure & Liquidation,Creditors' Voluntary Liquidation,"ders; you are acting for creditors as a whole. In practical terms, that is usually when a [[Creditors' Voluntary Liquidation]] (CVL) enters the conversation. Insid",
https://www.companydebt.com/bounce-back-loan-support-hub/directors-liability-for-bounce-back-loans/,directors-liability-for-bounce-back-loans,informational,2049,/liquidation/creditors-voluntary-liquidation/,spoke,Closure & Liquidation,CVL,graph --> A [[CVL]] appointment. Every licensed Insolvency Practitioner has a statutory duty under s,
https://www.companydebt.com/bounce-back-loan-support-hub/directors-liability-for-bounce-back-loans/,directors-liability-for-bounce-back-loans,informational,2049,/winding-up-petitions/,spoke,Closure & Liquidation,winding-up petition,taken when the position is still recoverable is much cheaper than advice taken after the [[winding-up petition]] arrives. Correct mistakes,
https://www.companydebt.com/insolvency/what-happens-if-a-company-cannot-pay-its-debts/,what-happens-if-a-company-cannot-pay-its-debts,informational,2919,/liquidation/creditors-voluntary-liquidation/,spoke,Closure & Liquidation,Creditors' Voluntary Liquidation,"nistration sells the business as a going concern at administrator-controlled valuation. A [[Creditors' Voluntary Liquidation]] (CVL) closes the company at the directors' initiative. Compulsory liquidation, by contras",
https://www.companydebt.com/insolvency/what-happens-if-a-company-cannot-pay-its-debts/,what-happens-if-a-company-cannot-pay-its-debts,informational,2919,/winding-up-petitions/,spoke,Closure & Liquidation,winding-up petition,"Creditor pressure is the third diagnostic. A statutory demand, a [[winding-up petition]] advertised in the Gazette, or a single creditor refusing further forbearance is an extern",
https://www.companydebt.com/insolvency/what-is-a-high-court-writ/,what-is-a-high-court-writ,informational,2696,/liquidation/creditors-voluntary-liquidation/,spoke,Closure & Liquidation,creditors' voluntary liquidation,"ratorium, or the Part A1 standalone moratorium introduced in 2020, have similar effect. A [[creditors' voluntary liquidation]] (CVL) also freezes enforcement once commenced. <!-- /wp:",
https://www.companydebt.com/insolvency/what-is-a-high-court-writ/,what-is-a-high-court-writ,informational,2696,/winding-up-petitions/,spoke,Closure & Liquidation,Winding-up petition,"ator may recover proceeds. [[Winding-up petition]]. Once a petition is advertised, section 127 makes any disposition of company pro",
https://www.companydebt.com/company-cash-flow-problems/cant-pay-a-commercial-lease-or-rent/,cant-pay-a-commercial-lease-or-rent,informational,2154,/liquidation/creditors-voluntary-liquidation/,spoke,Closure & Liquidation,CVL,ditors' Voluntary Liquidation (CVL) A [[CVL]] closes the position cleanly when rescue is not viable. The liquidator disclaims onerous l,
https://www.companydebt.com/company-cash-flow-problems/cant-pay-a-commercial-lease-or-rent/,cant-pay-a-commercial-lease-or-rent,informational,2154,/winding-up-petitions/,spoke,Closure & Liquidation,winding-up petition,"th rent debt over £750, a statutory demand gives 21 days to pay. Unpaid demands support a [[winding-up petition]]. Court fee for a winding-up petition is £343, with a deposit of £2,600 for the Official R",
https://www.companydebt.com/advice/business-restructuring/,business-restructuring,informational,1573,/liquidation/creditors-voluntary-liquidation/,spoke,Closure & Liquidation,CVL,"he underlying problem, the company is not restructurable. It needs to be closed through a [[CVL]] or will face compulsory liquidation. <p",
https://www.companydebt.com/advice/business-restructuring/,business-restructuring,informational,1573,/winding-up-petitions/,spoke,Closure & Liquidation,winding-up petition,the problem is three months old and fixable with a phone call to HMRC. Others call when a [[winding-up petition]] has been filed and the only option left is emergency administration. <!-- /wp:paragra,
https://www.companydebt.com/hmrc/corporation-tax-penalties/,corporation-tax-penalties,informational,2353,/winding-up-petitions/,spoke,Closure & Liquidation,winding-up petition,"tion path leads to HMRC enforcement action, distraint, statutory demand, and eventually a [[winding-up petition]]. The penalties are not collected thr",
https://www.companydebt.com/insolvency/personal-liability-spouses-business-debts/,personal-liability-spouses-business-debts,informational,2721,/liquidation/,hub,Closure & Liquidation,company liquidation,orce sale of the property to realise its security. Our guide to the personal guarantee on [[company liquidation]] covers the enforcement sequence in detail. <!-- wp:heading --,
https://www.companydebt.com/company-cash-flow-problems/biggest-struggles-for-small-business-owners/,biggest-struggles-for-small-business-owners,informational,2226,/liquidation/creditors-voluntary-liquidation/,spoke,Closure & Liquidation,Creditors' Voluntary Liquidation,"n while rescue or sale is pursued. [[Creditors' Voluntary Liquidation]] (CVL), orderly wind-down where rescue is not viable. <!-- wp",
https://www.companydebt.com/company-cash-flow-problems/biggest-struggles-for-small-business-owners/,biggest-struggles-for-small-business-owners,informational,2226,/winding-up-petitions/,spoke,Closure & Liquidation,winding-up petition,"list-item --> Formal recovery, statutory demand, county court claim, [[winding-up petition]], where informal chasing has run its course. <!-- /wp:lis",
https://www.companydebt.com/insolvency/stop-or-avoid-insolvency/,stop-or-avoid-insolvency,informational,2208,/liquidation/creditors-voluntary-liquidation/,spoke,Closure & Liquidation,creditors' voluntary liquidation,"ike ""giving up"" may actually protect the most jobs and the most creditor value, because a [[creditors' voluntary liquidation]] caught early preserves optionality that a winding-up order does not. <!-- /wp:paragra",
https://www.companydebt.com/insolvency/stop-or-avoid-insolvency/,stop-or-avoid-insolvency,informational,2208,/hmrc/cant-pay-paye/,spoke,HMRC,PAYE arrears,"e to Pay (TTP) with HMRC, an agreed instalment plan for Corporation Tax, VAT, or [[PAYE arrears]]. Arranged directly with HMRC's Business Payment Support Service, typically 6 to 12 months",
https://www.companydebt.com/company-cash-flow-problems/cant-pay-business-rates/,cant-pay-business-rates,informational,2189,/liquidation/creditors-voluntary-liquidation/,spoke,Closure & Liquidation,Creditors' Voluntary Liquidation,"while a rescue or sale is pursued. [[Creditors' Voluntary Liquidation]], orderly wind-down where rescue is not viable. <!-- /wp:",
https://www.companydebt.com/company-cash-flow-problems/cant-pay-business-rates/,cant-pay-business-rates,informational,2189,/winding-up-petitions/,spoke,Closure & Liquidation,winding-up petition,/wp:paragraph --> Continued non-payment at scale can trigger a [[winding-up petition]] from the local authority. If your rates debt exceeds £750 and remains unpaid for 21 days,
https://www.companydebt.com/company-cash-flow-problems/cant-pay-business-rates/,cant-pay-business-rates,informational,2189,/hmrc/cant-pay-vat/,spoke,HMRC,unpaid VAT,"overhead for insolvency purposes. If your company has persistent rates arrears alongside [[unpaid VAT]] and PAYE, our licensed IPs treat that as one of the three clearest external indicators of",
https://www.companydebt.com/insolvency/cease-trading/,cease-trading,informational,3139,/liquidation/creditors-voluntary-liquidation/,spoke,Closure & Liquidation,Creditors' Voluntary Liquidation,"Where the company is insolvent and there is no realistic rescue, the orderly route is [[Creditors' Voluntary Liquidation]]: directors propose, shareholders pass a 75 per cent special resolution, creditors approve",
https://www.companydebt.com/insolvency/cease-trading/,cease-trading,informational,3139,/winding-up-petitions/,spoke,Closure & Liquidation,winding-up petition,"money in cash, and told us he had ""ceased trading."" By Wednesday morning he was opening a [[winding-up petition]] from HMRC. The company had not been",
https://www.companydebt.com/advice/debt-management-guide/,debt-management-guide,informational,1515,/winding-up-petitions/,spoke,Closure & Liquidation,winding-up petition,HMRC until last. We cannot tell you how many times we have seen that sequence end with a [[winding-up petition]]. Quick Answe,
https://www.companydebt.com/business-debt-advice/,business-debt-advice,informational,2172,/winding-up-petitions/,spoke,Closure & Liquidation,winding-up petition,"raph {""placeholder"":""Panel content""} --> Creditors will escalate. HMRC can apply for a [[winding-up petition]] if you owe £750 or more and have been issued a statutory demand that has gone unanswered",
https://www.companydebt.com/company-cash-flow-problems/,company-cash-flow-problems,informational,1970,/liquidation/creditors-voluntary-liquidation/,spoke,Closure & Liquidation,Creditors' Voluntary Liquidation,"or pursues rescue or sale. [[Creditors' Voluntary Liquidation]] (CVL), orderly wind-down where rescue is not viable.",
https://www.companydebt.com/company-cash-flow-problems/,company-cash-flow-problems,informational,1970,/winding-up-petitions/,spoke,Closure & Liquidation,Winding-up petition,"presumption of insolvency. [[Winding-up petition]], once advertised in The Gazette, company bank accounts freeze under section 127",
https://www.companydebt.com/insolvency/validation-order/,validation-order,informational,2160,/liquidation/creditors-voluntary-liquidation/,spoke,Closure & Liquidation,creditors' voluntary liquidation,"/wp:list-item --> The company is clearly heading for a [[creditors' voluntary liquidation]], where the right move is to propose CVL and withdraw the petition, not to fund c",
https://www.companydebt.com/insolvency/validation-order/,validation-order,informational,2160,/winding-up-petitions/,spoke,Closure & Liquidation,winding-up petition,m/insolvency/validation-order/ --> It is Wednesday morning. The [[winding-up petition]] was advertised in the London Gazette yesterday. The accounts team logs in to approve the,
https://www.companydebt.com/hmrc/time-to-pay-hmrc/,time-to-pay-hmrc,informational,2364,/winding-up-petitions/,spoke,Closure & Liquidation,winding-up petition,"HMRC proceeds to enforcement, the next step is typically a statutory demand followed by a [[winding-up petition]] under section 124 of the Insolvency Act 1986. At that point the question shifts from how",
https://www.companydebt.com/advice/what-are-fixed-and-floating-charges/,what-are-fixed-and-floating-charges,informational,1803,/liquidation/how-much-does-liquidation-cost/,spoke,Closure & Liquidation,liquidation costs,"lvency, floating charge holders rank lower than fixed charge holders. They are paid after [[liquidation costs]], preferential creditors (employees for wages and holiday, HMRC for PAYE, VAT and employee",
https://www.companydebt.com/insolvency/what-is-a-freezing-order-or-injunction/,what-is-a-freezing-order-or-injunction,informational,2644,/liquidation/creditors-voluntary-liquidation/,spoke,Closure & Liquidation,CVL,"while frozen, a winding-up petition, an administration application, or your own [[CVL]] resolution, the freezing-order regime continues to bind you personally. The insolvency pr",
https://www.companydebt.com/insolvency/what-is-a-freezing-order-or-injunction/,what-is-a-freezing-order-or-injunction,informational,2644,/winding-up-petitions/,spoke,Closure & Liquidation,winding-up petition,". If a creditor presents a [[winding-up petition]] against the company, the Insolvency Act 1986 section 127 then bites in parallel",
https://www.companydebt.com/winding-up-petitions/,winding-up-petitions,informational,3053,/liquidation/creditors-voluntary-liquidation/,spoke,Closure & Liquidation,CVL,"from 6 April 2026. In a director-led [[CVL]], the same statutory protections apply but the timing and communication with staff are und",
https://www.companydebt.com/insolvency/can-we-trade-out-of-insolvency/,can-we-trade-out-of-insolvency,informational,2334,/liquidation/creditors-voluntary-liquidation/,spoke,Closure & Liquidation,creditors' voluntary liquidation,"ion this week, not next month, about whether a CVA, a moratorium, an administration, or a [[creditors' voluntary liquidation]] is the right protected route. Call C",
https://www.companydebt.com/insolvency/can-we-trade-out-of-insolvency/,can-we-trade-out-of-insolvency,informational,2334,/winding-up-petitions/,spoke,Closure & Liquidation,winding-up petition,"t can happen well before formal insolvency, well before a statutory demand, well before a [[winding-up petition]]. It happens at the point where a diligent director looking at the numbers would conclude",
https://www.companydebt.com/insolvency/,insolvency,hub,1799,/liquidation/creditors-voluntary-liquidation/,spoke,Closure & Liquidation,CVL,ditors’ Voluntary Liquidation (CVL) A [[CVL]] is used when an insolvent company cannot continue trading. Shareholders must pass a speci,
https://www.companydebt.com/insolvency/,insolvency,hub,1799,/winding-up-petitions/,spoke,Closure & Liquidation,winding-up petition,"curs when the court orders a company to be wound up, most commonly following a creditor’s [[winding-up petition]]. The Official Receiver initially acts as liquidator and may later be replaced by an insol",
https://www.companydebt.com/insolvency/,insolvency,hub,1799,/advice/directors-personal-guarantees/,spoke,Director Risk,personal guarantees,"Company insolvency does not directly affect a director’s personal credit record. However, [[personal guarantees]] or other personal liabilities may have credit consequences. <!",
https://www.companydebt.com/insolvency/,insolvency,hub,1799,/debt-creditor-pressure-hub/,hub,Creditor Pressure,creditor pressure,"pany begins to struggle financially, swift and informed action becomes critical. Ignoring [[creditor pressure]] or delaying decisions can significantly increase risks, including personal liability and",
https://www.companydebt.com/hmrc/cant-pay-vat/,cant-pay-vat,informational,1722,/winding-up-petitions/,spoke,Closure & Liquidation,winding-up petition,> What you do in the next 48 hours determines whether this becomes a payment plan or a [[winding-up petition]]. We speak to directors every week wh,
https://www.companydebt.com/liquidation/how-much-does-liquidation-cost/,how-much-does-liquidation-cost,informational,2560,/liquidation/creditors-voluntary-liquidation/,spoke,Closure & Liquidation,Creditors' Voluntary Liquidation,"t question on almost every call is: how much? The honest answer is that a straightforward [[Creditors' Voluntary Liquidation]] costs between £4,000 and £7,000 plus VAT, paid from company assets or director funding.</",
https://www.companydebt.com/liquidation/how-much-does-liquidation-cost/,how-much-does-liquidation-cost,informational,2560,/director-redundancy/,spoke,Closure & Liquidation,director redundancy claim,"assets, the fee must come from somewhere else, usually the director's personal funds or a [[director redundancy claim]] assigned to the IP. In a compulsory",
https://www.companydebt.com/insolvency/limited-company-bankruptcy/,limited-company-bankruptcy,informational,1559,/liquidation/creditors-voluntary-liquidation/,spoke,Closure & Liquidation,Creditors' Voluntary Liquidation,"are: [[Creditors' Voluntary Liquidation]] (CVL). You close the company, appoint a liquidator, assets are realised and dist",
https://www.companydebt.com/insolvency/limited-company-bankruptcy/,limited-company-bankruptcy,informational,1559,/winding-up-petitions/,spoke,Closure & Liquidation,winding-up petition,"fficial Receiver takes over and investigates your conduct. If a creditor is threatening a [[winding-up petition]], acting before they file gives you the choice of route. <!--",
https://www.companydebt.com/insolvency/limited-company-bankruptcy/,limited-company-bankruptcy,informational,1559,/liquidation/,hub,Closure & Liquidation,Company liquidation,"ne"":true} --> Not automatically. [[Company liquidation]] and personal bankruptcy are separate. You face personal bankruptcy only if personal guara",
https://www.companydebt.com/insolvency/limited-company-bankruptcy/,limited-company-bankruptcy,informational,1559,/advice/overdrawn-directors-loan-accounts/,spoke,Director Risk,Overdrawn director's loan account,a PLN for unpaid PAYE and employee NICs. You cannot pay. HMRC enforces. [[Overdrawn director's loan account]]. The liquidator demands repayment. You cannot pay from liquid assets.,
https://www.companydebt.com/advice/what-is-limited-liability/,what-is-limited-liability,informational,3113,/liquidation/creditors-voluntary-liquidation/,spoke,Closure & Liquidation,CVL,"Company Debt is an insolvency advisory firm. Where we recommend a CVA, Administration, or [[CVL]], we can act as the licensed Insolvency Practitioner under separate engagement. The 0800 n",
https://www.companydebt.com/advice/what-is-limited-liability/,what-is-limited-liability,informational,3113,/winding-up-petitions/,spoke,Closure & Liquidation,winding-up petition,or days stretching) rarely end up in wrongful trading territory. Directors who wait for a [[winding-up petition]] to arrive frequently do. Our own engagement pattern backs this: the cases we handle from,
https://www.companydebt.com/advice/what-is-limited-liability/,what-is-limited-liability,informational,3113,/advice/overdrawn-directors-loan-accounts/,spoke,Director Risk,overdrawn director's loan account,"The exceptions tend to cluster. A personal guarantee given without careful review, an [[overdrawn director's loan account]] left to grow, a few months of continued trading past the point where the company could no",
https://www.companydebt.com/liquidation/,liquidation,hub,4340,/liquidation/creditors-voluntary-liquidation/,spoke,Closure & Liquidation,CVL,":html --> Most directors who land on this page are looking at a [[CVL]], which is also the route most companies entering liquidation each month in England and Wa",
https://www.companydebt.com/advice/can-director-criminal-record/,can-director-criminal-record,informational,1782,/liquidation/creditors-voluntary-liquidation/,spoke,Closure & Liquidation,CVL,ment where the director moved a company van into a friend's garage the weekend before the [[CVL]]. Destruction or falsificatio,
https://www.companydebt.com/company-rescue-solutions/company-voluntary-arrangement/vs-liquidation/,vs-liquidation,informational,4611,/liquidation/creditors-voluntary-liquidation/,spoke,Closure & Liquidation,creditors&#8217; voluntary liquidation,"\u003c/strong\u003e""} --> Once a [[creditors&#8217; voluntary liquidation]] has commenced and a liquidator is appointed, the company cannot simply switch to a CVA wi",
https://www.companydebt.com/insolvency/retail-industry-insolvency-trends/,retail-industry-insolvency-trends,informational,3424,/liquidation/creditors-voluntary-liquidation/,spoke,Closure & Liquidation,CVL,"sist it. A CVA is not a payment plan, an Administration is not a closing-down sale, and a [[CVL]] is not a rescue. <h3 class=""w",
https://www.companydebt.com/insolvency/retail-industry-insolvency-trends/,retail-industry-insolvency-trends,informational,3424,/winding-up-petitions/,spoke,Closure & Liquidation,winding-up petition,"through the appointed practitioner, and limits director risk far more than waiting for a [[winding-up petition]] from a landlord. <h3 class=""w",
https://www.companydebt.com/liquidation/timeline/,timeline,informational,2100,/liquidation/creditors-voluntary-liquidation/,spoke,Closure & Liquidation,CVL,"n itself takes. For a straightforward [[CVL]], expect the company to be removed approximately 15 to 21 months after the winding-up reso",
https://www.companydebt.com/hmrc/hmrc-offices-contact-guide/,hmrc-offices-contact-guide,informational,1489,/winding-up-petitions/,spoke,Closure & Liquidation,winding-up petition,"class=""wp-block-list""> HMRC has already served a statutory demand or filed a [[winding-up petition]]. You need insolvency advice, not a payment plan. The company ow",
https://www.companydebt.com/hmrc/hmrc-follower-notice/,hmrc-follower-notice,informational,1935,/winding-up-petitions/,spoke,Closure & Liquidation,winding-up petition,"the subsequent HMRC enforcement follows the standard track, distraint, statutory demand, [[winding-up petition]]. See HMRC Enforcement Action for the full escalation path. <!",
https://www.companydebt.com/insolvency/check-if-a-company-is-insolvent/,check-if-a-company-is-insolvent,informational,1809,/hmrc/cant-pay-vat/,spoke,HMRC,unpaid VAT,"g>Step 2: Total your liabilities. Include trade creditors, HMRC debts (including [[unpaid VAT]], PAYE, Corporation Tax), bank loans, director's loan accounts (if the company owes the di",
https://www.companydebt.com/insolvency/check-if-a-company-is-insolvent/,check-if-a-company-is-insolvent,informational,1809,/hmrc/cant-pay-paye/,spoke,HMRC,PAYE arrears,"cash-flow insolvency. HMRC debts are accumulating. Unpaid VAT, [[PAYE arrears]], or Corporation Tax that grows each quarter. You are funding the busines",
https://www.companydebt.com/hmrc/problems-paying-corporation-tax-hmrc/,problems-paying-corporation-tax-hmrc,informational,1594,/winding-up-petitions/,spoke,Closure & Liquidation,winding-up petition,"deadline, depending on the size of the debt and your compliance history. By that stage, a [[winding-up petition]] is on the table. <h2 class=""wp-block-head",
https://www.companydebt.com/liquidation/members-voluntary-liquidation/,members-voluntary-liquidation,informational,2703,/liquidation/creditors-voluntary-liquidation/,spoke,Closure & Liquidation,CVL,"- wp:paragraph --> If there is any doubt about solvency, the MVL is the wrong route. A [[CVL]] is the appropriate process for insolvent companies, and starting an MVL that later conver",
https://www.companydebt.com/liquidation/what-happens-to-employees/,what-happens-to-employees,informational,2811,/liquidation/creditors-voluntary-liquidation/,spoke,Closure & Liquidation,CVL,"irectors fail on collective consultation more often than any other. If you are planning a [[CVL]] and the company has 20 or more employees being made redundant within a 90-day window, con",
https://www.companydebt.com/hmrc/vat-penalties/,vat-penalties,informational,1867,/liquidation/creditors-voluntary-liquidation/,spoke,Closure & Liquidation,CVL,"nagement conversations, negotiate TTP, and implement formal process (CVA, Administration, [[CVL]]) where your underlying business cannot absorb the VAT arrears. Call us free on 0800 074 6",
https://www.companydebt.com/hmrc/vat-penalties/,vat-penalties,informational,1867,/winding-up-petitions/,spoke,Closure & Liquidation,winding-up petition,"oods. Statutory demand and [[winding-up petition]], HMRC routinely uses this route for substantial VAT arrears. <!-- /wp:list-",
https://www.companydebt.com/hmrc/vat-penalties/,vat-penalties,informational,1867,/hmrc/cant-pay-vat/,spoke,HMRC,VAT arrears,"me to Pay, the ""reasonable excuse"" defence, and the director-level consequences when your [[VAT arrears]] compound. Ho",
https://www.companydebt.com/hmrc/tax-penalties/,tax-penalties,informational,1647,/liquidation/creditors-voluntary-liquidation/,spoke,Closure & Liquidation,CVL,"olvency, we can act as the licensed Insolvency Practitioner for a CVA, Administration, or [[CVL]] under separate engagement. The 0800 number is a free confidential consultation. <!--",
https://www.companydebt.com/advice/hmrcs-ir35-investigations-different/,hmrcs-ir35-investigations-different,informational,1581,/company-rescue-solutions/company-voluntary-arrangement/,spoke,Rescue & Recovery,CVA,"s. If your company cannot absorb the tax demand, it may need a Time to Pay arrangement, a [[CVA]], or, if the liability is too large, formal insolvency. <!-- wp",
https://www.companydebt.com/hmrc/hmrc-fraud-investigations/,hmrc-fraud-investigations,informational,2024,/company-rescue-solutions/company-voluntary-arrangement/,spoke,Rescue & Recovery,CVA,"s can model the cash-flow impact of the likely settlement, assess formal-process options ([[CVA]], administration, CVL), and coordinate with the tax specialist handling your CDF. Call us",
https://www.companydebt.com/complaints/,complaints,informational,131,/company-rescue-solutions/,hub,Rescue & Recovery,company rescue,rs of the Turnaround Management Association (TMA) and committed to providing professional [[company rescue]] advice. We endeavour to provide the highest standards of behavior and business counsel. W,
https://www.companydebt.com/advice/frozen-bank-account/,frozen-bank-account,informational,1774,/liquidation/creditors-voluntary-liquidation/,spoke,Closure & Liquidation,CVL,"aph --> Step 5: If the company is insolvent, consider a [[CVL]]. Initiating a voluntary liquidation before the court hearing converts the proces",
https://www.companydebt.com/advice/frozen-bank-account/,frozen-bank-account,informational,1774,/winding-up-petitions/,spoke,Closure & Liquidation,winding-up petition,"ragraph --> If your company's bank account has been frozen, the most likely cause is a [[winding-up petition]] advertised in the London Gazette. Ba",
https://www.companydebt.com/insolvency/insolvency-test/,insolvency-test,informational,2435,/liquidation/creditors-voluntary-liquidation/,spoke,Closure & Liquidation,CVL,"ives you the options: can the business be rescued through a CVA or administration, does a [[CVL]] make more sense, is there still time to turn it around without a formal process. <!--",
https://www.companydebt.com/insolvency/insolvency-test/,insolvency-test,informational,2435,/winding-up-petitions/,spoke,Closure & Liquidation,winding-up petition,"- wp:paragraph --> These limbs are how creditors usually prove insolvency to support a [[winding-up petition]]. You do not need to wait for the final accounting enquiry, an unanswered statutory demand",
https://www.companydebt.com/insolvency/statement-of-affairs/,statement-of-affairs,informational,2213,/liquidation/creditors-voluntary-liquidation/,spoke,Closure & Liquidation,creditors' voluntary liquidation,"com/insolvency/statement-of-affairs/ --> Fourteen days into the [[creditors' voluntary liquidation]] process, a blank Statement of Affairs form lands on your desk. You are asked to list ever",
https://www.companydebt.com/hmrc/understanding-hmrc-debt-collection/,understanding-hmrc-debt-collection,informational,1637,/liquidation/creditors-voluntary-liquidation/,spoke,Closure & Liquidation,CVL,"ction process, model formal-process alternatives, and implement a CVA, Administration, or [[CVL]] where your underlying business cannot service the combined tax bill. Call us free on 0800",
https://www.companydebt.com/hmrc/understanding-hmrc-debt-collection/,understanding-hmrc-debt-collection,informational,1637,/winding-up-petitions/,spoke,Closure & Liquidation,winding-up petition,"--> For an original £10,000 tax liability you ignore through to [[winding-up petition]], the total bill (tax, interest, penalties, enforcement fees) typically reaches £15,000–£2",
https://www.companydebt.com/hmrc/what-can-hmrc-bailiffs-take/,what-can-hmrc-bailiffs-take,informational,2073,/liquidation/creditors-voluntary-liquidation/,spoke,Closure & Liquidation,Creditors' Voluntary Liquidation,"tory moratorium halts enforcement. [[Creditors' Voluntary Liquidation]] (CVL), orderly wind-down. <!-- wp:hea",
https://www.companydebt.com/hmrc/controlled-goods-agreement/,controlled-goods-agreement,informational,2143,/liquidation/creditors-voluntary-liquidation/,spoke,Closure & Liquidation,CVL,"can act as the licensed Insolvency Practitioner for a recommended CVA, Administration, or [[CVL]] under separate engagement. The 0800 number is a free confidential consultation. <!--",
https://www.companydebt.com/insolvency/what-is-an-insolvency-practitioner/,what-is-an-insolvency-practitioner,informational,2493,/liquidation/creditors-voluntary-liquidation/,spoke,Closure & Liquidation,creditors' voluntary liquidation,"p>The procedures that actually protect a director, whether a CVA, an administration, or a [[creditors' voluntary liquidation]], all require a licensed IP to take the appointment. The non-licensed adviser can sit next",
https://www.companydebt.com/insolvency/what-is-an-insolvency-practitioner/,what-is-an-insolvency-practitioner,informational,2493,/winding-up-petitions/,spoke,Closure & Liquidation,winding-up petition,no visible route back to profit. A [[winding-up petition]] has been threatened or presented.,
https://www.companydebt.com/hmrc/notice-of-enforcement/,notice-of-enforcement,informational,1657,/liquidation/creditors-voluntary-liquidation/,spoke,Closure & Liquidation,CVL,"olvency, we can act as the licensed Insolvency Practitioner for a CVA, Administration, or [[CVL]] under separate engagement. The 0800 number is a free confidential consultation. <!--",
https://www.companydebt.com/hmrc/notice-of-enforcement/,notice-of-enforcement,informational,1657,/winding-up-petitions/,spoke,Closure & Liquidation,winding-up petition,m --> Parallel HMRC escalation: HMRC can pursue statutory demand and [[winding-up petition]] for any shortfall. <!-- wp:paragraph,
https://www.companydebt.com/hmrc/joint-and-several-liability-for-unpaid-vat/,joint-and-several-liability-for-unpaid-vat,informational,1685,/liquidation/creditors-voluntary-liquidation/,spoke,Closure & Liquidation,CVL,"t quantum is to be paid over time. [[CVL]], where the assessment is upheld and the business cannot service it. <!-- /wp:list-it",
https://www.companydebt.com/hmrc/joint-and-several-liability-for-unpaid-vat/,joint-and-several-liability-for-unpaid-vat,informational,1685,/winding-up-petitions/,spoke,Closure & Liquidation,winding-up petition,"orcement toolkit, see HMRC Enforcement Action. DRD, distraint, statutory demand, [[winding-up petition]]. Risk of criminal investig",
https://www.companydebt.com/hmrc/joint-and-several-liability-for-unpaid-vat/,joint-and-several-liability-for-unpaid-vat,informational,1685,/hmrc/cant-pay-vat/,spoke,HMRC,unpaid VAT,"paragraph --> The letter from HMRC names your company as liable for another business's [[unpaid VAT]]. Not your company's VAT, another entity's. Somewhere along your supply chain a trading pa",
https://www.companydebt.com/hmrc/security-bonds/,security-bonds,informational,1869,/liquidation/creditors-voluntary-liquidation/,spoke,Closure & Liquidation,CVL,"rovided without triggering insolvency, and to plan a formal process (CVA, administration, [[CVL]]) if it cannot. <h2 class=""wp-block-headin",
https://www.companydebt.com/hmrc/security-bonds/,security-bonds,informational,1869,/winding-up-petitions/,spoke,Closure & Liquidation,winding-up petition,"ng>HMRC can open parallel enforcement on any existing arrears, statutory demand, [[winding-up petition]], distraint. The security notice does not replace those routes. <!-- /wp:list-item --",
https://www.companydebt.com/hmrc/hmrc-compliance-checks/,hmrc-compliance-checks,informational,2130,/liquidation/creditors-voluntary-liquidation/,spoke,Closure & Liquidation,CVL,"ability, we can act as the licensed Insolvency Practitioner for a CVA, Administration, or [[CVL]] under separate engagement. Our 0800 number is a free confidential consultation. <!--",
https://www.companydebt.com/hmrc/distraint-order-notice/,distraint-order-notice,informational,1904,/liquidation/creditors-voluntary-liquidation/,spoke,Closure & Liquidation,CVL,engage a licensed insolvency practitioner before the next escalation step. A pre-petition [[CVL]] costs £4-7k for a typical SME and preserves your control over IP choice. <!-- /wp:par,
https://www.companydebt.com/hmrc/distraint-order-notice/,distraint-order-notice,informational,1904,/winding-up-petitions/,spoke,Closure & Liquidation,Winding-up petition,"nimise creditor loss"" defence under s.214(3) becomes harder to maintain. [[Winding-up petition]] is likely next. HMRC presents around 3,000-4,000 winding-up petitions per year u",
https://www.companydebt.com/company-rescue-solutions/pre-packs/,pre-packs,informational,3695,/liquidation/creditors-voluntary-liquidation/,spoke,Closure & Liquidation,creditors' voluntary liquidation,The full administration commonly runs six to twelve months before exiting into a [[creditors' voluntary liquidation]] under paragraph 83. <h3 class,
https://www.companydebt.com/hmrc/hmrc-threatening-letters/,hmrc-threatening-letters,informational,1567,/liquidation/creditors-voluntary-liquidation/,spoke,Closure & Liquidation,CVL,"olvency, we can act as the licensed Insolvency Practitioner for a CVA, Administration, or [[CVL]] under separate engagement. The 0800 number is a free confidential consultation. <!--",
https://www.companydebt.com/hmrc/hmrc-threatening-letters/,hmrc-threatening-letters,informational,1567,/winding-up-petitions/,spoke,Closure & Liquidation,winding-up petition,"-> Statutory demand, 21 days to pay or face a [[winding-up petition]]. Compliance check opening<",
https://www.companydebt.com/hmrc/cant-pay-paye/,cant-pay-paye,informational,1743,/winding-up-petitions/,spoke,Closure & Liquidation,winding-up petition,ho treated PAYE as a flexible cash-flow buffer discover that it is the fastest route to a [[winding-up petition]]. Quick Answe,
https://www.companydebt.com/company-rescue-solutions/company-voluntary-arrangement/,company-voluntary-arrangement,informational,1956,/liquidation/creditors-voluntary-liquidation/,spoke,Closure & Liquidation,CVL,"cessary when creditor pressure is too intense for a CVA timeline. CVA vs [[CVL]]. A CVA rescues the company. A CVL closes it. If the business is viable, CVA. If",
https://www.companydebt.com/liquidation/compulsory-liquidation/,compulsory-liquidation,informational,3900,/liquidation/creditors-voluntary-liquidation/,spoke,Closure & Liquidation,Creditors' Voluntary Liquidation,"be dismissed. This is the most direct route but requires available cash. [[Creditors' Voluntary Liquidation]] (CVL). If your company is insolvent and closure is inevitable, you can initiate",
https://www.companydebt.com/liquidation/compulsory-liquidation/,compulsory-liquidation,informational,3900,/winding-up-petitions/,spoke,Closure & Liquidation,winding-up petition,"ount freeze. Banks routinely freeze company accounts when they become aware of a [[winding-up petition]], often after the Gazette notice is published. This can happen before the court hearing, h",
https://www.companydebt.com/liquidation/compulsory-liquidation/,compulsory-liquidation,informational,3900,/liquidation/,hub,Closure & Liquidation,company liquidation,re written off when the company is dissolved. Personal guarantees are not extinguished by [[company liquidation]] and remain enforceable against you personally. <!-- /wp:ub/con,
https://www.companydebt.com/company-rescue-solutions/,company-rescue-solutions,hub,2853,/company-rescue-solutions/company-voluntary-arrangement/,spoke,Rescue & Recovery,company voluntary arrangement,"ry month the contribution lands or the CVA fails. For the full mechanics, see our [[company voluntary arrangement]] guide, the CVA pros and cons breakdown, the CVA vs liquidation comparison, and what happe",
https://www.companydebt.com/company-rescue-solutions/,company-rescue-solutions,hub,2853,/what-is-a-pre-pack-administration/,spoke,Rescue & Recovery,Pre-pack administration,cturing or selling the viable parts. [[Pre-pack administration]] is the variant where the sale is negotiated before the formal appointment and completed o,
