source_url,target_url,rejected_anchor,reason
https://www.companydebt.com/business-insolvency/articles-insights-hub/,/company-rescue-solutions/,company rescue solutions,anchor_absent_from_copy
https://www.companydebt.com/business-insolvency/articles-insights-hub/,/liquidation/creditors-voluntary-liquidation/,Creditors’ Voluntary Liquidation,anchor_absent_from_copy
https://www.companydebt.com/business-insolvency/articles-insights-hub/,/hmrc/,HMRC tax debt,anchor_absent_from_copy
https://www.companydebt.com/business-insolvency/articles-insights-hub/,/advice/are-directors-personally-liable-for-company-debts/,director personal liability,anchor_absent_from_copy
https://www.companydebt.com/business-insolvency/articles-insights-hub/,/insolvency/,company insolvency,anchor_absent_from_copy
https://www.companydebt.com/business-insolvency/articles-insights-hub/,/insolvency/check-if-a-company-is-insolvent/,check if a company is insolvent,anchor_absent_from_copy
https://www.companydebt.com/business-insolvency/articles-insights-hub/,/liquidation/,company liquidation,anchor_absent_from_copy
https://www.companydebt.com/business-insolvency/articles-insights-hub/,/contact-us/,speak to an insolvency adviser,anchor_absent_from_copy
https://www.companydebt.com/articles/managing-debt-related-stress/,/company-rescue-solutions/,company rescue solutions,anchor_absent_from_copy
https://www.companydebt.com/articles/managing-debt-related-stress/,/liquidation/creditors-voluntary-liquidation/,Creditors’ Voluntary Liquidation,anchor_absent_from_copy
https://www.companydebt.com/articles/debt-charities-for-consumers/,/liquidation/creditors-voluntary-liquidation/,Creditors’ Voluntary Liquidation,anchor_absent_from_copy
https://www.companydebt.com/articles/debt-charities-for-consumers/,/liquidation/how-much-does-liquidation-cost/,liquidation costs,anchor_absent_from_copy
https://www.companydebt.com/articles/debt-charities-for-consumers/,/director-redundancy/,director redundancy pay,anchor_absent_from_copy
https://www.companydebt.com/articles/debt-charities-for-consumers/,/advice/are-directors-personally-liable-for-company-debts/,directors personally liable for company debts,anchor_absent_from_copy
https://www.companydebt.com/articles/35-of-charities-fear-insolvency-due-to-cost-of-living-crisis/,/advice/are-directors-personally-liable-for-company-debts/,directors personally liable for company debts,anchor_absent_from_copy
https://www.companydebt.com/articles/35-of-charities-fear-insolvency-due-to-cost-of-living-crisis/,/advice/directors-personal-guarantees/,directors’ personal guarantees,anchor_absent_from_copy
https://www.companydebt.com/sectors/insolvency-rescue-fish-chip-sector/,/closing-a-limited-company/,close a limited company with debts,anchor_absent_from_copy
https://www.companydebt.com/sectors/insolvency-rescue-fish-chip-sector/,/liquidation/creditors-voluntary-liquidation/,Creditors’ Voluntary Liquidation,anchor_absent_from_copy
https://www.companydebt.com/sectors/insolvency-rescue-solutions-for-garden-centers/,/liquidation/creditors-voluntary-liquidation/,Creditors’ Voluntary Liquidation,anchor_absent_from_copy
https://www.companydebt.com/sectors/insolvency-rescue-solutions-for-garden-centers/,/liquidation/how-much-does-liquidation-cost/,liquidation costs,anchor_absent_from_copy
https://www.companydebt.com/services-to/creditors/,/debt-creditor-pressure-hub/,creditor pressure,anchor_absent_from_copy
https://www.companydebt.com/services-to/creditors/,/winding-up-petitions/,winding-up petition,anchor_absent_from_copy
https://www.companydebt.com/services-to/solicitors/,/company-rescue-solutions/,company rescue solutions,anchor_absent_from_copy
https://www.companydebt.com/services-to/solicitors/,/company-rescue-solutions/company-voluntary-arrangement/,Company Voluntary Arrangement,anchor_absent_from_copy
https://www.companydebt.com/services-to/accountants/,/company-rescue-solutions/,company rescue solutions,anchor_absent_from_copy
https://www.companydebt.com/services-to/accountants/,/company-rescue-solutions/company-voluntary-arrangement/,Company Voluntary Arrangement,anchor_absent_from_copy
https://www.companydebt.com/sectors/property/,/closing-a-limited-company/,close a limited company with debts,anchor_absent_from_copy
https://www.companydebt.com/sectors/property/,/liquidation/creditors-voluntary-liquidation/,Creditors’ Voluntary Liquidation,anchor_absent_from_copy
https://www.companydebt.com/sectors/manufacturing/,/hmrc/time-to-pay-hmrc/,HMRC Time to Pay arrangement,anchor_absent_from_copy
https://www.companydebt.com/sectors/manufacturing/,/hmrc/,HMRC tax debt,anchor_absent_from_copy
https://www.companydebt.com/sectors/professional-services/,/closing-a-limited-company/,close a limited company with debts,anchor_absent_from_copy
https://www.companydebt.com/sectors/professional-services/,/liquidation/creditors-voluntary-liquidation/,Creditors’ Voluntary Liquidation,anchor_absent_from_copy
https://www.companydebt.com/sectors/leisure/,/closing-a-limited-company/,close a limited company with debts,anchor_absent_from_copy
https://www.companydebt.com/sectors/leisure/,/liquidation/creditors-voluntary-liquidation/,Creditors’ Voluntary Liquidation,anchor_absent_from_copy
https://www.companydebt.com/sectors/dry-cleaning-laundry/,/closing-a-limited-company/,close a limited company with debts,anchor_absent_from_copy
https://www.companydebt.com/sectors/dry-cleaning-laundry/,/liquidation/creditors-voluntary-liquidation/,Creditors’ Voluntary Liquidation,anchor_absent_from_copy
https://www.companydebt.com/sectors/hotels/,/company-rescue-solutions/,company rescue solutions,anchor_absent_from_copy
https://www.companydebt.com/sectors/hotels/,/company-rescue-solutions/company-voluntary-arrangement/,Company Voluntary Arrangement,anchor_absent_from_copy
https://www.companydebt.com/sectors/haulage/,/company-rescue-solutions/,company rescue solutions,anchor_absent_from_copy
https://www.companydebt.com/sectors/haulage/,/company-rescue-solutions/company-voluntary-arrangement/,Company Voluntary Arrangement,anchor_absent_from_copy
https://www.companydebt.com/sectors/gyms/,/company-rescue-solutions/,company rescue solutions,anchor_absent_from_copy
https://www.companydebt.com/sectors/gyms/,/company-rescue-solutions/company-voluntary-arrangement/,Company Voluntary Arrangement,anchor_absent_from_copy
https://www.companydebt.com/sectors/events/,/closing-a-limited-company/,close a limited company with debts,anchor_absent_from_copy
https://www.companydebt.com/sectors/events/,/liquidation/creditors-voluntary-liquidation/,Creditors’ Voluntary Liquidation,anchor_absent_from_copy
https://www.companydebt.com/sectors/entertainment/,/closing-a-limited-company/,close a limited company with debts,anchor_absent_from_copy
https://www.companydebt.com/sectors/entertainment/,/liquidation/creditors-voluntary-liquidation/,Creditors’ Voluntary Liquidation,anchor_absent_from_copy
https://www.companydebt.com/sectors/energy/,/liquidation/creditors-voluntary-liquidation/,Creditors’ Voluntary Liquidation,anchor_absent_from_copy
https://www.companydebt.com/sectors/energy/,/liquidation/how-much-does-liquidation-cost/,liquidation costs,anchor_absent_from_copy
https://www.companydebt.com/sectors/schools/,/hmrc/time-to-pay-hmrc/,HMRC Time to Pay arrangement,anchor_absent_from_copy
https://www.companydebt.com/sectors/schools/,/hmrc/,HMRC tax debt,anchor_absent_from_copy
https://www.companydebt.com/sectors/travel/,/closing-a-limited-company/,close a limited company with debts,anchor_absent_from_copy
https://www.companydebt.com/sectors/travel/,/liquidation/creditors-voluntary-liquidation/,Creditors’ Voluntary Liquidation,anchor_absent_from_copy
https://www.companydebt.com/sectors/taxi-companies/,/liquidation/creditors-voluntary-liquidation/,Creditors’ Voluntary Liquidation,anchor_absent_from_copy
https://www.companydebt.com/sectors/taxi-companies/,/winding-up-petitions/,winding-up petition,anchor_absent_from_copy
https://www.companydebt.com/sectors/retail/,/liquidation/creditors-voluntary-liquidation/,Creditors’ Voluntary Liquidation,anchor_absent_from_copy
https://www.companydebt.com/sectors/retail/,/winding-up-petitions/,winding-up petition,anchor_absent_from_copy
https://www.companydebt.com/sectors/restaurants/,/closing-a-limited-company/,close a limited company with debts,anchor_absent_from_copy
https://www.companydebt.com/sectors/restaurants/,/liquidation/creditors-voluntary-liquidation/,Creditors’ Voluntary Liquidation,anchor_absent_from_copy
https://www.companydebt.com/sectors/recruitment/,/closing-a-limited-company/,close a limited company with debts,anchor_absent_from_copy
https://www.companydebt.com/sectors/recruitment/,/liquidation/creditors-voluntary-liquidation/,Creditors’ Voluntary Liquidation,anchor_absent_from_copy
https://www.companydebt.com/sectors/construction/,/closing-a-limited-company/,close a limited company with debts,anchor_absent_from_copy
https://www.companydebt.com/sectors/construction/,/liquidation/creditors-voluntary-liquidation/,Creditors’ Voluntary Liquidation,anchor_absent_from_copy
https://www.companydebt.com/sectors/cleaning-contractors/,/closing-a-limited-company/,close a limited company with debts,anchor_absent_from_copy
https://www.companydebt.com/sectors/cleaning-contractors/,/liquidation/creditors-voluntary-liquidation/,Creditors’ Voluntary Liquidation,anchor_absent_from_copy
https://www.companydebt.com/sectors/childcare/,/closing-a-limited-company/,close a limited company with debts,anchor_absent_from_copy
https://www.companydebt.com/sectors/childcare/,/liquidation/creditors-voluntary-liquidation/,Creditors’ Voluntary Liquidation,anchor_absent_from_copy
https://www.companydebt.com/sectors/charity/,/closing-a-limited-company/,close a limited company with debts,anchor_absent_from_copy
https://www.companydebt.com/sectors/charity/,/liquidation/creditors-voluntary-liquidation/,Creditors’ Voluntary Liquidation,anchor_absent_from_copy
https://www.companydebt.com/sectors/automotive/,/hmrc/time-to-pay-hmrc/,HMRC Time to Pay arrangement,anchor_absent_from_copy
https://www.companydebt.com/sectors/automotive/,/hmrc/,HMRC tax debt,anchor_absent_from_copy
https://www.companydebt.com/articles/124-pints-to-save-the-pub/,/liquidation/creditors-voluntary-liquidation/,Creditors’ Voluntary Liquidation,anchor_absent_from_copy
https://www.companydebt.com/articles/124-pints-to-save-the-pub/,/liquidation/how-much-does-liquidation-cost/,liquidation costs,anchor_absent_from_copy
https://www.companydebt.com/sectors/carehomes/,/closing-a-limited-company/,close a limited company with debts,anchor_absent_from_copy
https://www.companydebt.com/sectors/carehomes/,/liquidation/creditors-voluntary-liquidation/,Creditors’ Voluntary Liquidation,anchor_absent_from_copy
https://www.companydebt.com/articles/can-heathrow-survive-covid-19/,/company-rescue-solutions/,company rescue solutions,anchor_absent_from_copy
https://www.companydebt.com/articles/can-heathrow-survive-covid-19/,/company-rescue-solutions/company-voluntary-arrangement/,Company Voluntary Arrangement,anchor_absent_from_copy
https://www.companydebt.com/articles/can-heathrow-survive-covid-19/,/company-administration/,company administration,anchor_absent_from_copy
https://www.companydebt.com/articles/can-heathrow-survive-covid-19/,/liquidation/creditors-voluntary-liquidation/,Creditors’ Voluntary Liquidation,anchor_absent_from_copy
https://www.companydebt.com/case-studies/chinese-takeaway/,/winding-up-petitions/,winding-up petition,anchor_absent_from_copy
https://www.companydebt.com/case-studies/chinese-takeaway/,/liquidation/,company liquidation,anchor_absent_from_copy
https://www.companydebt.com/case-studies/chinese-takeaway/,/hmrc/cant-pay-vat/,can’t pay VAT,anchor_absent_from_copy
https://www.companydebt.com/case-studies/chinese-takeaway/,/hmrc/cant-pay-paye/,can’t pay PAYE,anchor_absent_from_copy
https://www.companydebt.com/case-studies/chinese-takeaway/,/liquidation/how-much-does-liquidation-cost/,liquidation costs,anchor_absent_from_copy
https://www.companydebt.com/case-studies/chinese-takeaway/,/director-redundancy/,director redundancy pay,anchor_absent_from_copy
https://www.companydebt.com/articles/the-orla-kiely-fashion-brand-shuts-up-shop/,/liquidation/how-much-does-liquidation-cost/,liquidation costs,anchor_absent_from_copy
https://www.companydebt.com/articles/pub-closures-in-the-uk/,/hmrc/time-to-pay-hmrc/,HMRC Time to Pay arrangement,anchor_absent_from_copy
https://www.companydebt.com/articles/pub-closures-in-the-uk/,/hmrc/,HMRC tax debt,anchor_absent_from_copy
https://www.companydebt.com/articles/pub-closures-in-the-uk/,/company-rescue-solutions/company-voluntary-arrangement/,Company Voluntary Arrangement,anchor_absent_from_copy
https://www.companydebt.com/articles/pub-closures-in-the-uk/,/hmrc/cant-pay-vat/,can’t pay VAT,anchor_absent_from_copy
https://www.companydebt.com/articles/how-will-carillions-insolvency-effect-its-supply-chain/,/liquidation/creditors-voluntary-liquidation/,Creditors’ Voluntary Liquidation,anchor_absent_from_copy
https://www.companydebt.com/articles/how-will-carillions-insolvency-effect-its-supply-chain/,/winding-up-petitions/,winding-up petition,anchor_absent_from_copy
https://www.companydebt.com/articles/how-will-carillions-insolvency-effect-its-supply-chain/,/liquidation/,company liquidation,anchor_absent_from_copy
https://www.companydebt.com/articles/how-will-carillions-insolvency-effect-its-supply-chain/,/liquidation/how-much-does-liquidation-cost/,liquidation costs,anchor_absent_from_copy
https://www.companydebt.com/articles/paradise-papers/,/hmrc/time-to-pay-hmrc/,HMRC Time to Pay arrangement,anchor_absent_from_copy
https://www.companydebt.com/articles/paradise-papers/,/hmrc/,HMRC tax debt,anchor_absent_from_copy
https://www.companydebt.com/articles/paradise-papers/,/company-rescue-solutions/company-voluntary-arrangement/,Company Voluntary Arrangement,anchor_absent_from_copy
https://www.companydebt.com/articles/paradise-papers/,/hmrc/cant-pay-vat/,can’t pay VAT,anchor_absent_from_copy
https://www.companydebt.com/articles/tescos-rated-worst-payer-uk-small-businesses/,/hmrc/time-to-pay-hmrc/,HMRC Time to Pay arrangement,anchor_absent_from_copy
https://www.companydebt.com/articles/tescos-rated-worst-payer-uk-small-businesses/,/hmrc/,HMRC tax debt,anchor_absent_from_copy
https://www.companydebt.com/liquidation/can-a-supplier-force-my-company-into-liquidation/,/liquidation/,company liquidation,anchor_absent_from_copy
https://www.companydebt.com/liquidation/can-a-supplier-force-my-company-into-liquidation/,/hmrc/cant-pay-paye/,can’t pay PAYE,anchor_absent_from_copy
https://www.companydebt.com/liquidation/can-a-supplier-force-my-company-into-liquidation/,/liquidation/how-much-does-liquidation-cost/,liquidation costs,anchor_absent_from_copy
https://www.companydebt.com/liquidation/can-a-supplier-force-my-company-into-liquidation/,/director-redundancy/,director redundancy pay,anchor_absent_from_copy
https://www.companydebt.com/liquidation/can-a-supplier-force-my-company-into-liquidation/,/advice/overdrawn-directors-loan-accounts/,overdrawn director’s loan account,anchor_absent_from_copy
https://www.companydebt.com/liquidation/what-happens-if-a-creditor-takes-me-to-court/,/liquidation/,company liquidation,anchor_absent_from_copy
https://www.companydebt.com/liquidation/what-happens-if-a-creditor-takes-me-to-court/,/hmrc/cant-pay-vat/,can’t pay VAT,anchor_absent_from_copy
https://www.companydebt.com/liquidation/what-happens-if-a-creditor-takes-me-to-court/,/hmrc/cant-pay-paye/,can’t pay PAYE,anchor_absent_from_copy
https://www.companydebt.com/liquidation/what-happens-if-a-creditor-takes-me-to-court/,/liquidation/how-much-does-liquidation-cost/,liquidation costs,anchor_absent_from_copy
https://www.companydebt.com/liquidation/what-happens-if-a-creditor-takes-me-to-court/,/director-redundancy/,director redundancy pay,anchor_absent_from_copy
https://www.companydebt.com/hmrc/what-happens-if-hmrc-rejects-your-time-to-pay-arrangement/,/liquidation/,company liquidation,anchor_absent_from_copy
https://www.companydebt.com/hmrc/what-happens-if-hmrc-rejects-your-time-to-pay-arrangement/,/hmrc/cant-pay-vat/,can’t pay VAT,anchor_absent_from_copy
https://www.companydebt.com/hmrc/what-happens-if-hmrc-rejects-your-time-to-pay-arrangement/,/hmrc/cant-pay-paye/,can’t pay PAYE,anchor_absent_from_copy
https://www.companydebt.com/hmrc/what-happens-if-hmrc-rejects-your-time-to-pay-arrangement/,/hmrc/problems-paying-corporation-tax-hmrc/,Corporation Tax arrears,anchor_already_linked
https://www.companydebt.com/hmrc/what-happens-if-hmrc-rejects-your-time-to-pay-arrangement/,/liquidation/how-much-does-liquidation-cost/,liquidation costs,anchor_absent_from_copy
https://www.companydebt.com/hmrc/what-happens-if-you-ignore-hmrc-letters/,/liquidation/,company liquidation,anchor_absent_from_copy
https://www.companydebt.com/hmrc/what-happens-if-you-ignore-hmrc-letters/,/hmrc/cant-pay-vat/,can’t pay VAT,anchor_absent_from_copy
https://www.companydebt.com/hmrc/what-happens-if-you-ignore-hmrc-letters/,/hmrc/cant-pay-paye/,can’t pay PAYE,anchor_absent_from_copy
https://www.companydebt.com/hmrc/what-happens-if-you-ignore-hmrc-letters/,/hmrc/problems-paying-corporation-tax-hmrc/,can’t pay Corporation Tax,anchor_absent_from_copy
https://www.companydebt.com/hmrc/what-happens-if-you-ignore-hmrc-letters/,/liquidation/how-much-does-liquidation-cost/,liquidation costs,anchor_absent_from_copy
https://www.companydebt.com/hmrc/can-hmrc-shut-down-my-business/,/liquidation/,company liquidation,anchor_absent_from_copy
https://www.companydebt.com/hmrc/can-hmrc-shut-down-my-business/,/hmrc/cant-pay-vat/,can’t pay VAT,anchor_absent_from_copy
https://www.companydebt.com/hmrc/can-hmrc-shut-down-my-business/,/hmrc/cant-pay-paye/,can’t pay PAYE,anchor_absent_from_copy
https://www.companydebt.com/hmrc/can-hmrc-shut-down-my-business/,/liquidation/how-much-does-liquidation-cost/,liquidation costs,anchor_absent_from_copy
https://www.companydebt.com/hmrc/can-hmrc-shut-down-my-business/,/director-redundancy/,director redundancy pay,anchor_absent_from_copy
https://www.companydebt.com/hmrc/what-happens-if-hmrc-sends-bailiffs-to-a-business/,/liquidation/,company liquidation,anchor_absent_from_copy
https://www.companydebt.com/hmrc/what-happens-if-hmrc-sends-bailiffs-to-a-business/,/hmrc/cant-pay-paye/,can’t pay PAYE,anchor_absent_from_copy
https://www.companydebt.com/hmrc/what-happens-if-hmrc-sends-bailiffs-to-a-business/,/liquidation/how-much-does-liquidation-cost/,liquidation costs,anchor_absent_from_copy
https://www.companydebt.com/hmrc/what-happens-if-hmrc-sends-bailiffs-to-a-business/,/director-redundancy/,director redundancy pay,anchor_absent_from_copy
https://www.companydebt.com/hmrc/what-happens-if-hmrc-sends-bailiffs-to-a-business/,/advice/overdrawn-directors-loan-accounts/,overdrawn director’s loan account,anchor_absent_from_copy
https://www.companydebt.com/hmrc/what-happens-if-hmrc-freezes-your-business-bank-account/,/liquidation/,company liquidation,anchor_absent_from_copy
https://www.companydebt.com/hmrc/what-happens-if-hmrc-freezes-your-business-bank-account/,/hmrc/cant-pay-paye/,can’t pay PAYE,anchor_absent_from_copy
https://www.companydebt.com/hmrc/what-happens-if-hmrc-freezes-your-business-bank-account/,/liquidation/how-much-does-liquidation-cost/,liquidation costs,anchor_absent_from_copy
https://www.companydebt.com/hmrc/what-happens-if-hmrc-freezes-your-business-bank-account/,/director-redundancy/,director redundancy pay,anchor_absent_from_copy
https://www.companydebt.com/hmrc/what-happens-if-hmrc-freezes-your-business-bank-account/,/advice/overdrawn-directors-loan-accounts/,overdrawn director’s loan account,anchor_absent_from_copy
https://www.companydebt.com/liquidation/can-directors-pay-themselves-before-liquidation/,/winding-up-petitions/,winding-up petition,anchor_absent_from_copy
https://www.companydebt.com/liquidation/can-directors-pay-themselves-before-liquidation/,/liquidation/,company liquidation,anchor_absent_from_copy
https://www.companydebt.com/liquidation/can-directors-pay-themselves-before-liquidation/,/hmrc/cant-pay-paye/,can’t pay PAYE,anchor_absent_from_copy
https://www.companydebt.com/liquidation/can-directors-pay-themselves-before-liquidation/,/hmrc/problems-paying-corporation-tax-hmrc/,can’t pay Corporation Tax,anchor_absent_from_copy
https://www.companydebt.com/liquidation/can-directors-pay-themselves-before-liquidation/,/liquidation/how-much-does-liquidation-cost/,liquidation costs,anchor_absent_from_copy
https://www.companydebt.com/liquidation/can-directors-pay-themselves-before-liquidation/,/director-redundancy/,director redundancy pay,anchor_absent_from_copy
https://www.companydebt.com/liquidation/what-happens-if-a-director-transfers-assets-before-insolvency/,/liquidation/,company liquidation,anchor_absent_from_copy
https://www.companydebt.com/liquidation/what-happens-if-a-director-transfers-assets-before-insolvency/,/liquidation/how-much-does-liquidation-cost/,liquidation costs,anchor_absent_from_copy
https://www.companydebt.com/liquidation/what-happens-if-a-director-transfers-assets-before-insolvency/,/director-redundancy/,director redundancy pay,anchor_absent_from_copy
https://www.companydebt.com/liquidation/what-happens-if-a-director-transfers-assets-before-insolvency/,/advice/directors-personal-guarantees/,personal guarantees,anchor_absent_from_copy
https://www.companydebt.com/liquidation/what-happens-if-a-director-transfers-assets-before-insolvency/,/closing-a-limited-company/,close a limited company with debts,anchor_absent_from_copy
https://www.companydebt.com/liquidation/can-a-director-be-sued-personally-by-creditors/,/winding-up-petitions/,winding-up petition,anchor_absent_from_copy
https://www.companydebt.com/liquidation/can-a-director-be-sued-personally-by-creditors/,/liquidation/,company liquidation,anchor_absent_from_copy
https://www.companydebt.com/liquidation/can-a-director-be-sued-personally-by-creditors/,/hmrc/cant-pay-paye/,can’t pay PAYE,anchor_absent_from_copy
https://www.companydebt.com/liquidation/can-a-director-be-sued-personally-by-creditors/,/liquidation/how-much-does-liquidation-cost/,liquidation costs,anchor_absent_from_copy
https://www.companydebt.com/liquidation/can-a-director-be-sued-personally-by-creditors/,/director-redundancy/,director redundancy pay,anchor_absent_from_copy
https://www.companydebt.com/liquidation/what-happens-if-a-director-hides-company-assets/,/liquidation/,company liquidation,anchor_absent_from_copy
https://www.companydebt.com/liquidation/what-happens-if-a-director-hides-company-assets/,/liquidation/how-much-does-liquidation-cost/,liquidation costs,anchor_absent_from_copy
https://www.companydebt.com/liquidation/what-happens-if-a-director-hides-company-assets/,/director-redundancy/,director redundancy pay,anchor_absent_from_copy
https://www.companydebt.com/liquidation/what-happens-if-a-director-hides-company-assets/,/advice/overdrawn-directors-loan-accounts/,overdrawn director’s loan account,anchor_absent_from_copy
https://www.companydebt.com/liquidation/what-happens-if-a-director-hides-company-assets/,/advice/directors-personal-guarantees/,personal guarantees,anchor_absent_from_copy
https://www.companydebt.com/liquidation/what-happens-if-a-director-hides-company-assets/,/closing-a-limited-company/,close a limited company with debts,anchor_absent_from_copy
https://www.companydebt.com/liquidation/can-directors-go-to-prison-for-company-debt/,/liquidation/creditors-voluntary-liquidation/,Creditors’ Voluntary Liquidation,anchor_absent_from_copy
https://www.companydebt.com/liquidation/can-directors-go-to-prison-for-company-debt/,/winding-up-petitions/,winding-up petition,anchor_absent_from_copy
https://www.companydebt.com/liquidation/can-directors-go-to-prison-for-company-debt/,/liquidation/,company liquidation,anchor_absent_from_copy
https://www.companydebt.com/liquidation/can-directors-go-to-prison-for-company-debt/,/liquidation/how-much-does-liquidation-cost/,liquidation costs,anchor_absent_from_copy
https://www.companydebt.com/liquidation/can-directors-go-to-prison-for-company-debt/,/director-redundancy/,director redundancy pay,anchor_absent_from_copy
https://www.companydebt.com/liquidation/can-directors-go-to-prison-for-company-debt/,/advice/overdrawn-directors-loan-accounts/,overdrawn director’s loan account,anchor_absent_from_copy
https://www.companydebt.com/liquidation/can-directors-go-to-prison-for-company-debt/,/advice/directors-personal-guarantees/,personal guarantees,anchor_absent_from_copy
https://www.companydebt.com/liquidation/what-happens-if-i-stop-paying-company-debts/,/liquidation/,company liquidation,anchor_absent_from_copy
https://www.companydebt.com/liquidation/what-happens-if-i-stop-paying-company-debts/,/hmrc/cant-pay-vat/,can’t pay VAT,anchor_absent_from_copy
https://www.companydebt.com/liquidation/what-happens-if-i-stop-paying-company-debts/,/hmrc/cant-pay-paye/,can’t pay PAYE,anchor_absent_from_copy
https://www.companydebt.com/liquidation/what-happens-if-i-stop-paying-company-debts/,/hmrc/problems-paying-corporation-tax-hmrc/,can’t pay Corporation Tax,anchor_absent_from_copy
https://www.companydebt.com/liquidation/what-happens-if-i-stop-paying-company-debts/,/liquidation/how-much-does-liquidation-cost/,liquidation costs,anchor_absent_from_copy
https://www.companydebt.com/hmrc/pay-hmrc-or-suppliers-first/,/winding-up-petitions/,winding-up petition,anchor_absent_from_copy
https://www.companydebt.com/hmrc/pay-hmrc-or-suppliers-first/,/liquidation/,company liquidation,anchor_absent_from_copy
https://www.companydebt.com/hmrc/pay-hmrc-or-suppliers-first/,/hmrc/cant-pay-vat/,can’t pay VAT,anchor_absent_from_copy
https://www.companydebt.com/hmrc/pay-hmrc-or-suppliers-first/,/hmrc/cant-pay-paye/,can’t pay PAYE,anchor_absent_from_copy
https://www.companydebt.com/hmrc/pay-hmrc-or-suppliers-first/,/hmrc/problems-paying-corporation-tax-hmrc/,can’t pay Corporation Tax,anchor_absent_from_copy
https://www.companydebt.com/hmrc/pay-hmrc-or-suppliers-first/,/liquidation/how-much-does-liquidation-cost/,liquidation costs,anchor_absent_from_copy
https://www.companydebt.com/liquidation/seek-insolvency-advice-before-missing-payments/,/liquidation/,company liquidation,anchor_already_linked
https://www.companydebt.com/liquidation/seek-insolvency-advice-before-missing-payments/,/hmrc/cant-pay-vat/,can’t pay VAT,anchor_absent_from_copy
https://www.companydebt.com/liquidation/seek-insolvency-advice-before-missing-payments/,/hmrc/cant-pay-paye/,can’t pay PAYE,anchor_absent_from_copy
https://www.companydebt.com/liquidation/seek-insolvency-advice-before-missing-payments/,/liquidation/how-much-does-liquidation-cost/,liquidation costs,anchor_absent_from_copy
https://www.companydebt.com/liquidation/when-should-a-director-stop-trading/,/liquidation/,company liquidation,anchor_absent_from_copy
https://www.companydebt.com/liquidation/when-should-a-director-stop-trading/,/hmrc/cant-pay-vat/,can’t pay VAT,anchor_absent_from_copy
https://www.companydebt.com/liquidation/when-should-a-director-stop-trading/,/hmrc/cant-pay-paye/,can’t pay PAYE,anchor_absent_from_copy
https://www.companydebt.com/liquidation/when-should-a-director-stop-trading/,/hmrc/problems-paying-corporation-tax-hmrc/,can’t pay Corporation Tax,anchor_absent_from_copy
https://www.companydebt.com/liquidation/when-should-a-director-stop-trading/,/liquidation/how-much-does-liquidation-cost/,liquidation costs,anchor_absent_from_copy
https://www.companydebt.com/liquidation/should-i-close-my-company-or-try-to-save-it/,/liquidation/creditors-voluntary-liquidation/,CVL,anchor_already_linked
https://www.companydebt.com/liquidation/should-i-close-my-company-or-try-to-save-it/,/winding-up-petitions/,winding-up petition,anchor_absent_from_copy
https://www.companydebt.com/liquidation/should-i-close-my-company-or-try-to-save-it/,/liquidation/,company liquidation,anchor_absent_from_copy
https://www.companydebt.com/liquidation/should-i-close-my-company-or-try-to-save-it/,/liquidation/how-much-does-liquidation-cost/,liquidation costs,anchor_absent_from_copy
https://www.companydebt.com/liquidation/should-i-close-my-company-or-try-to-save-it/,/director-redundancy/,director redundancy pay,anchor_absent_from_copy
https://www.companydebt.com/liquidation/should-i-close-my-company-or-try-to-save-it/,/advice/directors-personal-guarantees/,personal guarantees,anchor_absent_from_copy
https://www.companydebt.com/liquidation/insolvency-myths-debunked/,/winding-up-petitions/,winding-up petition,anchor_absent_from_copy
https://www.companydebt.com/liquidation/insolvency-myths-debunked/,/liquidation/,company liquidation,anchor_absent_from_copy
https://www.companydebt.com/liquidation/insolvency-myths-debunked/,/hmrc/cant-pay-vat/,can’t pay VAT,anchor_absent_from_copy
https://www.companydebt.com/liquidation/insolvency-myths-debunked/,/hmrc/cant-pay-paye/,can’t pay PAYE,anchor_absent_from_copy
https://www.companydebt.com/liquidation/insolvency-myths-debunked/,/hmrc/problems-paying-corporation-tax-hmrc/,can’t pay Corporation Tax,anchor_absent_from_copy
https://www.companydebt.com/liquidation/insolvency-myths-debunked/,/liquidation/how-much-does-liquidation-cost/,liquidation costs,anchor_absent_from_copy
https://www.companydebt.com/liquidation/insolvency-vs-bankruptcy/,/winding-up-petitions/,winding-up petition,anchor_absent_from_copy
https://www.companydebt.com/liquidation/insolvency-vs-bankruptcy/,/liquidation/,company liquidation,anchor_already_linked
https://www.companydebt.com/liquidation/insolvency-vs-bankruptcy/,/hmrc/cant-pay-paye/,can’t pay PAYE,anchor_absent_from_copy
https://www.companydebt.com/liquidation/insolvency-vs-bankruptcy/,/liquidation/how-much-does-liquidation-cost/,liquidation costs,anchor_absent_from_copy
https://www.companydebt.com/liquidation/insolvency-vs-bankruptcy/,/director-redundancy/,director redundancy pay,anchor_absent_from_copy
https://www.companydebt.com/liquidation/list-of-liquidation-documents/,/winding-up-petitions/,winding-up petition,anchor_absent_from_copy
https://www.companydebt.com/liquidation/list-of-liquidation-documents/,/liquidation/,company liquidation,anchor_absent_from_copy
https://www.companydebt.com/liquidation/list-of-liquidation-documents/,/hmrc/cant-pay-vat/,can’t pay VAT,anchor_absent_from_copy
https://www.companydebt.com/liquidation/list-of-liquidation-documents/,/hmrc/cant-pay-paye/,can’t pay PAYE,anchor_absent_from_copy
https://www.companydebt.com/liquidation/list-of-liquidation-documents/,/hmrc/problems-paying-corporation-tax-hmrc/,can’t pay Corporation Tax,anchor_absent_from_copy
https://www.companydebt.com/liquidation/list-of-liquidation-documents/,/liquidation/how-much-does-liquidation-cost/,liquidation costs,anchor_absent_from_copy
https://www.companydebt.com/liquidation/company-strike-off-and-dissolution/directors-responsibilities-after-a-company-is-struck-off/,/winding-up-petitions/,winding-up petition,anchor_absent_from_copy
https://www.companydebt.com/liquidation/company-strike-off-and-dissolution/directors-responsibilities-after-a-company-is-struck-off/,/liquidation/,company liquidation,anchor_already_linked
https://www.companydebt.com/liquidation/company-strike-off-and-dissolution/directors-responsibilities-after-a-company-is-struck-off/,/hmrc/cant-pay-vat/,can’t pay VAT,anchor_absent_from_copy
https://www.companydebt.com/liquidation/company-strike-off-and-dissolution/directors-responsibilities-after-a-company-is-struck-off/,/hmrc/cant-pay-paye/,can’t pay PAYE,anchor_absent_from_copy
https://www.companydebt.com/liquidation/company-strike-off-and-dissolution/directors-responsibilities-after-a-company-is-struck-off/,/hmrc/problems-paying-corporation-tax-hmrc/,can’t pay Corporation Tax,anchor_absent_from_copy
https://www.companydebt.com/liquidation/company-strike-off-and-dissolution/directors-responsibilities-after-a-company-is-struck-off/,/liquidation/how-much-does-liquidation-cost/,liquidation costs,anchor_absent_from_copy
https://www.companydebt.com/liquidation/insolvency-checklist/,/winding-up-petitions/,winding-up petition,anchor_absent_from_copy
https://www.companydebt.com/liquidation/insolvency-checklist/,/liquidation/,company liquidation,anchor_already_linked
https://www.companydebt.com/liquidation/insolvency-checklist/,/hmrc/cant-pay-vat/,can’t pay VAT,anchor_absent_from_copy
https://www.companydebt.com/liquidation/insolvency-checklist/,/hmrc/cant-pay-paye/,can’t pay PAYE,anchor_absent_from_copy
https://www.companydebt.com/liquidation/insolvency-checklist/,/liquidation/how-much-does-liquidation-cost/,liquidation costs,anchor_absent_from_copy
https://www.companydebt.com/liquidation/insolvency-checklist/,/director-redundancy/,director redundancy pay,anchor_absent_from_copy
https://www.companydebt.com/liquidation/uk-insolvency-flowchart/,/winding-up-petitions/,winding-up petition,anchor_absent_from_copy
https://www.companydebt.com/liquidation/uk-insolvency-flowchart/,/liquidation/,company liquidation,anchor_absent_from_copy
https://www.companydebt.com/liquidation/uk-insolvency-flowchart/,/director-redundancy/,director redundancy pay,anchor_absent_from_copy
https://www.companydebt.com/liquidation/uk-insolvency-flowchart/,/advice/overdrawn-directors-loan-accounts/,overdrawn director’s loan account,anchor_absent_from_copy
https://www.companydebt.com/liquidation/uk-insolvency-flowchart/,/advice/directors-personal-guarantees/,personal guarantees,anchor_absent_from_copy
https://www.companydebt.com/liquidation/uk-insolvency-glossary/,/liquidation/,company liquidation,anchor_absent_from_copy
https://www.companydebt.com/liquidation/uk-insolvency-glossary/,/hmrc/cant-pay-vat/,can’t pay VAT,anchor_absent_from_copy
https://www.companydebt.com/liquidation/uk-insolvency-glossary/,/hmrc/cant-pay-paye/,can’t pay PAYE,anchor_absent_from_copy
https://www.companydebt.com/liquidation/uk-insolvency-glossary/,/liquidation/how-much-does-liquidation-cost/,liquidation costs,anchor_absent_from_copy
https://www.companydebt.com/liquidation/uk-insolvency-glossary/,/director-redundancy/,director redundancy pay,anchor_absent_from_copy
https://www.companydebt.com/liquidation/director-conduct-review/,/winding-up-petitions/,winding-up petition,anchor_absent_from_copy
https://www.companydebt.com/liquidation/director-conduct-review/,/liquidation/,company liquidation,anchor_already_linked
https://www.companydebt.com/liquidation/director-conduct-review/,/hmrc/cant-pay-vat/,can’t pay VAT,anchor_absent_from_copy
https://www.companydebt.com/liquidation/director-conduct-review/,/hmrc/cant-pay-paye/,can’t pay PAYE,anchor_absent_from_copy
https://www.companydebt.com/liquidation/director-conduct-review/,/hmrc/problems-paying-corporation-tax-hmrc/,can’t pay Corporation Tax,anchor_absent_from_copy
https://www.companydebt.com/liquidation/director-conduct-review/,/liquidation/how-much-does-liquidation-cost/,liquidation costs,anchor_absent_from_copy
https://www.companydebt.com/company-rescue-solutions/company-voluntary-arrangement/use-a-cva-to-close-a-company/,/liquidation/creditors-voluntary-liquidation/,Creditors’ Voluntary Liquidation,anchor_absent_from_copy
https://www.companydebt.com/company-rescue-solutions/company-voluntary-arrangement/use-a-cva-to-close-a-company/,/winding-up-petitions/,winding-up petition,anchor_absent_from_copy
https://www.companydebt.com/company-rescue-solutions/company-voluntary-arrangement/use-a-cva-to-close-a-company/,/liquidation/,company liquidation,anchor_absent_from_copy
https://www.companydebt.com/company-rescue-solutions/company-voluntary-arrangement/use-a-cva-to-close-a-company/,/hmrc/cant-pay-vat/,can’t pay VAT,anchor_absent_from_copy
https://www.companydebt.com/company-rescue-solutions/company-voluntary-arrangement/use-a-cva-to-close-a-company/,/hmrc/cant-pay-paye/,can’t pay PAYE,anchor_absent_from_copy
https://www.companydebt.com/company-rescue-solutions/company-voluntary-arrangement/use-a-cva-to-close-a-company/,/liquidation/how-much-does-liquidation-cost/,liquidation costs,anchor_absent_from_copy
https://www.companydebt.com/company-rescue-solutions/company-voluntary-arrangement/use-a-cva-to-close-a-company/,/director-redundancy/,director redundancy pay,anchor_absent_from_copy
https://www.companydebt.com/liquidation/business-bank-account-in-liquidation/,/liquidation/,company liquidation,anchor_already_linked
https://www.companydebt.com/liquidation/business-bank-account-in-liquidation/,/hmrc/cant-pay-vat/,can’t pay VAT,anchor_absent_from_copy
https://www.companydebt.com/liquidation/business-bank-account-in-liquidation/,/hmrc/cant-pay-paye/,can’t pay PAYE,anchor_absent_from_copy
https://www.companydebt.com/liquidation/business-bank-account-in-liquidation/,/liquidation/how-much-does-liquidation-cost/,liquidation costs,anchor_absent_from_copy
https://www.companydebt.com/liquidation/business-bank-account-in-liquidation/,/director-redundancy/,director redundancy pay,anchor_absent_from_copy
https://www.companydebt.com/company-rescue-solutions/company-voluntary-arrangement/director-guarantees-in-a-cva/,/liquidation/creditors-voluntary-liquidation/,Creditors’ Voluntary Liquidation,anchor_absent_from_copy
https://www.companydebt.com/company-rescue-solutions/company-voluntary-arrangement/director-guarantees-in-a-cva/,/winding-up-petitions/,winding-up petition,anchor_absent_from_copy
https://www.companydebt.com/company-rescue-solutions/company-voluntary-arrangement/director-guarantees-in-a-cva/,/liquidation/,company liquidation,anchor_absent_from_copy
https://www.companydebt.com/company-rescue-solutions/company-voluntary-arrangement/director-guarantees-in-a-cva/,/hmrc/cant-pay-vat/,can’t pay VAT,anchor_absent_from_copy
https://www.companydebt.com/company-rescue-solutions/company-voluntary-arrangement/director-guarantees-in-a-cva/,/hmrc/cant-pay-paye/,can’t pay PAYE,anchor_absent_from_copy
https://www.companydebt.com/company-rescue-solutions/company-voluntary-arrangement/director-guarantees-in-a-cva/,/liquidation/how-much-does-liquidation-cost/,liquidation costs,anchor_absent_from_copy
https://www.companydebt.com/company-rescue-solutions/company-voluntary-arrangement/director-guarantees-in-a-cva/,/director-redundancy/,director redundancy pay,anchor_absent_from_copy
https://www.companydebt.com/liquidation/ccj-when-going-insolvent/,/liquidation/,company liquidation,anchor_absent_from_copy
https://www.companydebt.com/liquidation/ccj-when-going-insolvent/,/liquidation/how-much-does-liquidation-cost/,liquidation costs,anchor_absent_from_copy
https://www.companydebt.com/liquidation/ccj-when-going-insolvent/,/director-redundancy/,director redundancy pay,anchor_absent_from_copy
https://www.companydebt.com/liquidation/ccj-when-going-insolvent/,/advice/overdrawn-directors-loan-accounts/,overdrawn director’s loan account,anchor_absent_from_copy
https://www.companydebt.com/liquidation/ccj-when-going-insolvent/,/advice/directors-personal-guarantees/,personal guarantees,anchor_absent_from_copy
https://www.companydebt.com/liquidation/ccj-when-going-insolvent/,/closing-a-limited-company/,close a limited company with debts,anchor_absent_from_copy
https://www.companydebt.com/liquidation/ccj-when-going-insolvent/,/liquidation/creditors-voluntary-liquidation/,Creditors’ Voluntary Liquidation,anchor_absent_from_copy
https://www.companydebt.com/liquidation/can-i-choose-my-liquidator/,/liquidation/,company liquidation,anchor_absent_from_copy
https://www.companydebt.com/liquidation/can-i-choose-my-liquidator/,/hmrc/cant-pay-vat/,can’t pay VAT,anchor_absent_from_copy
https://www.companydebt.com/liquidation/can-i-choose-my-liquidator/,/hmrc/cant-pay-paye/,can’t pay PAYE,anchor_absent_from_copy
https://www.companydebt.com/liquidation/can-i-choose-my-liquidator/,/liquidation/how-much-does-liquidation-cost/,liquidation costs,anchor_already_linked
https://www.companydebt.com/liquidation/can-i-choose-my-liquidator/,/director-redundancy/,director redundancy pay,anchor_absent_from_copy
https://www.companydebt.com/liquidation/hmrc-as-a-creditor-in-liquidation/,/winding-up-petitions/,winding-up petition,anchor_already_linked
https://www.companydebt.com/liquidation/hmrc-as-a-creditor-in-liquidation/,/liquidation/,company liquidation,anchor_absent_from_copy
https://www.companydebt.com/liquidation/hmrc-as-a-creditor-in-liquidation/,/hmrc/problems-paying-corporation-tax-hmrc/,can’t pay Corporation Tax,anchor_absent_from_copy
https://www.companydebt.com/liquidation/hmrc-as-a-creditor-in-liquidation/,/liquidation/how-much-does-liquidation-cost/,liquidation costs,anchor_absent_from_copy
https://www.companydebt.com/company-rescue-solutions/company-voluntary-arrangement/what-happens-if-a-cva-fails-mid-term/,/winding-up-petitions/,winding-up petition,anchor_absent_from_copy
https://www.companydebt.com/company-rescue-solutions/company-voluntary-arrangement/what-happens-if-a-cva-fails-mid-term/,/liquidation/,company liquidation,anchor_absent_from_copy
https://www.companydebt.com/company-rescue-solutions/company-voluntary-arrangement/what-happens-if-a-cva-fails-mid-term/,/hmrc/cant-pay-vat/,can’t pay VAT,anchor_absent_from_copy
https://www.companydebt.com/company-rescue-solutions/company-voluntary-arrangement/what-happens-if-a-cva-fails-mid-term/,/hmrc/cant-pay-paye/,can’t pay PAYE,anchor_absent_from_copy
https://www.companydebt.com/company-rescue-solutions/company-voluntary-arrangement/what-happens-if-a-cva-fails-mid-term/,/liquidation/how-much-does-liquidation-cost/,liquidation costs,anchor_absent_from_copy
https://www.companydebt.com/company-rescue-solutions/company-voluntary-arrangement/what-happens-if-a-cva-fails-mid-term/,/director-redundancy/,director redundancy pay,anchor_absent_from_copy
https://www.companydebt.com/liquidation/winding-up-petition-vs-compulsory-liquidation/,/liquidation/,company liquidation,anchor_absent_from_copy
https://www.companydebt.com/liquidation/winding-up-petition-vs-compulsory-liquidation/,/hmrc/cant-pay-paye/,can’t pay PAYE,anchor_absent_from_copy
https://www.companydebt.com/liquidation/winding-up-petition-vs-compulsory-liquidation/,/liquidation/how-much-does-liquidation-cost/,liquidation costs,anchor_absent_from_copy
https://www.companydebt.com/liquidation/winding-up-petition-vs-compulsory-liquidation/,/director-redundancy/,director redundancy pay,anchor_absent_from_copy
https://www.companydebt.com/liquidation/winding-up-petition-vs-compulsory-liquidation/,/advice/overdrawn-directors-loan-accounts/,overdrawn director’s loan account,anchor_absent_from_copy
https://www.companydebt.com/company-administration/light-touch-administration/,/closing-a-limited-company/,close a limited company with debts,anchor_absent_from_copy
https://www.companydebt.com/company-administration/light-touch-administration/,/liquidation/creditors-voluntary-liquidation/,Creditors’ Voluntary Liquidation,anchor_absent_from_copy
https://www.companydebt.com/company-administration/light-touch-administration/,/debt-creditor-pressure-hub/,creditor pressure,anchor_absent_from_copy
https://www.companydebt.com/company-administration/light-touch-administration/,/winding-up-petitions/,winding-up petition,anchor_absent_from_copy
https://www.companydebt.com/company-administration/light-touch-administration/,/advice/are-directors-personally-liable-for-company-debts/,director personal liability,anchor_absent_from_copy
https://www.companydebt.com/company-administration/light-touch-administration/,/company-rescue-solutions/,company rescue solutions,anchor_absent_from_copy
https://www.companydebt.com/liquidation/cva-vs-strike-off-vs-liquidation/,/liquidation/,company liquidation,anchor_absent_from_copy
https://www.companydebt.com/liquidation/cva-vs-strike-off-vs-liquidation/,/director-redundancy/,director redundancy pay,anchor_absent_from_copy
https://www.companydebt.com/liquidation/cva-vs-strike-off-vs-liquidation/,/advice/overdrawn-directors-loan-accounts/,overdrawn director’s loan account,anchor_absent_from_copy
https://www.companydebt.com/company-administration/company-voluntary-arrangement-vs-administration-which-to-choose/,/liquidation/creditors-voluntary-liquidation/,Creditors’ Voluntary Liquidation,anchor_absent_from_copy
https://www.companydebt.com/company-administration/company-voluntary-arrangement-vs-administration-which-to-choose/,/liquidation/,company liquidation,anchor_absent_from_copy
https://www.companydebt.com/company-administration/company-voluntary-arrangement-vs-administration-which-to-choose/,/hmrc/cant-pay-paye/,can’t pay PAYE,anchor_absent_from_copy
https://www.companydebt.com/company-administration/company-voluntary-arrangement-vs-administration-which-to-choose/,/director-redundancy/,director redundancy pay,anchor_absent_from_copy
https://www.companydebt.com/company-administration/company-voluntary-arrangement-vs-administration-which-to-choose/,/advice/overdrawn-directors-loan-accounts/,overdrawn director’s loan account,anchor_absent_from_copy
https://www.companydebt.com/liquidation/liquidating-a-group-company-or-holding-company-in-the-uk/,/liquidation/creditors-voluntary-liquidation/,Creditors’ Voluntary Liquidation,anchor_already_linked
https://www.companydebt.com/liquidation/liquidating-a-group-company-or-holding-company-in-the-uk/,/liquidation/,company liquidation,placement_forbidden
https://www.companydebt.com/liquidation/liquidating-a-group-company-or-holding-company-in-the-uk/,/hmrc/cant-pay-vat/,can’t pay VAT,anchor_absent_from_copy
https://www.companydebt.com/liquidation/liquidating-a-group-company-or-holding-company-in-the-uk/,/hmrc/cant-pay-paye/,can’t pay PAYE,anchor_absent_from_copy
https://www.companydebt.com/liquidation/liquidating-a-group-company-or-holding-company-in-the-uk/,/hmrc/problems-paying-corporation-tax-hmrc/,can’t pay Corporation Tax,anchor_absent_from_copy
https://www.companydebt.com/liquidation/liquidating-a-group-company-or-holding-company-in-the-uk/,/liquidation/how-much-does-liquidation-cost/,liquidation costs,anchor_absent_from_copy
https://www.companydebt.com/liquidation/can-you-liquidate-to-avoid-paying-suppliers/,/liquidation/,company liquidation,anchor_absent_from_copy
https://www.companydebt.com/liquidation/can-you-liquidate-to-avoid-paying-suppliers/,/hmrc/cant-pay-vat/,can’t pay VAT,anchor_absent_from_copy
https://www.companydebt.com/liquidation/can-you-liquidate-to-avoid-paying-suppliers/,/hmrc/cant-pay-paye/,can’t pay PAYE,anchor_absent_from_copy
https://www.companydebt.com/liquidation/can-you-liquidate-to-avoid-paying-suppliers/,/liquidation/how-much-does-liquidation-cost/,liquidation costs,anchor_absent_from_copy
https://www.companydebt.com/liquidation/can-you-liquidate-to-avoid-paying-suppliers/,/director-redundancy/,director redundancy pay,anchor_absent_from_copy
https://www.companydebt.com/liquidation/can-i-liquidate-a-dormant-company/,/winding-up-petitions/,winding-up petition,anchor_absent_from_copy
https://www.companydebt.com/liquidation/can-i-liquidate-a-dormant-company/,/liquidation/,company liquidation,anchor_absent_from_copy
https://www.companydebt.com/liquidation/can-i-liquidate-a-dormant-company/,/hmrc/cant-pay-vat/,can’t pay VAT,anchor_absent_from_copy
https://www.companydebt.com/liquidation/can-i-liquidate-a-dormant-company/,/hmrc/problems-paying-corporation-tax-hmrc/,can’t pay Corporation Tax,anchor_absent_from_copy
https://www.companydebt.com/liquidation/can-i-liquidate-a-dormant-company/,/liquidation/how-much-does-liquidation-cost/,liquidation costs,anchor_absent_from_copy
https://www.companydebt.com/liquidation/liquidating-a-company-with-no-assets-or-bank-account-uk/,/winding-up-petitions/,winding-up petition,anchor_absent_from_copy
https://www.companydebt.com/liquidation/liquidating-a-company-with-no-assets-or-bank-account-uk/,/liquidation/,company liquidation,anchor_absent_from_copy
https://www.companydebt.com/liquidation/liquidating-a-company-with-no-assets-or-bank-account-uk/,/hmrc/cant-pay-vat/,can’t pay VAT,anchor_absent_from_copy
https://www.companydebt.com/liquidation/liquidating-a-company-with-no-assets-or-bank-account-uk/,/hmrc/cant-pay-paye/,can’t pay PAYE,anchor_absent_from_copy
https://www.companydebt.com/liquidation/liquidating-a-company-with-no-assets-or-bank-account-uk/,/hmrc/problems-paying-corporation-tax-hmrc/,can’t pay Corporation Tax,anchor_absent_from_copy
https://www.companydebt.com/liquidation/liquidating-a-company-with-no-assets-or-bank-account-uk/,/liquidation/how-much-does-liquidation-cost/,liquidation costs,anchor_absent_from_copy
https://www.companydebt.com/liquidation/can-i-liquidate-my-company-with-a-bounce-back-loan/,/winding-up-petitions/,winding-up petition,anchor_absent_from_copy
https://www.companydebt.com/liquidation/can-i-liquidate-my-company-with-a-bounce-back-loan/,/liquidation/,company liquidation,anchor_absent_from_copy
https://www.companydebt.com/liquidation/can-i-liquidate-my-company-with-a-bounce-back-loan/,/hmrc/cant-pay-paye/,can’t pay PAYE,anchor_absent_from_copy
https://www.companydebt.com/liquidation/can-i-liquidate-my-company-with-a-bounce-back-loan/,/liquidation/how-much-does-liquidation-cost/,liquidation costs,anchor_absent_from_copy
https://www.companydebt.com/liquidation/can-i-liquidate-my-company-with-a-bounce-back-loan/,/director-redundancy/,director redundancy pay,anchor_absent_from_copy
https://www.companydebt.com/liquidation/can-i-liquidate-my-company-with-a-bounce-back-loan/,/advice/overdrawn-directors-loan-accounts/,overdrawn director’s loan account,anchor_absent_from_copy
https://www.companydebt.com/liquidation/can-i-start-a-new-company-after-liquidating-my-old-one/,/liquidation/creditors-voluntary-liquidation/,Creditors’ Voluntary Liquidation,anchor_absent_from_copy
https://www.companydebt.com/liquidation/can-i-start-a-new-company-after-liquidating-my-old-one/,/winding-up-petitions/,winding-up petition,anchor_absent_from_copy
https://www.companydebt.com/liquidation/can-i-start-a-new-company-after-liquidating-my-old-one/,/liquidation/,company liquidation,anchor_absent_from_copy
https://www.companydebt.com/liquidation/can-i-start-a-new-company-after-liquidating-my-old-one/,/hmrc/cant-pay-vat/,can’t pay VAT,anchor_absent_from_copy
https://www.companydebt.com/liquidation/can-i-start-a-new-company-after-liquidating-my-old-one/,/hmrc/problems-paying-corporation-tax-hmrc/,can’t pay Corporation Tax,anchor_absent_from_copy
https://www.companydebt.com/liquidation/can-i-start-a-new-company-after-liquidating-my-old-one/,/liquidation/how-much-does-liquidation-cost/,liquidation costs,anchor_absent_from_copy
https://www.companydebt.com/liquidation/can-i-start-a-new-company-after-liquidating-my-old-one/,/director-redundancy/,director redundancy pay,anchor_absent_from_copy
https://www.companydebt.com/liquidation/whats-the-risk-of-being-disqualified-as-a-director/,/liquidation/creditors-voluntary-liquidation/,Creditors’ Voluntary Liquidation,anchor_absent_from_copy
https://www.companydebt.com/liquidation/whats-the-risk-of-being-disqualified-as-a-director/,/winding-up-petitions/,winding-up petition,anchor_absent_from_copy
https://www.companydebt.com/liquidation/whats-the-risk-of-being-disqualified-as-a-director/,/liquidation/,company liquidation,anchor_absent_from_copy
https://www.companydebt.com/liquidation/whats-the-risk-of-being-disqualified-as-a-director/,/hmrc/cant-pay-vat/,can’t pay VAT,anchor_absent_from_copy
https://www.companydebt.com/liquidation/whats-the-risk-of-being-disqualified-as-a-director/,/hmrc/cant-pay-paye/,can’t pay PAYE,anchor_absent_from_copy
https://www.companydebt.com/liquidation/whats-the-risk-of-being-disqualified-as-a-director/,/liquidation/how-much-does-liquidation-cost/,liquidation costs,anchor_absent_from_copy
https://www.companydebt.com/liquidation/whats-the-risk-of-being-disqualified-as-a-director/,/director-redundancy/,director redundancy pay,anchor_absent_from_copy
https://www.companydebt.com/liquidation/voluntary-liquidation/,/liquidation/,company liquidation,anchor_absent_from_copy
https://www.companydebt.com/liquidation/voluntary-liquidation/,/hmrc/cant-pay-vat/,can’t pay VAT,anchor_absent_from_copy
https://www.companydebt.com/liquidation/voluntary-liquidation/,/hmrc/cant-pay-paye/,can’t pay PAYE,anchor_absent_from_copy
https://www.companydebt.com/liquidation/voluntary-liquidation/,/liquidation/how-much-does-liquidation-cost/,liquidation costs,anchor_absent_from_copy
https://www.companydebt.com/liquidation/voluntary-liquidation/,/director-redundancy/,director redundancy pay,anchor_absent_from_copy
https://www.companydebt.com/liquidation/paying-staff-but-not-hmrc-before-liquidation/,/liquidation/creditors-voluntary-liquidation/,Creditors’ Voluntary Liquidation,anchor_absent_from_copy
https://www.companydebt.com/liquidation/paying-staff-but-not-hmrc-before-liquidation/,/liquidation/,company liquidation,anchor_absent_from_copy
https://www.companydebt.com/liquidation/paying-staff-but-not-hmrc-before-liquidation/,/hmrc/cant-pay-paye/,can’t pay PAYE,anchor_absent_from_copy
https://www.companydebt.com/liquidation/paying-staff-but-not-hmrc-before-liquidation/,/hmrc/problems-paying-corporation-tax-hmrc/,can’t pay Corporation Tax,anchor_absent_from_copy
https://www.companydebt.com/liquidation/paying-staff-but-not-hmrc-before-liquidation/,/liquidation/how-much-does-liquidation-cost/,liquidation costs,anchor_absent_from_copy
https://www.companydebt.com/liquidation/redundancy-payments-for-directors-in-an-mvl/,/winding-up-petitions/,winding-up petition,anchor_absent_from_copy
https://www.companydebt.com/liquidation/redundancy-payments-for-directors-in-an-mvl/,/liquidation/,company liquidation,anchor_absent_from_copy
https://www.companydebt.com/liquidation/redundancy-payments-for-directors-in-an-mvl/,/hmrc/cant-pay-paye/,can’t pay PAYE,anchor_absent_from_copy
https://www.companydebt.com/liquidation/redundancy-payments-for-directors-in-an-mvl/,/liquidation/how-much-does-liquidation-cost/,liquidation costs,anchor_absent_from_copy
https://www.companydebt.com/liquidation/redundancy-payments-for-directors-in-an-mvl/,/director-redundancy/,director redundancy pay,anchor_absent_from_copy
https://www.companydebt.com/liquidation/redundancy-payments-for-directors-in-an-mvl/,/advice/are-directors-personally-liable-for-company-debts/,directors personally liable for company debts,anchor_absent_from_copy
https://www.companydebt.com/liquidation/what-happens-if-a-director-resigns-before-liquidation/,/winding-up-petitions/,winding-up petition,anchor_absent_from_copy
https://www.companydebt.com/liquidation/what-happens-if-a-director-resigns-before-liquidation/,/liquidation/,company liquidation,anchor_absent_from_copy
https://www.companydebt.com/liquidation/what-happens-if-a-director-resigns-before-liquidation/,/hmrc/cant-pay-vat/,can’t pay VAT,anchor_absent_from_copy
https://www.companydebt.com/liquidation/what-happens-if-a-director-resigns-before-liquidation/,/hmrc/cant-pay-paye/,can’t pay PAYE,anchor_absent_from_copy
https://www.companydebt.com/liquidation/what-happens-if-a-director-resigns-before-liquidation/,/liquidation/how-much-does-liquidation-cost/,liquidation costs,anchor_absent_from_copy
https://www.companydebt.com/liquidation/what-happens-if-a-director-resigns-before-liquidation/,/director-redundancy/,director redundancy pay,anchor_absent_from_copy
https://www.companydebt.com/liquidation/company-strike-off-and-dissolution/can-i-be-sued-after-my-company-is-dissolved/,/liquidation/creditors-voluntary-liquidation/,Creditors’ Voluntary Liquidation,anchor_absent_from_copy
https://www.companydebt.com/liquidation/company-strike-off-and-dissolution/can-i-be-sued-after-my-company-is-dissolved/,/winding-up-petitions/,winding-up petition,anchor_absent_from_copy
https://www.companydebt.com/liquidation/company-strike-off-and-dissolution/can-i-be-sued-after-my-company-is-dissolved/,/liquidation/,company liquidation,anchor_absent_from_copy
https://www.companydebt.com/liquidation/company-strike-off-and-dissolution/can-i-be-sued-after-my-company-is-dissolved/,/hmrc/cant-pay-vat/,can’t pay VAT,anchor_absent_from_copy
https://www.companydebt.com/liquidation/company-strike-off-and-dissolution/can-i-be-sued-after-my-company-is-dissolved/,/hmrc/cant-pay-paye/,can’t pay PAYE,anchor_absent_from_copy
https://www.companydebt.com/liquidation/company-strike-off-and-dissolution/can-i-be-sued-after-my-company-is-dissolved/,/liquidation/how-much-does-liquidation-cost/,liquidation costs,anchor_absent_from_copy
https://www.companydebt.com/liquidation/company-strike-off-and-dissolution/can-i-be-sued-after-my-company-is-dissolved/,/director-redundancy/,director redundancy pay,anchor_absent_from_copy
https://www.companydebt.com/liquidation/liquidating-a-charity-or-non-profit/,/winding-up-petitions/,winding-up petition,anchor_absent_from_copy
https://www.companydebt.com/liquidation/liquidating-a-charity-or-non-profit/,/hmrc/cant-pay-vat/,can’t pay VAT,anchor_absent_from_copy
https://www.companydebt.com/liquidation/liquidating-a-charity-or-non-profit/,/hmrc/cant-pay-paye/,can’t pay PAYE,anchor_absent_from_copy
https://www.companydebt.com/liquidation/liquidating-a-charity-or-non-profit/,/liquidation/how-much-does-liquidation-cost/,liquidation costs,anchor_absent_from_copy
https://www.companydebt.com/liquidation/liquidating-a-charity-or-non-profit/,/director-redundancy/,director redundancy pay,anchor_absent_from_copy
https://www.companydebt.com/liquidation/liquidating-a-limited-liability-partnership/,/winding-up-petitions/,winding-up petition,anchor_absent_from_copy
https://www.companydebt.com/liquidation/liquidating-a-limited-liability-partnership/,/liquidation/,company liquidation,anchor_absent_from_copy
https://www.companydebt.com/liquidation/liquidating-a-limited-liability-partnership/,/hmrc/cant-pay-vat/,can’t pay VAT,anchor_absent_from_copy
https://www.companydebt.com/liquidation/liquidating-a-limited-liability-partnership/,/director-redundancy/,director redundancy pay,anchor_absent_from_copy
https://www.companydebt.com/liquidation/liquidating-a-limited-liability-partnership/,/advice/overdrawn-directors-loan-accounts/,overdrawn director’s loan account,anchor_absent_from_copy
https://www.companydebt.com/liquidation/company-restoration-after-liquidation/,/winding-up-petitions/,winding-up petition,anchor_absent_from_copy
https://www.companydebt.com/liquidation/company-restoration-after-liquidation/,/liquidation/,company liquidation,anchor_absent_from_copy
https://www.companydebt.com/liquidation/company-restoration-after-liquidation/,/hmrc/cant-pay-vat/,can’t pay VAT,anchor_absent_from_copy
https://www.companydebt.com/liquidation/company-restoration-after-liquidation/,/hmrc/cant-pay-paye/,can’t pay PAYE,anchor_absent_from_copy
https://www.companydebt.com/liquidation/company-restoration-after-liquidation/,/hmrc/problems-paying-corporation-tax-hmrc/,can’t pay Corporation Tax,anchor_absent_from_copy
https://www.companydebt.com/liquidation/company-restoration-after-liquidation/,/liquidation/how-much-does-liquidation-cost/,liquidation costs,anchor_absent_from_copy
https://www.companydebt.com/liquidation/liquidation-deadlines-and-time-limits/,/liquidation/,company liquidation,anchor_absent_from_copy
https://www.companydebt.com/liquidation/liquidation-deadlines-and-time-limits/,/liquidation/how-much-does-liquidation-cost/,liquidation costs,anchor_absent_from_copy
https://www.companydebt.com/liquidation/liquidation-deadlines-and-time-limits/,/director-redundancy/,director redundancy pay,anchor_absent_from_copy
https://www.companydebt.com/liquidation/liquidation-deadlines-and-time-limits/,/advice/overdrawn-directors-loan-accounts/,overdrawn director’s loan account,anchor_absent_from_copy
https://www.companydebt.com/liquidation/liquidation-deadlines-and-time-limits/,/advice/directors-personal-guarantees/,personal guarantees,anchor_absent_from_copy
https://www.companydebt.com/liquidation/liquidation-deadlines-and-time-limits/,/closing-a-limited-company/,close a limited company with debts,anchor_absent_from_copy
https://www.companydebt.com/liquidation/liquidation-deadlines-and-time-limits/,/liquidation/creditors-voluntary-liquidation/,Creditors’ Voluntary Liquidation,anchor_absent_from_copy
https://www.companydebt.com/liquidation/liquidators-powers-and-duties/,/winding-up-petitions/,winding-up petition,anchor_absent_from_copy
https://www.companydebt.com/liquidation/liquidators-powers-and-duties/,/liquidation/,company liquidation,anchor_already_linked
https://www.companydebt.com/liquidation/liquidators-powers-and-duties/,/hmrc/cant-pay-vat/,can’t pay VAT,anchor_absent_from_copy
https://www.companydebt.com/liquidation/liquidators-powers-and-duties/,/liquidation/how-much-does-liquidation-cost/,liquidation costs,anchor_absent_from_copy
https://www.companydebt.com/liquidation/liquidators-powers-and-duties/,/director-redundancy/,director redundancy pay,anchor_absent_from_copy
https://www.companydebt.com/liquidation/how-to-challenge-a-liquidators-decisions-or-fees/,/winding-up-petitions/,winding-up petition,anchor_absent_from_copy
https://www.companydebt.com/liquidation/how-to-challenge-a-liquidators-decisions-or-fees/,/liquidation/,company liquidation,anchor_absent_from_copy
https://www.companydebt.com/liquidation/how-to-challenge-a-liquidators-decisions-or-fees/,/hmrc/cant-pay-vat/,can’t pay VAT,anchor_absent_from_copy
https://www.companydebt.com/liquidation/how-to-challenge-a-liquidators-decisions-or-fees/,/hmrc/cant-pay-paye/,can’t pay PAYE,anchor_absent_from_copy
https://www.companydebt.com/liquidation/how-to-challenge-a-liquidators-decisions-or-fees/,/liquidation/how-much-does-liquidation-cost/,liquidation costs,anchor_absent_from_copy
https://www.companydebt.com/liquidation/how-to-challenge-a-liquidators-decisions-or-fees/,/director-redundancy/,director redundancy pay,anchor_absent_from_copy
https://www.companydebt.com/liquidation/creditor-meetings-in-liquidation/,/winding-up-petitions/,winding-up petition,anchor_absent_from_copy
https://www.companydebt.com/liquidation/creditor-meetings-in-liquidation/,/liquidation/,company liquidation,anchor_absent_from_copy
https://www.companydebt.com/liquidation/creditor-meetings-in-liquidation/,/hmrc/cant-pay-paye/,can’t pay PAYE,anchor_absent_from_copy
https://www.companydebt.com/liquidation/creditor-meetings-in-liquidation/,/liquidation/how-much-does-liquidation-cost/,liquidation costs,anchor_absent_from_copy
https://www.companydebt.com/liquidation/creditor-meetings-in-liquidation/,/director-redundancy/,director redundancy pay,anchor_absent_from_copy
https://www.companydebt.com/liquidation/creditor-meetings-in-liquidation/,/advice/overdrawn-directors-loan-accounts/,overdrawn director’s loan account,anchor_absent_from_copy
https://www.companydebt.com/liquidation/how-to-prove-your-debt-in-company-liquidation/,/winding-up-petitions/,winding-up petition,anchor_absent_from_copy
https://www.companydebt.com/liquidation/how-to-prove-your-debt-in-company-liquidation/,/liquidation/,company liquidation,anchor_absent_from_copy
https://www.companydebt.com/liquidation/how-to-prove-your-debt-in-company-liquidation/,/hmrc/cant-pay-vat/,can’t pay VAT,anchor_absent_from_copy
https://www.companydebt.com/liquidation/how-to-prove-your-debt-in-company-liquidation/,/liquidation/how-much-does-liquidation-cost/,liquidation costs,anchor_absent_from_copy
https://www.companydebt.com/liquidation/how-to-prove-your-debt-in-company-liquidation/,/director-redundancy/,director redundancy pay,anchor_absent_from_copy
https://www.companydebt.com/liquidation/how-to-prove-your-debt-in-company-liquidation/,/advice/overdrawn-directors-loan-accounts/,overdrawn director’s loan account,anchor_absent_from_copy
https://www.companydebt.com/liquidation/company-vehicles-and-equipment-in-liquidation/,/winding-up-petitions/,winding-up petition,anchor_absent_from_copy
https://www.companydebt.com/liquidation/company-vehicles-and-equipment-in-liquidation/,/liquidation/,company liquidation,anchor_already_linked
https://www.companydebt.com/liquidation/company-vehicles-and-equipment-in-liquidation/,/hmrc/cant-pay-paye/,can’t pay PAYE,anchor_absent_from_copy
https://www.companydebt.com/liquidation/company-vehicles-and-equipment-in-liquidation/,/liquidation/how-much-does-liquidation-cost/,liquidation costs,anchor_absent_from_copy
https://www.companydebt.com/liquidation/company-vehicles-and-equipment-in-liquidation/,/director-redundancy/,director redundancy pay,anchor_absent_from_copy
https://www.companydebt.com/liquidation/intellectual-property-and-trading-assets-in-liquidation/,/winding-up-petitions/,winding-up petition,anchor_absent_from_copy
https://www.companydebt.com/liquidation/intellectual-property-and-trading-assets-in-liquidation/,/liquidation/,company liquidation,anchor_already_linked
https://www.companydebt.com/liquidation/intellectual-property-and-trading-assets-in-liquidation/,/hmrc/cant-pay-vat/,can’t pay VAT,anchor_absent_from_copy
https://www.companydebt.com/liquidation/intellectual-property-and-trading-assets-in-liquidation/,/hmrc/cant-pay-paye/,can’t pay PAYE,anchor_absent_from_copy
https://www.companydebt.com/liquidation/intellectual-property-and-trading-assets-in-liquidation/,/liquidation/how-much-does-liquidation-cost/,liquidation costs,anchor_absent_from_copy
https://www.companydebt.com/liquidation/intellectual-property-and-trading-assets-in-liquidation/,/director-redundancy/,director redundancy pay,anchor_absent_from_copy
https://www.companydebt.com/liquidation/company-property-and-real-estate-in-liquidation/,/winding-up-petitions/,winding-up petition,anchor_absent_from_copy
https://www.companydebt.com/liquidation/company-property-and-real-estate-in-liquidation/,/liquidation/,company liquidation,anchor_absent_from_copy
https://www.companydebt.com/liquidation/company-property-and-real-estate-in-liquidation/,/hmrc/cant-pay-vat/,can’t pay VAT,anchor_absent_from_copy
https://www.companydebt.com/liquidation/company-property-and-real-estate-in-liquidation/,/hmrc/cant-pay-paye/,can’t pay PAYE,anchor_absent_from_copy
https://www.companydebt.com/liquidation/company-property-and-real-estate-in-liquidation/,/liquidation/how-much-does-liquidation-cost/,liquidation costs,anchor_absent_from_copy
https://www.companydebt.com/liquidation/company-property-and-real-estate-in-liquidation/,/director-redundancy/,director redundancy pay,anchor_absent_from_copy
https://www.companydebt.com/liquidation/leases-and-contracts-in-liquidation/,/liquidation/,company liquidation,anchor_absent_from_copy
https://www.companydebt.com/liquidation/leases-and-contracts-in-liquidation/,/liquidation/how-much-does-liquidation-cost/,liquidation costs,anchor_absent_from_copy
https://www.companydebt.com/liquidation/leases-and-contracts-in-liquidation/,/director-redundancy/,director redundancy pay,anchor_absent_from_copy
https://www.companydebt.com/liquidation/leases-and-contracts-in-liquidation/,/advice/overdrawn-directors-loan-accounts/,overdrawn director’s loan account,anchor_absent_from_copy
https://www.companydebt.com/liquidation/leases-and-contracts-in-liquidation/,/advice/directors-personal-guarantees/,personal guarantees,anchor_absent_from_copy
https://www.companydebt.com/liquidation/leases-and-contracts-in-liquidation/,/closing-a-limited-company/,close a limited company with debts,anchor_absent_from_copy
https://www.companydebt.com/liquidation/leases-and-contracts-in-liquidation/,/liquidation/creditors-voluntary-liquidation/,Creditors’ Voluntary Liquidation,anchor_absent_from_copy
https://www.companydebt.com/liquidation/company-pensions-and-liquidation/,/liquidation/creditors-voluntary-liquidation/,Creditors’ Voluntary Liquidation,anchor_absent_from_copy
https://www.companydebt.com/liquidation/company-pensions-and-liquidation/,/winding-up-petitions/,winding-up petition,anchor_absent_from_copy
https://www.companydebt.com/liquidation/company-pensions-and-liquidation/,/liquidation/,company liquidation,anchor_absent_from_copy
https://www.companydebt.com/liquidation/company-pensions-and-liquidation/,/hmrc/cant-pay-vat/,can’t pay VAT,anchor_absent_from_copy
https://www.companydebt.com/liquidation/company-pensions-and-liquidation/,/hmrc/cant-pay-paye/,can’t pay PAYE,anchor_absent_from_copy
https://www.companydebt.com/liquidation/company-pensions-and-liquidation/,/liquidation/how-much-does-liquidation-cost/,liquidation costs,anchor_absent_from_copy
https://www.companydebt.com/liquidation/company-pensions-and-liquidation/,/director-redundancy/,director redundancy pay,anchor_absent_from_copy
https://www.companydebt.com/liquidation/directors-conduct-report-2/,/winding-up-petitions/,winding-up petition,anchor_absent_from_copy
https://www.companydebt.com/liquidation/directors-conduct-report-2/,/liquidation/,company liquidation,anchor_absent_from_copy
https://www.companydebt.com/liquidation/directors-conduct-report-2/,/hmrc/cant-pay-vat/,can’t pay VAT,anchor_absent_from_copy
https://www.companydebt.com/liquidation/directors-conduct-report-2/,/hmrc/cant-pay-paye/,can’t pay PAYE,anchor_absent_from_copy
https://www.companydebt.com/liquidation/directors-conduct-report-2/,/hmrc/problems-paying-corporation-tax-hmrc/,can’t pay Corporation Tax,anchor_absent_from_copy
https://www.companydebt.com/liquidation/directors-conduct-report-2/,/liquidation/how-much-does-liquidation-cost/,liquidation costs,anchor_absent_from_copy
https://www.companydebt.com/liquidation/how-to-choose-the-right-insolvency-procedure/,/liquidation/,company liquidation,anchor_already_linked
https://www.companydebt.com/liquidation/how-to-choose-the-right-insolvency-procedure/,/director-redundancy/,director redundancy pay,anchor_absent_from_copy
https://www.companydebt.com/liquidation/how-to-choose-the-right-insolvency-procedure/,/advice/overdrawn-directors-loan-accounts/,overdrawn director’s loan account,anchor_absent_from_copy
https://www.companydebt.com/liquidation/how-to-choose-the-right-insolvency-procedure/,/advice/directors-personal-guarantees/,personal guarantees,anchor_absent_from_copy
https://www.companydebt.com/liquidation/voluntary-vs-compulsory-liquidation/,/liquidation/,company liquidation,anchor_absent_from_copy
https://www.companydebt.com/liquidation/voluntary-vs-compulsory-liquidation/,/hmrc/cant-pay-vat/,can’t pay VAT,anchor_absent_from_copy
https://www.companydebt.com/liquidation/voluntary-vs-compulsory-liquidation/,/liquidation/how-much-does-liquidation-cost/,liquidation costs,anchor_absent_from_copy
https://www.companydebt.com/liquidation/voluntary-vs-compulsory-liquidation/,/director-redundancy/,director redundancy pay,anchor_absent_from_copy
https://www.companydebt.com/liquidation/voluntary-vs-compulsory-liquidation/,/advice/overdrawn-directors-loan-accounts/,overdrawn director’s loan account,anchor_absent_from_copy
https://www.companydebt.com/liquidation/liquidation-vs-dissolution-strike-off/,/liquidation/creditors-voluntary-liquidation/,Creditors’ Voluntary Liquidation,anchor_absent_from_copy
https://www.companydebt.com/liquidation/liquidation-vs-dissolution-strike-off/,/winding-up-petitions/,winding-up petition,anchor_absent_from_copy
https://www.companydebt.com/liquidation/liquidation-vs-dissolution-strike-off/,/liquidation/,company liquidation,anchor_absent_from_copy
https://www.companydebt.com/liquidation/liquidation-vs-dissolution-strike-off/,/hmrc/cant-pay-vat/,can’t pay VAT,anchor_absent_from_copy
https://www.companydebt.com/liquidation/liquidation-vs-dissolution-strike-off/,/hmrc/cant-pay-paye/,can’t pay PAYE,anchor_absent_from_copy
https://www.companydebt.com/liquidation/liquidation-vs-dissolution-strike-off/,/hmrc/problems-paying-corporation-tax-hmrc/,can’t pay Corporation Tax,anchor_absent_from_copy
https://www.companydebt.com/liquidation/liquidation-vs-dissolution-strike-off/,/liquidation/how-much-does-liquidation-cost/,liquidation costs,anchor_absent_from_copy
https://www.companydebt.com/liquidation/how-to-prepare-for-company-liquidation/,/liquidation/,company liquidation,anchor_already_linked
https://www.companydebt.com/liquidation/how-to-prepare-for-company-liquidation/,/hmrc/cant-pay-paye/,can’t pay PAYE,anchor_absent_from_copy
https://www.companydebt.com/liquidation/how-to-prepare-for-company-liquidation/,/hmrc/problems-paying-corporation-tax-hmrc/,can’t pay Corporation Tax,anchor_absent_from_copy
https://www.companydebt.com/liquidation/cant-afford-to-liquidate/,/winding-up-petitions/,winding-up petition,anchor_absent_from_copy
https://www.companydebt.com/liquidation/cant-afford-to-liquidate/,/liquidation/,company liquidation,anchor_absent_from_copy
https://www.companydebt.com/liquidation/cant-afford-to-liquidate/,/hmrc/cant-pay-vat/,can’t pay VAT,anchor_absent_from_copy
https://www.companydebt.com/liquidation/cant-afford-to-liquidate/,/hmrc/cant-pay-paye/,can’t pay PAYE,anchor_absent_from_copy
https://www.companydebt.com/liquidation/cant-afford-to-liquidate/,/liquidation/how-much-does-liquidation-cost/,liquidation costs,anchor_already_linked
https://www.companydebt.com/liquidation/which-creditors-get-paid-first/,/liquidation/creditors-voluntary-liquidation/,Creditors’ Voluntary Liquidation,anchor_already_linked
https://www.companydebt.com/liquidation/which-creditors-get-paid-first/,/winding-up-petitions/,winding-up petition,anchor_absent_from_copy
https://www.companydebt.com/liquidation/which-creditors-get-paid-first/,/liquidation/,company liquidation,anchor_absent_from_copy
https://www.companydebt.com/liquidation/which-creditors-get-paid-first/,/hmrc/cant-pay-vat/,can’t pay VAT,anchor_absent_from_copy
https://www.companydebt.com/liquidation/which-creditors-get-paid-first/,/hmrc/cant-pay-paye/,can’t pay PAYE,anchor_absent_from_copy
https://www.companydebt.com/liquidation/which-creditors-get-paid-first/,/hmrc/problems-paying-corporation-tax-hmrc/,can’t pay Corporation Tax,anchor_absent_from_copy
https://www.companydebt.com/insolvency-news-commentary/,/winding-up-petitions/,winding-up petition,anchor_absent_from_copy
https://www.companydebt.com/insolvency-news-commentary/,/liquidation/,company liquidation,anchor_absent_from_copy
https://www.companydebt.com/insolvency-news-commentary/,/hmrc/cant-pay-vat/,can’t pay VAT,anchor_absent_from_copy
https://www.companydebt.com/insolvency-news-commentary/,/hmrc/cant-pay-paye/,can’t pay PAYE,anchor_absent_from_copy
https://www.companydebt.com/insolvency-news-commentary/,/hmrc/problems-paying-corporation-tax-hmrc/,can’t pay Corporation Tax,anchor_absent_from_copy
https://www.companydebt.com/insolvency-news-commentary/,/liquidation/how-much-does-liquidation-cost/,liquidation costs,anchor_absent_from_copy
https://www.companydebt.com/debt-charities-uk/,/liquidation/,company liquidation,anchor_absent_from_copy
https://www.companydebt.com/debt-charities-uk/,/liquidation/how-much-does-liquidation-cost/,liquidation costs,anchor_absent_from_copy
https://www.companydebt.com/debt-charities-uk/,/director-redundancy/,director redundancy pay,anchor_absent_from_copy
https://www.companydebt.com/debt-charities-uk/,/advice/are-directors-personally-liable-for-company-debts/,directors personally liable for company debts,anchor_absent_from_copy
https://www.companydebt.com/debt-charities-uk/,/closing-a-limited-company/,close a limited company with debts,anchor_absent_from_copy
https://www.companydebt.com/mental-health-debt-stress-support/,/liquidation/creditors-voluntary-liquidation/,Creditors’ Voluntary Liquidation,anchor_absent_from_copy
https://www.companydebt.com/mental-health-debt-stress-support/,/winding-up-petitions/,winding-up petition,anchor_absent_from_copy
https://www.companydebt.com/mental-health-debt-stress-support/,/liquidation/,company liquidation,anchor_absent_from_copy
https://www.companydebt.com/mental-health-debt-stress-support/,/hmrc/cant-pay-paye/,can’t pay PAYE,anchor_absent_from_copy
https://www.companydebt.com/mental-health-debt-stress-support/,/liquidation/how-much-does-liquidation-cost/,liquidation costs,anchor_absent_from_copy
https://www.companydebt.com/mental-health-debt-stress-support/,/director-redundancy/,director redundancy pay,anchor_absent_from_copy
https://www.companydebt.com/mental-health-debt-stress-support/,/advice/are-directors-personally-liable-for-company-debts/,directors personally liable for company debts,anchor_absent_from_copy
https://www.companydebt.com/sector-specific-insolvency/,/winding-up-petitions/,winding-up petition,anchor_absent_from_copy
https://www.companydebt.com/sector-specific-insolvency/,/liquidation/,company liquidation,anchor_absent_from_copy
https://www.companydebt.com/sector-specific-insolvency/,/hmrc/cant-pay-vat/,can’t pay VAT,anchor_absent_from_copy
https://www.companydebt.com/sector-specific-insolvency/,/hmrc/cant-pay-paye/,can’t pay PAYE,anchor_absent_from_copy
https://www.companydebt.com/sector-specific-insolvency/,/liquidation/how-much-does-liquidation-cost/,liquidation costs,anchor_absent_from_copy
https://www.companydebt.com/sector-specific-insolvency/,/director-redundancy/,director redundancy pay,anchor_absent_from_copy
https://www.companydebt.com/uk-insolvency-statistics/,/liquidation/creditors-voluntary-liquidation/,Creditors’ Voluntary Liquidation,anchor_absent_from_copy
https://www.companydebt.com/uk-insolvency-statistics/,/winding-up-petitions/,winding-up petition,anchor_absent_from_copy
https://www.companydebt.com/uk-insolvency-statistics/,/liquidation/,company liquidation,anchor_absent_from_copy
https://www.companydebt.com/uk-insolvency-statistics/,/hmrc/cant-pay-vat/,can’t pay VAT,anchor_absent_from_copy
https://www.companydebt.com/uk-insolvency-statistics/,/hmrc/cant-pay-paye/,can’t pay PAYE,anchor_absent_from_copy
https://www.companydebt.com/uk-insolvency-statistics/,/liquidation/how-much-does-liquidation-cost/,liquidation costs,anchor_absent_from_copy
https://www.companydebt.com/uk-insolvency-statistics/,/director-redundancy/,director redundancy pay,anchor_absent_from_copy
https://www.companydebt.com/director-protection-hub/,/liquidation/creditors-voluntary-liquidation/,Creditors’ Voluntary Liquidation,anchor_absent_from_copy
https://www.companydebt.com/director-protection-hub/,/liquidation/,company liquidation,anchor_absent_from_copy
https://www.companydebt.com/director-protection-hub/,/hmrc/cant-pay-vat/,can’t pay VAT,anchor_absent_from_copy
https://www.companydebt.com/director-protection-hub/,/hmrc/cant-pay-paye/,can’t pay PAYE,anchor_absent_from_copy
https://www.companydebt.com/director-protection-hub/,/hmrc/problems-paying-corporation-tax-hmrc/,can’t pay Corporation Tax,anchor_absent_from_copy
https://www.companydebt.com/director-protection-hub/,/liquidation/how-much-does-liquidation-cost/,liquidation costs,anchor_absent_from_copy
https://www.companydebt.com/director-protection-hub/,/director-redundancy/,director redundancy pay,anchor_absent_from_copy
https://www.companydebt.com/director-protection-hub/,/advice/are-directors-personally-liable-for-company-debts/,directors personally liable for company debts,anchor_absent_from_copy
https://www.companydebt.com/director-protection-hub/,/closing-a-limited-company/,close a limited company with debts,anchor_absent_from_copy
https://www.companydebt.com/company-rescue-recovery-hub/,/liquidation/,company liquidation,anchor_absent_from_copy
https://www.companydebt.com/company-rescue-recovery-hub/,/hmrc/cant-pay-vat/,can’t pay VAT,anchor_absent_from_copy
https://www.companydebt.com/company-rescue-recovery-hub/,/hmrc/cant-pay-paye/,can’t pay PAYE,anchor_absent_from_copy
https://www.companydebt.com/company-rescue-recovery-hub/,/liquidation/how-much-does-liquidation-cost/,liquidation costs,anchor_absent_from_copy
https://www.companydebt.com/company-rescue-recovery-hub/,/director-redundancy/,director redundancy pay,anchor_absent_from_copy
https://www.companydebt.com/company-rescue-recovery-hub/,/advice/overdrawn-directors-loan-accounts/,overdrawn director’s loan account,anchor_absent_from_copy
https://www.companydebt.com/company-rescue-recovery-hub/,/closing-a-limited-company/,close a limited company with debts,anchor_absent_from_copy
https://www.companydebt.com/hmrc/hmrc-debt-enforcement-hub/,/liquidation/,company liquidation,anchor_absent_from_copy
https://www.companydebt.com/hmrc/hmrc-debt-enforcement-hub/,/hmrc/cant-pay-vat/,can’t pay VAT,anchor_absent_from_copy
https://www.companydebt.com/hmrc/hmrc-debt-enforcement-hub/,/hmrc/cant-pay-paye/,can’t pay PAYE,anchor_absent_from_copy
https://www.companydebt.com/hmrc/hmrc-debt-enforcement-hub/,/hmrc/problems-paying-corporation-tax-hmrc/,can’t pay Corporation Tax,anchor_absent_from_copy
https://www.companydebt.com/hmrc/hmrc-debt-enforcement-hub/,/liquidation/how-much-does-liquidation-cost/,liquidation costs,anchor_absent_from_copy
https://www.companydebt.com/hmrc/hmrc-debt-enforcement-hub/,/director-redundancy/,director redundancy pay,anchor_absent_from_copy
https://www.companydebt.com/hmrc/hmrc-debt-enforcement-hub/,/advice/overdrawn-directors-loan-accounts/,overdrawn director’s loan account,anchor_absent_from_copy
https://www.companydebt.com/hmrc/hmrc-debt-enforcement-hub/,/advice/directors-personal-guarantees/,personal guarantees,anchor_absent_from_copy
https://www.companydebt.com/liquidation/company-strike-off-and-dissolution/,/winding-up-petitions/,winding-up petition,anchor_absent_from_copy
https://www.companydebt.com/liquidation/company-strike-off-and-dissolution/,/liquidation/,company liquidation,anchor_absent_from_copy
https://www.companydebt.com/liquidation/company-strike-off-and-dissolution/,/hmrc/cant-pay-vat/,can’t pay VAT,anchor_absent_from_copy
https://www.companydebt.com/liquidation/company-strike-off-and-dissolution/,/hmrc/cant-pay-paye/,can’t pay PAYE,anchor_absent_from_copy
https://www.companydebt.com/sector-insolvency-hub/,/company-rescue-solutions/,company rescue solutions,anchor_absent_from_copy
https://www.companydebt.com/sector-insolvency-hub/,/liquidation/creditors-voluntary-liquidation/,Creditors’ Voluntary Liquidation,anchor_absent_from_copy
https://www.companydebt.com/sector-insolvency-hub/,/hmrc/,HMRC tax debt,anchor_absent_from_copy
https://www.companydebt.com/sector-insolvency-hub/,/advice/are-directors-personally-liable-for-company-debts/,director personal liability,anchor_absent_from_copy
https://www.companydebt.com/sector-insolvency-hub/,/insolvency/,company insolvency,anchor_absent_from_copy
https://www.companydebt.com/sector-insolvency-hub/,/insolvency/check-if-a-company-is-insolvent/,check if a company is insolvent,anchor_absent_from_copy
https://www.companydebt.com/sector-insolvency-hub/,/liquidation/,company liquidation,anchor_absent_from_copy
https://www.companydebt.com/charity-non-profit-insolvency/,/liquidation/creditors-voluntary-liquidation/,Creditors’ Voluntary Liquidation,anchor_absent_from_copy
https://www.companydebt.com/charity-non-profit-insolvency/,/winding-up-petitions/,winding-up petition,anchor_absent_from_copy
https://www.companydebt.com/charity-non-profit-insolvency/,/liquidation/,company liquidation,anchor_absent_from_copy
https://www.companydebt.com/charity-non-profit-insolvency/,/hmrc/cant-pay-vat/,can’t pay VAT,anchor_absent_from_copy
https://www.companydebt.com/charity-non-profit-insolvency/,/hmrc/cant-pay-paye/,can’t pay PAYE,anchor_absent_from_copy
https://www.companydebt.com/charity-non-profit-insolvency/,/liquidation/how-much-does-liquidation-cost/,liquidation costs,anchor_absent_from_copy
https://www.companydebt.com/charity-non-profit-insolvency/,/director-redundancy/,director redundancy pay,anchor_absent_from_copy
https://www.companydebt.com/hospitality-restaurant-insolvency/,/liquidation/,company liquidation,anchor_absent_from_copy
https://www.companydebt.com/hospitality-restaurant-insolvency/,/hmrc/cant-pay-vat/,can’t pay VAT,anchor_absent_from_copy
https://www.companydebt.com/hospitality-restaurant-insolvency/,/hmrc/problems-paying-corporation-tax-hmrc/,can’t pay Corporation Tax,anchor_absent_from_copy
https://www.companydebt.com/hospitality-restaurant-insolvency/,/liquidation/how-much-does-liquidation-cost/,liquidation costs,anchor_absent_from_copy
https://www.companydebt.com/manufacturing-insolvency/,/winding-up-petitions/,winding-up petition,anchor_absent_from_copy
https://www.companydebt.com/manufacturing-insolvency/,/liquidation/,company liquidation,anchor_absent_from_copy
https://www.companydebt.com/manufacturing-insolvency/,/hmrc/cant-pay-vat/,can’t pay VAT,anchor_absent_from_copy
https://www.companydebt.com/manufacturing-insolvency/,/hmrc/cant-pay-paye/,can’t pay PAYE,anchor_absent_from_copy
https://www.companydebt.com/manufacturing-insolvency/,/liquidation/how-much-does-liquidation-cost/,liquidation costs,anchor_absent_from_copy
https://www.companydebt.com/manufacturing-insolvency/,/director-redundancy/,director redundancy pay,anchor_absent_from_copy
https://www.companydebt.com/care-home-insolvency/,/winding-up-petitions/,winding-up petition,anchor_absent_from_copy
https://www.companydebt.com/care-home-insolvency/,/liquidation/,company liquidation,anchor_absent_from_copy
https://www.companydebt.com/care-home-insolvency/,/hmrc/cant-pay-vat/,can’t pay VAT,anchor_absent_from_copy
https://www.companydebt.com/care-home-insolvency/,/hmrc/cant-pay-paye/,can’t pay PAYE,anchor_absent_from_copy
https://www.companydebt.com/care-home-insolvency/,/liquidation/how-much-does-liquidation-cost/,liquidation costs,anchor_absent_from_copy
https://www.companydebt.com/care-home-insolvency/,/director-redundancy/,director redundancy pay,anchor_absent_from_copy
https://www.companydebt.com/energy-provider-insolvency/,/liquidation/creditors-voluntary-liquidation/,Creditors’ Voluntary Liquidation,anchor_absent_from_copy
https://www.companydebt.com/energy-provider-insolvency/,/winding-up-petitions/,winding-up petition,anchor_absent_from_copy
https://www.companydebt.com/energy-provider-insolvency/,/liquidation/,company liquidation,anchor_absent_from_copy
https://www.companydebt.com/energy-provider-insolvency/,/hmrc/cant-pay-vat/,can’t pay VAT,anchor_absent_from_copy
https://www.companydebt.com/energy-provider-insolvency/,/hmrc/cant-pay-paye/,can’t pay PAYE,anchor_absent_from_copy
https://www.companydebt.com/energy-provider-insolvency/,/liquidation/how-much-does-liquidation-cost/,liquidation costs,anchor_absent_from_copy
https://www.companydebt.com/energy-provider-insolvency/,/director-redundancy/,director redundancy pay,anchor_absent_from_copy
https://www.companydebt.com/professional-services-insolvency/,/liquidation/creditors-voluntary-liquidation/,Creditors’ Voluntary Liquidation,anchor_absent_from_copy
https://www.companydebt.com/professional-services-insolvency/,/winding-up-petitions/,winding-up petition,anchor_absent_from_copy
https://www.companydebt.com/professional-services-insolvency/,/liquidation/,company liquidation,anchor_absent_from_copy
https://www.companydebt.com/professional-services-insolvency/,/hmrc/cant-pay-vat/,can’t pay VAT,anchor_absent_from_copy
https://www.companydebt.com/professional-services-insolvency/,/hmrc/cant-pay-paye/,can’t pay PAYE,anchor_absent_from_copy
https://www.companydebt.com/professional-services-insolvency/,/liquidation/how-much-does-liquidation-cost/,liquidation costs,anchor_absent_from_copy
https://www.companydebt.com/professional-services-insolvency/,/director-redundancy/,director redundancy pay,anchor_absent_from_copy
https://www.companydebt.com/hmrc/hmrc-enforcement-action/,/liquidation/,company liquidation,anchor_absent_from_copy
https://www.companydebt.com/hmrc/hmrc-enforcement-action/,/hmrc/cant-pay-vat/,can’t pay VAT,anchor_absent_from_copy
https://www.companydebt.com/hmrc/hmrc-enforcement-action/,/hmrc/cant-pay-paye/,can’t pay PAYE,anchor_absent_from_copy
https://www.companydebt.com/hmrc/hmrc-enforcement-action/,/hmrc/problems-paying-corporation-tax-hmrc/,can’t pay Corporation Tax,anchor_absent_from_copy
https://www.companydebt.com/hmrc/hmrc-enforcement-action/,/liquidation/how-much-does-liquidation-cost/,liquidation costs,anchor_absent_from_copy
https://www.companydebt.com/transport-haulage-insolvency/,/winding-up-petitions/,winding-up petition,anchor_absent_from_copy
https://www.companydebt.com/transport-haulage-insolvency/,/liquidation/,company liquidation,anchor_absent_from_copy
https://www.companydebt.com/transport-haulage-insolvency/,/hmrc/cant-pay-vat/,can’t pay VAT,anchor_absent_from_copy
https://www.companydebt.com/transport-haulage-insolvency/,/hmrc/cant-pay-paye/,can’t pay PAYE,anchor_absent_from_copy
https://www.companydebt.com/transport-haulage-insolvency/,/liquidation/how-much-does-liquidation-cost/,liquidation costs,anchor_absent_from_copy
https://www.companydebt.com/transport-haulage-insolvency/,/director-redundancy/,director redundancy pay,anchor_absent_from_copy
https://www.companydebt.com/construction-insolvency/,/liquidation/creditors-voluntary-liquidation/,Creditors’ Voluntary Liquidation,anchor_absent_from_copy
https://www.companydebt.com/construction-insolvency/,/winding-up-petitions/,winding-up petition,anchor_absent_from_copy
https://www.companydebt.com/construction-insolvency/,/liquidation/,company liquidation,anchor_absent_from_copy
https://www.companydebt.com/construction-insolvency/,/hmrc/cant-pay-vat/,can’t pay VAT,anchor_absent_from_copy
https://www.companydebt.com/construction-insolvency/,/hmrc/cant-pay-paye/,can’t pay PAYE,anchor_absent_from_copy
https://www.companydebt.com/construction-insolvency/,/liquidation/how-much-does-liquidation-cost/,liquidation costs,anchor_absent_from_copy
https://www.companydebt.com/construction-insolvency/,/director-redundancy/,director redundancy pay,anchor_absent_from_copy
https://www.companydebt.com/debt-creditor-pressure-hub/,/liquidation/,company liquidation,anchor_absent_from_copy
https://www.companydebt.com/debt-creditor-pressure-hub/,/hmrc/cant-pay-vat/,can’t pay VAT,anchor_absent_from_copy
https://www.companydebt.com/debt-creditor-pressure-hub/,/hmrc/cant-pay-paye/,can’t pay PAYE,anchor_absent_from_copy
https://www.companydebt.com/debt-creditor-pressure-hub/,/liquidation/how-much-does-liquidation-cost/,liquidation costs,anchor_absent_from_copy
https://www.companydebt.com/debt-creditor-pressure-hub/,/director-redundancy/,director redundancy pay,anchor_absent_from_copy
https://www.companydebt.com/debt-creditor-pressure-hub/,/advice/overdrawn-directors-loan-accounts/,overdrawn director’s loan account,anchor_absent_from_copy
https://www.companydebt.com/debt-creditor-pressure-hub/,/closing-a-limited-company/,close a limited company with debts,anchor_absent_from_copy
https://www.companydebt.com/liquidation/bailiffs-high-court-enforcement-officers/,/winding-up-petitions/,winding-up petition,anchor_absent_from_copy
https://www.companydebt.com/liquidation/bailiffs-high-court-enforcement-officers/,/liquidation/,company liquidation,anchor_absent_from_copy
https://www.companydebt.com/liquidation/bailiffs-high-court-enforcement-officers/,/hmrc/cant-pay-paye/,can’t pay PAYE,anchor_absent_from_copy
https://www.companydebt.com/liquidation/bailiffs-high-court-enforcement-officers/,/hmrc/problems-paying-corporation-tax-hmrc/,can’t pay Corporation Tax,anchor_absent_from_copy
https://www.companydebt.com/liquidation/bailiffs-high-court-enforcement-officers/,/liquidation/how-much-does-liquidation-cost/,liquidation costs,anchor_absent_from_copy
https://www.companydebt.com/hmrc/hmrc-penalties-investigations/,/winding-up-petitions/,winding-up petition,placement_forbidden
https://www.companydebt.com/hmrc/hmrc-penalties-investigations/,/liquidation/,company liquidation,anchor_absent_from_copy
https://www.companydebt.com/hmrc/hmrc-penalties-investigations/,/hmrc/cant-pay-vat/,can’t pay VAT,anchor_absent_from_copy
https://www.companydebt.com/hmrc/hmrc-penalties-investigations/,/hmrc/cant-pay-paye/,can’t pay PAYE,anchor_absent_from_copy
https://www.companydebt.com/hmrc/hmrc-penalties-investigations/,/hmrc/problems-paying-corporation-tax-hmrc/,can’t pay Corporation Tax,anchor_absent_from_copy
https://www.companydebt.com/hmrc/hmrc-penalties-investigations/,/liquidation/how-much-does-liquidation-cost/,liquidation costs,anchor_absent_from_copy
https://www.companydebt.com/liquidation/am-i-solvent/,/winding-up-petitions/,winding-up petition,anchor_absent_from_copy
https://www.companydebt.com/liquidation/am-i-solvent/,/liquidation/,company liquidation,anchor_absent_from_copy
https://www.companydebt.com/liquidation/am-i-solvent/,/hmrc/cant-pay-vat/,can’t pay VAT,anchor_absent_from_copy
https://www.companydebt.com/liquidation/am-i-solvent/,/hmrc/cant-pay-paye/,can’t pay PAYE,anchor_absent_from_copy
https://www.companydebt.com/liquidation/am-i-solvent/,/liquidation/how-much-does-liquidation-cost/,liquidation costs,anchor_absent_from_copy
https://www.companydebt.com/liquidation/am-i-solvent/,/director-redundancy/,director redundancy pay,anchor_absent_from_copy
https://www.companydebt.com/prize-draw-terms-conditions/,/closing-a-limited-company/,close a limited company with debts,anchor_absent_from_copy
https://www.companydebt.com/prize-draw-terms-conditions/,/liquidation/creditors-voluntary-liquidation/,Creditors’ Voluntary Liquidation,anchor_absent_from_copy
https://www.companydebt.com/advice/insolvency-advice-for-directors/,/liquidation/,company liquidation,anchor_absent_from_copy
https://www.companydebt.com/advice/insolvency-advice-for-directors/,/hmrc/cant-pay-paye/,can’t pay PAYE,anchor_absent_from_copy
https://www.companydebt.com/advice/insolvency-advice-for-directors/,/hmrc/problems-paying-corporation-tax-hmrc/,can’t pay Corporation Tax,anchor_absent_from_copy
https://www.companydebt.com/advice/insolvency-advice-for-directors/,/liquidation/how-much-does-liquidation-cost/,liquidation costs,anchor_absent_from_copy
https://www.companydebt.com/advice/insolvency-advice-for-directors/,/director-redundancy/,director redundancy pay,anchor_absent_from_copy
https://www.companydebt.com/advice/overdrawn-directors-loan-accounts/,/winding-up-petitions/,winding-up petition,anchor_absent_from_copy
https://www.companydebt.com/advice/overdrawn-directors-loan-accounts/,/liquidation/,company liquidation,anchor_absent_from_copy
https://www.companydebt.com/advice/overdrawn-directors-loan-accounts/,/hmrc/cant-pay-paye/,can’t pay PAYE,anchor_absent_from_copy
https://www.companydebt.com/advice/overdrawn-directors-loan-accounts/,/hmrc/problems-paying-corporation-tax-hmrc/,can’t pay Corporation Tax,anchor_absent_from_copy
https://www.companydebt.com/advice/overdrawn-directors-loan-accounts/,/liquidation/how-much-does-liquidation-cost/,liquidation costs,anchor_absent_from_copy
https://www.companydebt.com/advice/overdrawn-directors-loan-accounts/,/director-redundancy/,director redundancy pay,anchor_absent_from_copy
https://www.companydebt.com/insolvency/secured-vs-unsecured-creditors/,/liquidation/creditors-voluntary-liquidation/,Creditors’ Voluntary Liquidation,anchor_absent_from_copy
https://www.companydebt.com/insolvency/secured-vs-unsecured-creditors/,/winding-up-petitions/,winding-up petition,anchor_absent_from_copy
https://www.companydebt.com/insolvency/secured-vs-unsecured-creditors/,/liquidation/,company liquidation,anchor_absent_from_copy
https://www.companydebt.com/insolvency/secured-vs-unsecured-creditors/,/hmrc/cant-pay-vat/,can’t pay VAT,anchor_absent_from_copy
https://www.companydebt.com/insolvency/secured-vs-unsecured-creditors/,/hmrc/cant-pay-paye/,can’t pay PAYE,anchor_absent_from_copy
https://www.companydebt.com/insolvency/secured-vs-unsecured-creditors/,/hmrc/problems-paying-corporation-tax-hmrc/,can’t pay Corporation Tax,anchor_absent_from_copy
https://www.companydebt.com/insolvency/secured-vs-unsecured-creditors/,/liquidation/how-much-does-liquidation-cost/,liquidation costs,anchor_absent_from_copy
https://www.companydebt.com/company-administration/notice-of-intention-to-appoint-administrators/,/liquidation/creditors-voluntary-liquidation/,Creditors’ Voluntary Liquidation,anchor_absent_from_copy
https://www.companydebt.com/company-administration/notice-of-intention-to-appoint-administrators/,/liquidation/,company liquidation,anchor_absent_from_copy
https://www.companydebt.com/company-administration/notice-of-intention-to-appoint-administrators/,/liquidation/how-much-does-liquidation-cost/,liquidation costs,anchor_absent_from_copy
https://www.companydebt.com/company-administration/notice-of-intention-to-appoint-administrators/,/director-redundancy/,director redundancy pay,anchor_absent_from_copy
https://www.companydebt.com/company-administration/notice-of-intention-to-appoint-administrators/,/advice/are-directors-personally-liable-for-company-debts/,directors personally liable for company debts,anchor_absent_from_copy
https://www.companydebt.com/company-administration/notice-of-intention-to-appoint-administrators/,/closing-a-limited-company/,close a limited company with debts,anchor_absent_from_copy
https://www.companydebt.com/company-rescue-solutions/company-voluntary-arrangement/when-a-cva-fails/,/liquidation/creditors-voluntary-liquidation/,Creditors’ Voluntary Liquidation,anchor_absent_from_copy
https://www.companydebt.com/company-rescue-solutions/company-voluntary-arrangement/when-a-cva-fails/,/winding-up-petitions/,winding-up petition,anchor_absent_from_copy
https://www.companydebt.com/company-rescue-solutions/company-voluntary-arrangement/when-a-cva-fails/,/liquidation/,company liquidation,anchor_absent_from_copy
https://www.companydebt.com/company-rescue-solutions/company-voluntary-arrangement/when-a-cva-fails/,/hmrc/cant-pay-vat/,can’t pay VAT,anchor_absent_from_copy
https://www.companydebt.com/company-rescue-solutions/company-voluntary-arrangement/when-a-cva-fails/,/hmrc/cant-pay-paye/,can’t pay PAYE,anchor_absent_from_copy
https://www.companydebt.com/company-rescue-solutions/company-voluntary-arrangement/when-a-cva-fails/,/liquidation/how-much-does-liquidation-cost/,liquidation costs,anchor_absent_from_copy
https://www.companydebt.com/company-rescue-solutions/company-voluntary-arrangement/when-a-cva-fails/,/director-redundancy/,director redundancy pay,anchor_absent_from_copy
https://www.companydebt.com/company-cash-flow-problems/when-employers-cant-afford-redundancy-payments/,/winding-up-petitions/,winding-up petition,anchor_absent_from_copy
https://www.companydebt.com/company-cash-flow-problems/when-employers-cant-afford-redundancy-payments/,/liquidation/,company liquidation,anchor_absent_from_copy
https://www.companydebt.com/company-cash-flow-problems/when-employers-cant-afford-redundancy-payments/,/hmrc/cant-pay-paye/,can’t pay PAYE,anchor_absent_from_copy
https://www.companydebt.com/company-cash-flow-problems/when-employers-cant-afford-redundancy-payments/,/liquidation/how-much-does-liquidation-cost/,liquidation costs,anchor_absent_from_copy
https://www.companydebt.com/company-cash-flow-problems/when-employers-cant-afford-redundancy-payments/,/director-redundancy/,director redundancy pay,anchor_absent_from_copy
https://www.companydebt.com/company-cash-flow-problems/when-employers-cant-afford-redundancy-payments/,/advice/overdrawn-directors-loan-accounts/,overdrawn director’s loan account,anchor_absent_from_copy
https://www.companydebt.com/company-cash-flow-problems/cant-pay-a-company-mortgage/,/liquidation/,company liquidation,anchor_absent_from_copy
https://www.companydebt.com/company-cash-flow-problems/cant-pay-a-company-mortgage/,/hmrc/cant-pay-vat/,can’t pay VAT,anchor_absent_from_copy
https://www.companydebt.com/company-cash-flow-problems/cant-pay-a-company-mortgage/,/hmrc/cant-pay-paye/,can’t pay PAYE,anchor_absent_from_copy
https://www.companydebt.com/company-cash-flow-problems/cant-pay-a-company-mortgage/,/liquidation/how-much-does-liquidation-cost/,liquidation costs,anchor_absent_from_copy
https://www.companydebt.com/company-cash-flow-problems/cant-pay-a-company-mortgage/,/director-redundancy/,director redundancy pay,anchor_absent_from_copy
https://www.companydebt.com/company-cash-flow-problems/challenge-a-statutory-demand/,/liquidation/,company liquidation,anchor_absent_from_copy
https://www.companydebt.com/company-cash-flow-problems/challenge-a-statutory-demand/,/liquidation/how-much-does-liquidation-cost/,liquidation costs,anchor_absent_from_copy
https://www.companydebt.com/company-cash-flow-problems/challenge-a-statutory-demand/,/director-redundancy/,director redundancy pay,anchor_absent_from_copy
https://www.companydebt.com/company-cash-flow-problems/challenge-a-statutory-demand/,/advice/overdrawn-directors-loan-accounts/,overdrawn director’s loan account,anchor_absent_from_copy
https://www.companydebt.com/company-cash-flow-problems/challenge-a-statutory-demand/,/advice/directors-personal-guarantees/,personal guarantees,anchor_absent_from_copy
https://www.companydebt.com/company-cash-flow-problems/challenge-a-statutory-demand/,/closing-a-limited-company/,close a limited company with debts,anchor_absent_from_copy
https://www.companydebt.com/liquidation/alternatives-to-company-liquidation/,/liquidation/creditors-voluntary-liquidation/,Creditors’ Voluntary Liquidation,anchor_absent_from_copy
https://www.companydebt.com/liquidation/alternatives-to-company-liquidation/,/winding-up-petitions/,winding-up petition,anchor_absent_from_copy
https://www.companydebt.com/liquidation/alternatives-to-company-liquidation/,/liquidation/,company liquidation,anchor_absent_from_copy
https://www.companydebt.com/liquidation/alternatives-to-company-liquidation/,/hmrc/cant-pay-vat/,can’t pay VAT,anchor_absent_from_copy
https://www.companydebt.com/liquidation/alternatives-to-company-liquidation/,/hmrc/cant-pay-paye/,can’t pay PAYE,anchor_absent_from_copy
https://www.companydebt.com/liquidation/alternatives-to-company-liquidation/,/hmrc/problems-paying-corporation-tax-hmrc/,can’t pay Corporation Tax,anchor_absent_from_copy
https://www.companydebt.com/liquidation/alternatives-to-company-liquidation/,/liquidation/how-much-does-liquidation-cost/,liquidation costs,anchor_absent_from_copy
https://www.companydebt.com/advice/directors-duties-to-creditors/,/liquidation/,company liquidation,anchor_absent_from_copy
https://www.companydebt.com/advice/directors-duties-to-creditors/,/liquidation/how-much-does-liquidation-cost/,liquidation costs,anchor_absent_from_copy
https://www.companydebt.com/advice/directors-duties-to-creditors/,/director-redundancy/,director redundancy pay,anchor_absent_from_copy
https://www.companydebt.com/advice/directors-duties-to-creditors/,/advice/directors-personal-guarantees/,personal guarantees,anchor_absent_from_copy
https://www.companydebt.com/advice/directors-duties-to-creditors/,/closing-a-limited-company/,close a limited company with debts,anchor_absent_from_copy
https://www.companydebt.com/insolvency/preferential-payments-during-insolvency/,/liquidation/creditors-voluntary-liquidation/,Creditors’ Voluntary Liquidation,anchor_absent_from_copy
https://www.companydebt.com/insolvency/preferential-payments-during-insolvency/,/winding-up-petitions/,winding-up petition,anchor_absent_from_copy
https://www.companydebt.com/insolvency/preferential-payments-during-insolvency/,/liquidation/,company liquidation,anchor_absent_from_copy
https://www.companydebt.com/insolvency/preferential-payments-during-insolvency/,/hmrc/cant-pay-vat/,can’t pay VAT,anchor_absent_from_copy
https://www.companydebt.com/insolvency/preferential-payments-during-insolvency/,/hmrc/cant-pay-paye/,can’t pay PAYE,anchor_absent_from_copy
https://www.companydebt.com/insolvency/preferential-payments-during-insolvency/,/liquidation/how-much-does-liquidation-cost/,liquidation costs,anchor_absent_from_copy
https://www.companydebt.com/insolvency/preferential-payments-during-insolvency/,/director-redundancy/,director redundancy pay,anchor_absent_from_copy
https://www.companydebt.com/company-cash-flow-problems/company-is-having-financial-difficulties/,/liquidation/,company liquidation,anchor_absent_from_copy
https://www.companydebt.com/company-cash-flow-problems/company-is-having-financial-difficulties/,/hmrc/cant-pay-paye/,can’t pay PAYE,anchor_absent_from_copy
https://www.companydebt.com/company-cash-flow-problems/company-is-having-financial-difficulties/,/hmrc/problems-paying-corporation-tax-hmrc/,can’t pay Corporation Tax,anchor_absent_from_copy
https://www.companydebt.com/company-cash-flow-problems/company-is-having-financial-difficulties/,/liquidation/how-much-does-liquidation-cost/,liquidation costs,anchor_absent_from_copy
https://www.companydebt.com/insolvency/insolvent-company-investigations/,/liquidation/creditors-voluntary-liquidation/,Creditors’ Voluntary Liquidation,anchor_absent_from_copy
https://www.companydebt.com/insolvency/insolvent-company-investigations/,/winding-up-petitions/,winding-up petition,anchor_absent_from_copy
https://www.companydebt.com/insolvency/insolvent-company-investigations/,/liquidation/,company liquidation,anchor_absent_from_copy
https://www.companydebt.com/insolvency/insolvent-company-investigations/,/hmrc/cant-pay-vat/,can’t pay VAT,anchor_absent_from_copy
https://www.companydebt.com/insolvency/insolvent-company-investigations/,/hmrc/cant-pay-paye/,can’t pay PAYE,anchor_absent_from_copy
https://www.companydebt.com/insolvency/insolvent-company-investigations/,/hmrc/problems-paying-corporation-tax-hmrc/,can’t pay Corporation Tax,anchor_absent_from_copy
https://www.companydebt.com/insolvency/insolvent-company-investigations/,/liquidation/how-much-does-liquidation-cost/,liquidation costs,anchor_absent_from_copy
https://www.companydebt.com/what-is-a-pre-pack-administration__trashed/advantages-and-disadvantages/,/liquidation/creditors-voluntary-liquidation/,Creditors’ Voluntary Liquidation,anchor_absent_from_copy
https://www.companydebt.com/what-is-a-pre-pack-administration__trashed/advantages-and-disadvantages/,/winding-up-petitions/,winding-up petition,anchor_absent_from_copy
https://www.companydebt.com/what-is-a-pre-pack-administration__trashed/advantages-and-disadvantages/,/liquidation/,company liquidation,anchor_absent_from_copy
https://www.companydebt.com/what-is-a-pre-pack-administration__trashed/advantages-and-disadvantages/,/hmrc/cant-pay-vat/,can’t pay VAT,anchor_absent_from_copy
https://www.companydebt.com/what-is-a-pre-pack-administration__trashed/advantages-and-disadvantages/,/hmrc/cant-pay-paye/,can’t pay PAYE,anchor_absent_from_copy
https://www.companydebt.com/what-is-a-pre-pack-administration__trashed/advantages-and-disadvantages/,/liquidation/how-much-does-liquidation-cost/,liquidation costs,anchor_absent_from_copy
https://www.companydebt.com/what-is-a-pre-pack-administration__trashed/advantages-and-disadvantages/,/director-redundancy/,director redundancy pay,anchor_absent_from_copy
https://www.companydebt.com/advice/get-free-business-debt-advice/,/winding-up-petitions/,winding-up petition,anchor_absent_from_copy
https://www.companydebt.com/advice/get-free-business-debt-advice/,/liquidation/,company liquidation,anchor_absent_from_copy
https://www.companydebt.com/advice/get-free-business-debt-advice/,/liquidation/how-much-does-liquidation-cost/,liquidation costs,anchor_absent_from_copy
https://www.companydebt.com/advice/what-is-a-directors-responsibility-for-accountancy-errors/,/liquidation/creditors-voluntary-liquidation/,Creditors’ Voluntary Liquidation,anchor_absent_from_copy
https://www.companydebt.com/advice/what-is-a-directors-responsibility-for-accountancy-errors/,/winding-up-petitions/,winding-up petition,anchor_absent_from_copy
https://www.companydebt.com/advice/what-is-a-directors-responsibility-for-accountancy-errors/,/liquidation/,company liquidation,anchor_absent_from_copy
https://www.companydebt.com/advice/what-is-a-directors-responsibility-for-accountancy-errors/,/hmrc/cant-pay-vat/,can’t pay VAT,anchor_absent_from_copy
https://www.companydebt.com/advice/what-is-a-directors-responsibility-for-accountancy-errors/,/hmrc/cant-pay-paye/,can’t pay PAYE,anchor_absent_from_copy
https://www.companydebt.com/advice/what-is-a-directors-responsibility-for-accountancy-errors/,/hmrc/problems-paying-corporation-tax-hmrc/,can’t pay Corporation Tax,anchor_absent_from_copy
https://www.companydebt.com/advice/what-is-a-directors-responsibility-for-accountancy-errors/,/liquidation/how-much-does-liquidation-cost/,liquidation costs,anchor_absent_from_copy
https://www.companydebt.com/advice/are-directors-personally-liable-for-company-debts/,/winding-up-petitions/,winding-up petition,anchor_absent_from_copy
https://www.companydebt.com/advice/are-directors-personally-liable-for-company-debts/,/liquidation/,company liquidation,anchor_absent_from_copy
https://www.companydebt.com/advice/are-directors-personally-liable-for-company-debts/,/hmrc/cant-pay-paye/,can’t pay PAYE,anchor_absent_from_copy
https://www.companydebt.com/advice/are-directors-personally-liable-for-company-debts/,/liquidation/how-much-does-liquidation-cost/,liquidation costs,anchor_absent_from_copy
https://www.companydebt.com/advice/are-directors-personally-liable-for-company-debts/,/director-redundancy/,director redundancy pay,anchor_absent_from_copy
https://www.companydebt.com/advice/are-directors-personally-liable-for-company-debts/,/advice/overdrawn-directors-loan-accounts/,overdrawn director’s loan account,anchor_absent_from_copy
https://www.companydebt.com/advice/what-are-a-company-directors-duties-to-avoid-and-disclose-conflicts-of-interest/,/liquidation/creditors-voluntary-liquidation/,Creditors’ Voluntary Liquidation,anchor_absent_from_copy
https://www.companydebt.com/advice/what-are-a-company-directors-duties-to-avoid-and-disclose-conflicts-of-interest/,/winding-up-petitions/,winding-up petition,anchor_absent_from_copy
https://www.companydebt.com/advice/what-are-a-company-directors-duties-to-avoid-and-disclose-conflicts-of-interest/,/liquidation/,company liquidation,anchor_absent_from_copy
https://www.companydebt.com/advice/what-are-a-company-directors-duties-to-avoid-and-disclose-conflicts-of-interest/,/hmrc/cant-pay-vat/,can’t pay VAT,anchor_absent_from_copy
https://www.companydebt.com/advice/what-are-a-company-directors-duties-to-avoid-and-disclose-conflicts-of-interest/,/liquidation/how-much-does-liquidation-cost/,liquidation costs,anchor_absent_from_copy
https://www.companydebt.com/advice/what-are-a-company-directors-duties-to-avoid-and-disclose-conflicts-of-interest/,/director-redundancy/,director redundancy pay,anchor_absent_from_copy
https://www.companydebt.com/advice/what-are-a-company-directors-duties-to-avoid-and-disclose-conflicts-of-interest/,/advice/are-directors-personally-liable-for-company-debts/,directors personally liable for company debts,anchor_absent_from_copy
https://www.companydebt.com/advice/preventing-company-director-disputes/,/liquidation/,company liquidation,anchor_absent_from_copy
https://www.companydebt.com/advice/preventing-company-director-disputes/,/liquidation/how-much-does-liquidation-cost/,liquidation costs,anchor_absent_from_copy
https://www.companydebt.com/advice/preventing-company-director-disputes/,/director-redundancy/,director redundancy pay,anchor_absent_from_copy
https://www.companydebt.com/advice/preventing-company-director-disputes/,/advice/overdrawn-directors-loan-accounts/,overdrawn director’s loan account,anchor_absent_from_copy
https://www.companydebt.com/advice/preventing-company-director-disputes/,/advice/directors-personal-guarantees/,personal guarantees,anchor_absent_from_copy
https://www.companydebt.com/advice/preventing-company-director-disputes/,/closing-a-limited-company/,close a limited company with debts,anchor_absent_from_copy
https://www.companydebt.com/advice/how-to-legally-take-money-out-of-a-limited-company/,/winding-up-petitions/,winding-up petition,anchor_absent_from_copy
https://www.companydebt.com/advice/how-to-legally-take-money-out-of-a-limited-company/,/liquidation/,company liquidation,anchor_absent_from_copy
https://www.companydebt.com/advice/how-to-legally-take-money-out-of-a-limited-company/,/hmrc/cant-pay-vat/,can’t pay VAT,anchor_absent_from_copy
https://www.companydebt.com/advice/how-to-legally-take-money-out-of-a-limited-company/,/hmrc/cant-pay-paye/,can’t pay PAYE,anchor_absent_from_copy
https://www.companydebt.com/advice/how-to-legally-take-money-out-of-a-limited-company/,/hmrc/problems-paying-corporation-tax-hmrc/,can’t pay Corporation Tax,anchor_absent_from_copy
https://www.companydebt.com/advice/how-to-legally-take-money-out-of-a-limited-company/,/liquidation/how-much-does-liquidation-cost/,liquidation costs,anchor_absent_from_copy
https://www.companydebt.com/advice/funding-options-for-smes-in-the-uk/,/liquidation/creditors-voluntary-liquidation/,Creditors’ Voluntary Liquidation,anchor_absent_from_copy
https://www.companydebt.com/advice/funding-options-for-smes-in-the-uk/,/liquidation/,company liquidation,anchor_absent_from_copy
https://www.companydebt.com/advice/funding-options-for-smes-in-the-uk/,/hmrc/cant-pay-vat/,can’t pay VAT,anchor_absent_from_copy
https://www.companydebt.com/advice/funding-options-for-smes-in-the-uk/,/hmrc/cant-pay-paye/,can’t pay PAYE,anchor_absent_from_copy
https://www.companydebt.com/advice/funding-options-for-smes-in-the-uk/,/hmrc/problems-paying-corporation-tax-hmrc/,can’t pay Corporation Tax,anchor_absent_from_copy
https://www.companydebt.com/advice/funding-options-for-smes-in-the-uk/,/liquidation/how-much-does-liquidation-cost/,liquidation costs,anchor_absent_from_copy
https://www.companydebt.com/advice/directors-personal-guarantees/,/liquidation/creditors-voluntary-liquidation/,Creditors’ Voluntary Liquidation,anchor_absent_from_copy
https://www.companydebt.com/advice/directors-personal-guarantees/,/liquidation/how-much-does-liquidation-cost/,liquidation costs,anchor_absent_from_copy
https://www.companydebt.com/advice/directors-personal-guarantees/,/director-redundancy/,director redundancy pay,anchor_absent_from_copy
https://www.companydebt.com/advice/directors-personal-guarantees/,/advice/are-directors-personally-liable-for-company-debts/,directors personally liable for company debts,anchor_absent_from_copy
https://www.companydebt.com/advice/directors-personal-guarantees/,/closing-a-limited-company/,close a limited company with debts,anchor_absent_from_copy
https://www.companydebt.com/advice/directors-personal-guarantees/,/debt-creditor-pressure-hub/,creditor pressure,anchor_absent_from_copy
https://www.companydebt.com/advice/directors-personal-guarantees/,/winding-up-petitions/,winding-up petition,anchor_absent_from_copy
https://www.companydebt.com/advice/,/hmrc/time-to-pay-hmrc/,HMRC Time to Pay arrangement,anchor_absent_from_copy
https://www.companydebt.com/advice/,/hmrc/,HMRC tax debt,anchor_absent_from_copy
https://www.companydebt.com/advice/,/company-rescue-solutions/company-voluntary-arrangement/,Company Voluntary Arrangement,anchor_absent_from_copy
https://www.companydebt.com/advice/,/closing-a-limited-company/,close a limited company with debts,anchor_absent_from_copy
https://www.companydebt.com/advice/,/liquidation/creditors-voluntary-liquidation/,Creditors’ Voluntary Liquidation,anchor_absent_from_copy
https://www.companydebt.com/advice/,/debt-creditor-pressure-hub/,creditor pressure,anchor_absent_from_copy
https://www.companydebt.com/advice/,/winding-up-petitions/,winding-up petition,anchor_absent_from_copy
https://www.companydebt.com/advice/,/advice/are-directors-personally-liable-for-company-debts/,directors personally liable for company debts,anchor_already_linked
https://www.companydebt.com/advice/,/company-rescue-solutions/,company rescue solutions,anchor_absent_from_copy
https://www.companydebt.com/advice/,/company-administration/,company administration,anchor_absent_from_copy
https://www.companydebt.com/insolvency/creditor-negotiations/,/liquidation/,company liquidation,anchor_absent_from_copy
https://www.companydebt.com/insolvency/creditor-negotiations/,/hmrc/cant-pay-vat/,can’t pay VAT,anchor_absent_from_copy
https://www.companydebt.com/insolvency/creditor-negotiations/,/hmrc/cant-pay-paye/,can’t pay PAYE,anchor_absent_from_copy
https://www.companydebt.com/insolvency/creditor-negotiations/,/liquidation/how-much-does-liquidation-cost/,liquidation costs,anchor_absent_from_copy
https://www.companydebt.com/insolvency/creditor-negotiations/,/director-redundancy/,director redundancy pay,anchor_absent_from_copy
https://www.companydebt.com/insolvency/business-recovery-services/,/winding-up-petitions/,winding-up petition,anchor_absent_from_copy
https://www.companydebt.com/insolvency/business-recovery-services/,/liquidation/,company liquidation,anchor_absent_from_copy
https://www.companydebt.com/insolvency/business-recovery-services/,/hmrc/cant-pay-vat/,can’t pay VAT,anchor_absent_from_copy
https://www.companydebt.com/insolvency/business-recovery-services/,/hmrc/cant-pay-paye/,can’t pay PAYE,anchor_absent_from_copy
https://www.companydebt.com/insolvency/business-recovery-services/,/hmrc/problems-paying-corporation-tax-hmrc/,can’t pay Corporation Tax,anchor_absent_from_copy
https://www.companydebt.com/insolvency/business-recovery-services/,/liquidation/how-much-does-liquidation-cost/,liquidation costs,anchor_absent_from_copy
https://www.companydebt.com/insolvency/what-are-the-warning-signs-of-an-insolvent-company/,/liquidation/,company liquidation,anchor_absent_from_copy
https://www.companydebt.com/insolvency/what-are-the-warning-signs-of-an-insolvent-company/,/hmrc/cant-pay-vat/,can’t pay VAT,anchor_absent_from_copy
https://www.companydebt.com/insolvency/what-are-the-warning-signs-of-an-insolvent-company/,/hmrc/cant-pay-paye/,can’t pay PAYE,anchor_absent_from_copy
https://www.companydebt.com/insolvency/what-are-the-warning-signs-of-an-insolvent-company/,/liquidation/how-much-does-liquidation-cost/,liquidation costs,anchor_absent_from_copy
https://www.companydebt.com/insolvency/what-are-the-warning-signs-of-an-insolvent-company/,/director-redundancy/,director redundancy pay,anchor_absent_from_copy
https://www.companydebt.com/insolvency/can-you-sell-your-insolvent-company/,/liquidation/,company liquidation,anchor_absent_from_copy
https://www.companydebt.com/insolvency/can-you-sell-your-insolvent-company/,/liquidation/how-much-does-liquidation-cost/,liquidation costs,anchor_absent_from_copy
https://www.companydebt.com/insolvency/can-you-sell-your-insolvent-company/,/director-redundancy/,director redundancy pay,anchor_absent_from_copy
https://www.companydebt.com/insolvency/can-you-sell-your-insolvent-company/,/advice/overdrawn-directors-loan-accounts/,overdrawn director’s loan account,anchor_absent_from_copy
https://www.companydebt.com/insolvency/can-you-sell-your-insolvent-company/,/advice/directors-personal-guarantees/,personal guarantees,anchor_absent_from_copy
https://www.companydebt.com/insolvency/how-to-save-a-struggling-business/,/liquidation/,company liquidation,anchor_absent_from_copy
https://www.companydebt.com/insolvency/how-to-save-a-struggling-business/,/hmrc/cant-pay-vat/,can’t pay VAT,anchor_absent_from_copy
https://www.companydebt.com/insolvency/how-to-save-a-struggling-business/,/hmrc/cant-pay-paye/,can’t pay PAYE,anchor_absent_from_copy
https://www.companydebt.com/insolvency/how-to-save-a-struggling-business/,/hmrc/problems-paying-corporation-tax-hmrc/,can’t pay Corporation Tax,anchor_absent_from_copy
https://www.companydebt.com/insolvency/how-to-save-a-struggling-business/,/liquidation/how-much-does-liquidation-cost/,liquidation costs,anchor_absent_from_copy
https://www.companydebt.com/insolvency/rescue-your-business-from-insolvency/,/winding-up-petitions/,winding-up petition,anchor_absent_from_copy
https://www.companydebt.com/insolvency/rescue-your-business-from-insolvency/,/liquidation/,company liquidation,anchor_absent_from_copy
https://www.companydebt.com/insolvency/rescue-your-business-from-insolvency/,/hmrc/cant-pay-paye/,can’t pay PAYE,anchor_absent_from_copy
https://www.companydebt.com/insolvency/rescue-your-business-from-insolvency/,/liquidation/how-much-does-liquidation-cost/,liquidation costs,anchor_absent_from_copy
https://www.companydebt.com/insolvency/rescue-your-business-from-insolvency/,/director-redundancy/,director redundancy pay,anchor_absent_from_copy
https://www.companydebt.com/insolvency/what-to-do-about-customer-insolvency/,/liquidation/creditors-voluntary-liquidation/,Creditors’ Voluntary Liquidation,anchor_absent_from_copy
https://www.companydebt.com/insolvency/what-to-do-about-customer-insolvency/,/winding-up-petitions/,winding-up petition,anchor_absent_from_copy
https://www.companydebt.com/insolvency/what-to-do-about-customer-insolvency/,/liquidation/,company liquidation,anchor_absent_from_copy
https://www.companydebt.com/insolvency/what-to-do-about-customer-insolvency/,/hmrc/cant-pay-vat/,can’t pay VAT,anchor_absent_from_copy
https://www.companydebt.com/insolvency/what-to-do-about-customer-insolvency/,/hmrc/cant-pay-paye/,can’t pay PAYE,anchor_absent_from_copy
https://www.companydebt.com/insolvency/what-to-do-about-customer-insolvency/,/liquidation/how-much-does-liquidation-cost/,liquidation costs,anchor_absent_from_copy
https://www.companydebt.com/insolvency/what-to-do-about-customer-insolvency/,/director-redundancy/,director redundancy pay,anchor_absent_from_copy
https://www.companydebt.com/insolvency/how-to-reduce-insolvency-risk/,/liquidation/,company liquidation,anchor_absent_from_copy
https://www.companydebt.com/insolvency/how-to-reduce-insolvency-risk/,/hmrc/cant-pay-vat/,can’t pay VAT,anchor_absent_from_copy
https://www.companydebt.com/insolvency/how-to-reduce-insolvency-risk/,/hmrc/cant-pay-paye/,can’t pay PAYE,anchor_absent_from_copy
https://www.companydebt.com/insolvency/how-to-reduce-insolvency-risk/,/liquidation/how-much-does-liquidation-cost/,liquidation costs,anchor_absent_from_copy
https://www.companydebt.com/insolvency/how-to-reduce-insolvency-risk/,/director-redundancy/,director redundancy pay,anchor_absent_from_copy
https://www.companydebt.com/insolvency/dealing-with-creditor-pressure/,/liquidation/,company liquidation,anchor_absent_from_copy
https://www.companydebt.com/insolvency/dealing-with-creditor-pressure/,/hmrc/cant-pay-vat/,can’t pay VAT,anchor_absent_from_copy
https://www.companydebt.com/insolvency/dealing-with-creditor-pressure/,/hmrc/cant-pay-paye/,can’t pay PAYE,anchor_absent_from_copy
https://www.companydebt.com/insolvency/dealing-with-creditor-pressure/,/hmrc/problems-paying-corporation-tax-hmrc/,can’t pay Corporation Tax,anchor_absent_from_copy
https://www.companydebt.com/insolvency/dealing-with-creditor-pressure/,/liquidation/how-much-does-liquidation-cost/,liquidation costs,anchor_absent_from_copy
https://www.companydebt.com/county-court-judgements/,/liquidation/creditors-voluntary-liquidation/,Creditors’ Voluntary Liquidation,anchor_absent_from_copy
https://www.companydebt.com/county-court-judgements/,/winding-up-petitions/,winding-up petition,anchor_absent_from_copy
https://www.companydebt.com/county-court-judgements/,/liquidation/,company liquidation,anchor_absent_from_copy
https://www.companydebt.com/county-court-judgements/,/hmrc/cant-pay-vat/,can’t pay VAT,anchor_absent_from_copy
https://www.companydebt.com/county-court-judgements/,/hmrc/cant-pay-paye/,can’t pay PAYE,anchor_absent_from_copy
https://www.companydebt.com/county-court-judgements/,/hmrc/problems-paying-corporation-tax-hmrc/,can’t pay Corporation Tax,anchor_absent_from_copy
https://www.companydebt.com/county-court-judgements/,/liquidation/how-much-does-liquidation-cost/,liquidation costs,anchor_absent_from_copy
https://www.companydebt.com/company-cash-flow-problems/what-is-a-statutory-demand-against-a-company/,/liquidation/,company liquidation,anchor_absent_from_copy
https://www.companydebt.com/company-cash-flow-problems/what-is-a-statutory-demand-against-a-company/,/liquidation/how-much-does-liquidation-cost/,liquidation costs,anchor_absent_from_copy
https://www.companydebt.com/company-cash-flow-problems/what-is-a-statutory-demand-against-a-company/,/director-redundancy/,director redundancy pay,anchor_absent_from_copy
https://www.companydebt.com/company-cash-flow-problems/what-is-a-statutory-demand-against-a-company/,/advice/overdrawn-directors-loan-accounts/,overdrawn director’s loan account,anchor_absent_from_copy
https://www.companydebt.com/company-cash-flow-problems/what-is-a-statutory-demand-against-a-company/,/advice/directors-personal-guarantees/,personal guarantees,anchor_absent_from_copy
https://www.companydebt.com/company-cash-flow-problems/what-is-a-statutory-demand-against-a-company/,/closing-a-limited-company/,close a limited company with debts,anchor_absent_from_copy
https://www.companydebt.com/company-cash-flow-problems/cant-afford-to-pay-suppliers-what-are-the-options/,/liquidation/,company liquidation,anchor_absent_from_copy
https://www.companydebt.com/company-cash-flow-problems/cant-afford-to-pay-suppliers-what-are-the-options/,/liquidation/how-much-does-liquidation-cost/,liquidation costs,anchor_absent_from_copy
https://www.companydebt.com/company-cash-flow-problems/cant-afford-to-pay-suppliers-what-are-the-options/,/director-redundancy/,director redundancy pay,anchor_absent_from_copy
https://www.companydebt.com/company-cash-flow-problems/cant-afford-to-pay-suppliers-what-are-the-options/,/advice/overdrawn-directors-loan-accounts/,overdrawn director’s loan account,anchor_absent_from_copy
https://www.companydebt.com/company-cash-flow-problems/why-debt-is-not-always-a-bad-thing-for-your-business/,/winding-up-petitions/,winding-up petition,anchor_absent_from_copy
https://www.companydebt.com/company-cash-flow-problems/why-debt-is-not-always-a-bad-thing-for-your-business/,/liquidation/,company liquidation,anchor_absent_from_copy
https://www.companydebt.com/company-cash-flow-problems/why-debt-is-not-always-a-bad-thing-for-your-business/,/hmrc/cant-pay-vat/,can’t pay VAT,anchor_absent_from_copy
https://www.companydebt.com/company-cash-flow-problems/why-debt-is-not-always-a-bad-thing-for-your-business/,/hmrc/problems-paying-corporation-tax-hmrc/,can’t pay Corporation Tax,anchor_absent_from_copy
https://www.companydebt.com/company-cash-flow-problems/why-debt-is-not-always-a-bad-thing-for-your-business/,/liquidation/how-much-does-liquidation-cost/,liquidation costs,anchor_absent_from_copy
https://www.companydebt.com/hmrc/accelerated-payment-notices-apn/,/liquidation/,company liquidation,anchor_absent_from_copy
https://www.companydebt.com/hmrc/accelerated-payment-notices-apn/,/hmrc/cant-pay-paye/,can’t pay PAYE,anchor_absent_from_copy
https://www.companydebt.com/hmrc/accelerated-payment-notices-apn/,/liquidation/how-much-does-liquidation-cost/,liquidation costs,anchor_absent_from_copy
https://www.companydebt.com/hmrc/accelerated-payment-notices-apn/,/director-redundancy/,director redundancy pay,anchor_absent_from_copy
https://www.companydebt.com/hmrc/accelerated-payment-notices-apn/,/advice/overdrawn-directors-loan-accounts/,overdrawn director’s loan account,anchor_absent_from_copy
https://www.companydebt.com/hmrc/,/hmrc/time-to-pay-hmrc/,Time to Pay arrangement,anchor_already_linked
https://www.companydebt.com/hmrc/,/hmrc/cant-pay-vat/,can’t pay VAT,anchor_already_linked
https://www.companydebt.com/hmrc/,/hmrc/problems-paying-corporation-tax-hmrc/,can’t pay Corporation Tax,anchor_already_linked
https://www.companydebt.com/hmrc/,/hmrc/cant-pay-paye/,can’t pay PAYE,anchor_already_linked
https://www.companydebt.com/hmrc/,/hmrc/hmrc-debt-enforcement-hub/,HMRC debt enforcement,anchor_already_linked
https://www.companydebt.com/hmrc/,/winding-up-petitions/dealing-with-an-hmrc-winding-up-petition/,HMRC winding-up petition,anchor_absent_from_copy
https://www.companydebt.com/insolvency/transactions-at-undervalue/,/liquidation/,company liquidation,anchor_absent_from_copy
https://www.companydebt.com/insolvency/transactions-at-undervalue/,/liquidation/how-much-does-liquidation-cost/,liquidation costs,anchor_absent_from_copy
https://www.companydebt.com/insolvency/transactions-at-undervalue/,/director-redundancy/,director redundancy pay,anchor_absent_from_copy
https://www.companydebt.com/insolvency/transactions-at-undervalue/,/advice/are-directors-personally-liable-for-company-debts/,director personal liability,anchor_already_linked
https://www.companydebt.com/insolvency/transactions-at-undervalue/,/closing-a-limited-company/,close a limited company with debts,anchor_absent_from_copy
https://www.companydebt.com/insolvency/antecedent-transactions/,/liquidation/,company liquidation,anchor_absent_from_copy
https://www.companydebt.com/insolvency/antecedent-transactions/,/hmrc/cant-pay-vat/,can’t pay VAT,anchor_absent_from_copy
https://www.companydebt.com/insolvency/antecedent-transactions/,/hmrc/cant-pay-paye/,can’t pay PAYE,anchor_absent_from_copy
https://www.companydebt.com/insolvency/antecedent-transactions/,/liquidation/how-much-does-liquidation-cost/,liquidation costs,anchor_absent_from_copy
https://www.companydebt.com/insolvency/antecedent-transactions/,/director-redundancy/,director redundancy pay,anchor_absent_from_copy
https://www.companydebt.com/company-rescue-solutions/company-voluntary-arrangement/pros-and-cons/,/liquidation/creditors-voluntary-liquidation/,Creditors’ Voluntary Liquidation,anchor_absent_from_copy
https://www.companydebt.com/company-rescue-solutions/company-voluntary-arrangement/pros-and-cons/,/winding-up-petitions/,winding-up petition,anchor_absent_from_copy
https://www.companydebt.com/company-rescue-solutions/company-voluntary-arrangement/pros-and-cons/,/liquidation/,company liquidation,anchor_absent_from_copy
https://www.companydebt.com/company-rescue-solutions/company-voluntary-arrangement/pros-and-cons/,/hmrc/cant-pay-vat/,can’t pay VAT,anchor_absent_from_copy
https://www.companydebt.com/company-rescue-solutions/company-voluntary-arrangement/pros-and-cons/,/hmrc/cant-pay-paye/,can’t pay PAYE,anchor_absent_from_copy
https://www.companydebt.com/company-rescue-solutions/company-voluntary-arrangement/pros-and-cons/,/liquidation/how-much-does-liquidation-cost/,liquidation costs,anchor_absent_from_copy
https://www.companydebt.com/company-rescue-solutions/company-voluntary-arrangement/pros-and-cons/,/director-redundancy/,director redundancy pay,anchor_absent_from_copy
https://www.companydebt.com/advice/can-a-director-be-made-bankrupt-if-a-business-fails/,/liquidation/creditors-voluntary-liquidation/,Creditors’ Voluntary Liquidation,anchor_absent_from_copy
https://www.companydebt.com/advice/can-a-director-be-made-bankrupt-if-a-business-fails/,/winding-up-petitions/,winding-up petition,anchor_absent_from_copy
https://www.companydebt.com/advice/can-a-director-be-made-bankrupt-if-a-business-fails/,/hmrc/cant-pay-paye/,can’t pay PAYE,anchor_absent_from_copy
https://www.companydebt.com/advice/can-a-director-be-made-bankrupt-if-a-business-fails/,/liquidation/how-much-does-liquidation-cost/,liquidation costs,anchor_absent_from_copy
https://www.companydebt.com/advice/can-a-director-be-made-bankrupt-if-a-business-fails/,/director-redundancy/,director redundancy pay,anchor_absent_from_copy
https://www.companydebt.com/advice/can-a-director-be-made-bankrupt-if-a-business-fails/,/advice/are-directors-personally-liable-for-company-debts/,directors personally liable for company debts,anchor_absent_from_copy
https://www.companydebt.com/winding-up-petitions/dealing-with-an-hmrc-winding-up-petition/,/liquidation/,company liquidation,anchor_absent_from_copy
https://www.companydebt.com/winding-up-petitions/dealing-with-an-hmrc-winding-up-petition/,/hmrc/cant-pay-vat/,can’t pay VAT,anchor_absent_from_copy
https://www.companydebt.com/winding-up-petitions/dealing-with-an-hmrc-winding-up-petition/,/hmrc/cant-pay-paye/,can’t pay PAYE,anchor_absent_from_copy
https://www.companydebt.com/winding-up-petitions/dealing-with-an-hmrc-winding-up-petition/,/liquidation/how-much-does-liquidation-cost/,liquidation costs,anchor_absent_from_copy
https://www.companydebt.com/winding-up-petitions/what-is-a-winding-up-order/,/liquidation/,company liquidation,anchor_absent_from_copy
https://www.companydebt.com/winding-up-petitions/what-is-a-winding-up-order/,/hmrc/cant-pay-paye/,can’t pay PAYE,anchor_absent_from_copy
https://www.companydebt.com/winding-up-petitions/what-is-a-winding-up-order/,/liquidation/how-much-does-liquidation-cost/,CVL costs,placement_forbidden
https://www.companydebt.com/winding-up-petitions/what-is-a-winding-up-order/,/director-redundancy/,director redundancy pay,anchor_absent_from_copy
https://www.companydebt.com/insolvency/what-is-wrongful-trading/,/winding-up-petitions/,winding-up petition,anchor_absent_from_copy
https://www.companydebt.com/insolvency/what-is-wrongful-trading/,/liquidation/,company liquidation,anchor_absent_from_copy
https://www.companydebt.com/insolvency/what-is-wrongful-trading/,/hmrc/cant-pay-vat/,can’t pay VAT,anchor_absent_from_copy
https://www.companydebt.com/insolvency/what-is-wrongful-trading/,/hmrc/cant-pay-paye/,can’t pay PAYE,anchor_absent_from_copy
https://www.companydebt.com/insolvency/what-is-wrongful-trading/,/liquidation/how-much-does-liquidation-cost/,liquidation costs,anchor_absent_from_copy
https://www.companydebt.com/insolvency/what-is-wrongful-trading/,/director-redundancy/,director redundancy pay,anchor_absent_from_copy
https://www.companydebt.com/closing-a-limited-company/,/liquidation/,company liquidation,anchor_already_linked
https://www.companydebt.com/closing-a-limited-company/,/hmrc/cant-pay-vat/,can’t pay VAT,anchor_absent_from_copy
https://www.companydebt.com/closing-a-limited-company/,/hmrc/cant-pay-paye/,can’t pay PAYE,anchor_absent_from_copy
https://www.companydebt.com/advice/directors-disqualification/,/liquidation/creditors-voluntary-liquidation/,Creditors’ Voluntary Liquidation,anchor_absent_from_copy
https://www.companydebt.com/advice/directors-disqualification/,/winding-up-petitions/,winding-up petition,anchor_absent_from_copy
https://www.companydebt.com/advice/directors-disqualification/,/liquidation/,company liquidation,anchor_absent_from_copy
https://www.companydebt.com/advice/directors-disqualification/,/hmrc/cant-pay-vat/,can’t pay VAT,anchor_absent_from_copy
https://www.companydebt.com/advice/directors-disqualification/,/hmrc/cant-pay-paye/,can’t pay PAYE,anchor_absent_from_copy
https://www.companydebt.com/advice/directors-disqualification/,/liquidation/how-much-does-liquidation-cost/,liquidation costs,anchor_absent_from_copy
https://www.companydebt.com/advice/directors-disqualification/,/director-redundancy/,director redundancy pay,anchor_absent_from_copy
https://www.companydebt.com/company-administration/,/liquidation/,company liquidation,anchor_already_linked
https://www.companydebt.com/company-administration/,/hmrc/cant-pay-paye/,can’t pay PAYE,anchor_absent_from_copy
https://www.companydebt.com/company-administration/,/liquidation/how-much-does-liquidation-cost/,liquidation costs,anchor_absent_from_copy
https://www.companydebt.com/company-administration/,/director-redundancy/,director redundancy pay,anchor_absent_from_copy
https://www.companydebt.com/company-administration/,/advice/overdrawn-directors-loan-accounts/,overdrawn director’s loan account,anchor_absent_from_copy
https://www.companydebt.com/liquidation/what-happens-after-company-liquidation/,/liquidation/creditors-voluntary-liquidation/,Creditors’ Voluntary Liquidation,anchor_absent_from_copy
https://www.companydebt.com/liquidation/what-happens-after-company-liquidation/,/winding-up-petitions/,winding-up petition,anchor_absent_from_copy
https://www.companydebt.com/liquidation/what-happens-after-company-liquidation/,/liquidation/,company liquidation,anchor_absent_from_copy
https://www.companydebt.com/liquidation/what-happens-after-company-liquidation/,/hmrc/cant-pay-vat/,can’t pay VAT,anchor_absent_from_copy
https://www.companydebt.com/liquidation/what-happens-after-company-liquidation/,/hmrc/cant-pay-paye/,can’t pay PAYE,anchor_absent_from_copy
https://www.companydebt.com/liquidation/what-happens-after-company-liquidation/,/liquidation/how-much-does-liquidation-cost/,liquidation costs,anchor_absent_from_copy
https://www.companydebt.com/liquidation/what-happens-after-company-liquidation/,/director-redundancy/,director redundancy pay,anchor_absent_from_copy
https://www.companydebt.com/company-cash-flow-problems/cant-pay-business-energy/,/liquidation/,company liquidation,anchor_absent_from_copy
https://www.companydebt.com/company-cash-flow-problems/cant-pay-business-energy/,/hmrc/cant-pay-paye/,can’t pay PAYE,anchor_absent_from_copy
https://www.companydebt.com/company-cash-flow-problems/cant-pay-business-energy/,/hmrc/problems-paying-corporation-tax-hmrc/,can’t pay Corporation Tax,anchor_absent_from_copy
https://www.companydebt.com/company-cash-flow-problems/cant-pay-business-energy/,/liquidation/how-much-does-liquidation-cost/,liquidation costs,anchor_absent_from_copy
https://www.companydebt.com/stressed-directors-guide/,/liquidation/creditors-voluntary-liquidation/,Creditors’ Voluntary Liquidation,anchor_absent_from_copy
https://www.companydebt.com/stressed-directors-guide/,/winding-up-petitions/,winding-up petition,anchor_absent_from_copy
https://www.companydebt.com/advice/writing-off-a-directors-loan-account/,/winding-up-petitions/,winding-up petition,anchor_absent_from_copy
https://www.companydebt.com/advice/writing-off-a-directors-loan-account/,/liquidation/,company liquidation,anchor_absent_from_copy
https://www.companydebt.com/advice/writing-off-a-directors-loan-account/,/hmrc/cant-pay-paye/,can’t pay PAYE,anchor_absent_from_copy
https://www.companydebt.com/advice/writing-off-a-directors-loan-account/,/hmrc/problems-paying-corporation-tax-hmrc/,can’t pay Corporation Tax,anchor_absent_from_copy
https://www.companydebt.com/advice/writing-off-a-directors-loan-account/,/liquidation/how-much-does-liquidation-cost/,liquidation costs,anchor_absent_from_copy
https://www.companydebt.com/advice/writing-off-a-directors-loan-account/,/director-redundancy/,director redundancy pay,anchor_absent_from_copy
https://www.companydebt.com/,/liquidation/creditors-voluntary-liquidation/,Creditors’ Voluntary Liquidation,anchor_absent_from_copy
https://www.companydebt.com/,/winding-up-petitions/,winding-up petition,anchor_absent_from_copy
https://www.companydebt.com/,/liquidation/,company liquidation,anchor_absent_from_copy
https://www.companydebt.com/,/hmrc/cant-pay-vat/,can’t pay VAT,anchor_absent_from_copy
https://www.companydebt.com/,/hmrc/cant-pay-paye/,can’t pay PAYE,anchor_absent_from_copy
https://www.companydebt.com/,/liquidation/how-much-does-liquidation-cost/,liquidation costs,anchor_absent_from_copy
https://www.companydebt.com/express-liquidation/,/liquidation/creditors-voluntary-liquidation/,Creditors’ Voluntary Liquidation,anchor_absent_from_copy
https://www.companydebt.com/express-liquidation/,/winding-up-petitions/,winding-up petition,anchor_absent_from_copy
https://www.companydebt.com/express-liquidation/,/liquidation/,company liquidation,anchor_absent_from_copy
https://www.companydebt.com/express-liquidation/,/hmrc/cant-pay-paye/,can’t pay PAYE,anchor_absent_from_copy
https://www.companydebt.com/insolvency-calculator/,/liquidation/creditors-voluntary-liquidation/,Creditors’ Voluntary Liquidation,anchor_absent_from_copy
https://www.companydebt.com/insolvency-calculator/,/liquidation/how-much-does-liquidation-cost/,liquidation costs,anchor_absent_from_copy
https://www.companydebt.com/bounce-back-loan-support-hub/can-i-lose-my-house-with-a-bounce-back-loan/,/winding-up-petitions/,winding-up petition,anchor_absent_from_copy
https://www.companydebt.com/bounce-back-loan-support-hub/can-i-lose-my-house-with-a-bounce-back-loan/,/liquidation/,company liquidation,anchor_absent_from_copy
https://www.companydebt.com/bounce-back-loan-support-hub/can-i-lose-my-house-with-a-bounce-back-loan/,/hmrc/cant-pay-vat/,can’t pay VAT,anchor_absent_from_copy
https://www.companydebt.com/bounce-back-loan-support-hub/can-i-lose-my-house-with-a-bounce-back-loan/,/hmrc/cant-pay-paye/,can’t pay PAYE,anchor_absent_from_copy
https://www.companydebt.com/bounce-back-loan-support-hub/can-i-lose-my-house-with-a-bounce-back-loan/,/liquidation/how-much-does-liquidation-cost/,liquidation costs,anchor_absent_from_copy
https://www.companydebt.com/bounce-back-loan-support-hub/can-i-lose-my-house-with-a-bounce-back-loan/,/director-redundancy/,director redundancy pay,anchor_absent_from_copy
https://www.companydebt.com/sample-letters/write-off-my-debt/,/liquidation/creditors-voluntary-liquidation/,Creditors’ Voluntary Liquidation,anchor_absent_from_copy
https://www.companydebt.com/sample-letters/write-off-my-debt/,/winding-up-petitions/,winding-up petition,anchor_absent_from_copy
https://www.companydebt.com/sample-letters/write-off-my-debt/,/liquidation/,company liquidation,anchor_absent_from_copy
https://www.companydebt.com/sample-letters/write-off-my-debt/,/liquidation/how-much-does-liquidation-cost/,liquidation costs,anchor_absent_from_copy
https://www.companydebt.com/sample-letters/write-off-my-debt/,/director-redundancy/,director redundancy pay,anchor_absent_from_copy
https://www.companydebt.com/sample-letters/write-off-my-debt/,/advice/are-directors-personally-liable-for-company-debts/,directors personally liable for company debts,anchor_absent_from_copy
https://www.companydebt.com/sample-letters/write-off-my-debt/,/closing-a-limited-company/,close a limited company with debts,anchor_absent_from_copy
https://www.companydebt.com/sample-letters/cease-trading-template/,/winding-up-petitions/,winding-up petition,anchor_absent_from_copy
https://www.companydebt.com/sample-letters/cease-trading-template/,/liquidation/,company liquidation,anchor_absent_from_copy
https://www.companydebt.com/sample-letters/cease-trading-template/,/hmrc/cant-pay-vat/,can’t pay VAT,anchor_absent_from_copy
https://www.companydebt.com/sample-letters/cease-trading-template/,/hmrc/cant-pay-paye/,can’t pay PAYE,anchor_absent_from_copy
https://www.companydebt.com/sample-letters/cease-trading-template/,/hmrc/problems-paying-corporation-tax-hmrc/,can’t pay Corporation Tax,anchor_absent_from_copy
https://www.companydebt.com/sample-letters/cease-trading-template/,/liquidation/how-much-does-liquidation-cost/,liquidation costs,anchor_absent_from_copy
https://www.companydebt.com/sample-letters/,/debt-creditor-pressure-hub/,creditor pressure,anchor_absent_from_copy
https://www.companydebt.com/sample-letters/,/winding-up-petitions/,winding-up petition,anchor_absent_from_copy
https://www.companydebt.com/sample-letters/tell-debt-collector-to-stop-contacting-you/,/liquidation/creditors-voluntary-liquidation/,Creditors’ Voluntary Liquidation,anchor_absent_from_copy
https://www.companydebt.com/sample-letters/tell-debt-collector-to-stop-contacting-you/,/winding-up-petitions/,winding-up petition,anchor_absent_from_copy
https://www.companydebt.com/sample-letters/tell-debt-collector-to-stop-contacting-you/,/liquidation/,company liquidation,anchor_absent_from_copy
https://www.companydebt.com/sample-letters/tell-debt-collector-to-stop-contacting-you/,/hmrc/cant-pay-vat/,can’t pay VAT,anchor_absent_from_copy
https://www.companydebt.com/sample-letters/tell-debt-collector-to-stop-contacting-you/,/hmrc/cant-pay-paye/,can’t pay PAYE,anchor_absent_from_copy
https://www.companydebt.com/sample-letters/tell-debt-collector-to-stop-contacting-you/,/closing-a-limited-company/,close a limited company with debts,anchor_absent_from_copy
https://www.companydebt.com/sample-letters/tell-debt-collector-to-stop-contacting-you/,/debt-creditor-pressure-hub/,creditor pressure,anchor_absent_from_copy
https://www.companydebt.com/sample-letters/i-need-more-information-about-this-debt/,/liquidation/creditors-voluntary-liquidation/,Creditors’ Voluntary Liquidation,anchor_absent_from_copy
https://www.companydebt.com/sample-letters/i-need-more-information-about-this-debt/,/winding-up-petitions/,winding-up petition,anchor_absent_from_copy
https://www.companydebt.com/sample-letters/i-need-more-information-about-this-debt/,/liquidation/,company liquidation,anchor_absent_from_copy
https://www.companydebt.com/sample-letters/i-need-more-information-about-this-debt/,/hmrc/cant-pay-vat/,can’t pay VAT,anchor_absent_from_copy
https://www.companydebt.com/sample-letters/i-need-more-information-about-this-debt/,/hmrc/cant-pay-paye/,can’t pay PAYE,anchor_absent_from_copy
https://www.companydebt.com/sample-letters/i-need-more-information-about-this-debt/,/hmrc/problems-paying-corporation-tax-hmrc/,can’t pay Corporation Tax,anchor_absent_from_copy
https://www.companydebt.com/sample-letters/i-need-more-information-about-this-debt/,/closing-a-limited-company/,close a limited company with debts,anchor_absent_from_copy
https://www.companydebt.com/sample-letters/request-a-reduced-monthly-payment/,/closing-a-limited-company/,close a limited company with debts,anchor_absent_from_copy
https://www.companydebt.com/sample-letters/request-a-reduced-monthly-payment/,/liquidation/creditors-voluntary-liquidation/,Creditors’ Voluntary Liquidation,anchor_absent_from_copy
https://www.companydebt.com/sample-letters/request-a-reduced-monthly-payment/,/winding-up-petitions/,winding-up petition,anchor_absent_from_copy
https://www.companydebt.com/sample-letters/request-a-reduced-monthly-payment/,/advice/are-directors-personally-liable-for-company-debts/,director personal liability,anchor_absent_from_copy
https://www.companydebt.com/sample-letters/request-a-reduced-monthly-payment/,/company-rescue-solutions/company-voluntary-arrangement/,Company Voluntary Arrangement,anchor_absent_from_copy
https://www.companydebt.com/sample-letters/i-cannot-afford-to-repay-my-debt/,/liquidation/creditors-voluntary-liquidation/,Creditors’ Voluntary Liquidation,anchor_absent_from_copy
https://www.companydebt.com/sample-letters/i-cannot-afford-to-repay-my-debt/,/winding-up-petitions/,winding-up petition,anchor_absent_from_copy
https://www.companydebt.com/sample-letters/i-cannot-afford-to-repay-my-debt/,/liquidation/,company liquidation,anchor_absent_from_copy
https://www.companydebt.com/sample-letters/i-cannot-afford-to-repay-my-debt/,/hmrc/cant-pay-paye/,can’t pay PAYE,anchor_absent_from_copy
https://www.companydebt.com/sample-letters/i-cannot-afford-to-repay-my-debt/,/liquidation/how-much-does-liquidation-cost/,liquidation costs,anchor_absent_from_copy
https://www.companydebt.com/sample-letters/i-cannot-afford-to-repay-my-debt/,/director-redundancy/,director redundancy pay,anchor_absent_from_copy
https://www.companydebt.com/sample-letters/i-cannot-afford-to-repay-my-debt/,/advice/are-directors-personally-liable-for-company-debts/,directors personally liable for company debts,anchor_absent_from_copy
https://www.companydebt.com/sample-letters/hold-action-on-my-account/,/liquidation/creditors-voluntary-liquidation/,Creditors’ Voluntary Liquidation,anchor_absent_from_copy
https://www.companydebt.com/sample-letters/hold-action-on-my-account/,/winding-up-petitions/,winding-up petition,anchor_absent_from_copy
https://www.companydebt.com/sample-letters/hold-action-on-my-account/,/liquidation/,company liquidation,anchor_absent_from_copy
https://www.companydebt.com/sample-letters/hold-action-on-my-account/,/hmrc/cant-pay-paye/,can’t pay PAYE,anchor_absent_from_copy
https://www.companydebt.com/sample-letters/hold-action-on-my-account/,/closing-a-limited-company/,close a limited company with debts,anchor_absent_from_copy
https://www.companydebt.com/sample-letters/hold-action-on-my-account/,/debt-creditor-pressure-hub/,creditor pressure,anchor_absent_from_copy
https://www.companydebt.com/sample-letters/hold-action-on-my-account/,/advice/are-directors-personally-liable-for-company-debts/,director personal liability,anchor_absent_from_copy
https://www.companydebt.com/sample-letters/i-have-no-knowledge-of-this-debt/,/liquidation/creditors-voluntary-liquidation/,Creditors’ Voluntary Liquidation,anchor_absent_from_copy
https://www.companydebt.com/sample-letters/i-have-no-knowledge-of-this-debt/,/winding-up-petitions/,winding-up petition,anchor_absent_from_copy
https://www.companydebt.com/sample-letters/i-have-no-knowledge-of-this-debt/,/liquidation/,company liquidation,anchor_absent_from_copy
https://www.companydebt.com/sample-letters/i-have-no-knowledge-of-this-debt/,/hmrc/cant-pay-paye/,can’t pay PAYE,anchor_absent_from_copy
https://www.companydebt.com/sample-letters/i-have-no-knowledge-of-this-debt/,/closing-a-limited-company/,close a limited company with debts,anchor_absent_from_copy
https://www.companydebt.com/sample-letters/i-have-no-knowledge-of-this-debt/,/debt-creditor-pressure-hub/,creditor pressure,anchor_absent_from_copy
https://www.companydebt.com/sample-letters/i-have-no-knowledge-of-this-debt/,/advice/are-directors-personally-liable-for-company-debts/,director personal liability,anchor_absent_from_copy
https://www.companydebt.com/insolvency/find-a-liquidator-near-me/,/winding-up-petitions/,winding-up petition,anchor_absent_from_copy
https://www.companydebt.com/insolvency/find-a-liquidator-near-me/,/liquidation/,company liquidation,anchor_absent_from_copy
https://www.companydebt.com/insolvency/find-a-liquidator-near-me/,/hmrc/cant-pay-paye/,can’t pay PAYE,anchor_absent_from_copy
https://www.companydebt.com/insolvency/find-a-liquidator-near-me/,/liquidation/how-much-does-liquidation-cost/,liquidation costs,anchor_absent_from_copy
https://www.companydebt.com/insolvency/find-a-liquidator-near-me/,/director-redundancy/,director redundancy pay,anchor_absent_from_copy
https://www.companydebt.com/insolvency/find-a-liquidator-near-me/,/advice/overdrawn-directors-loan-accounts/,overdrawn director’s loan account,anchor_absent_from_copy
https://www.companydebt.com/advice/what-is-the-companies-act-2006/,/liquidation/creditors-voluntary-liquidation/,Creditors’ Voluntary Liquidation,anchor_absent_from_copy
https://www.companydebt.com/advice/what-is-the-companies-act-2006/,/winding-up-petitions/,winding-up petition,anchor_absent_from_copy
https://www.companydebt.com/advice/what-is-the-companies-act-2006/,/liquidation/,company liquidation,anchor_absent_from_copy
https://www.companydebt.com/advice/what-is-the-companies-act-2006/,/hmrc/cant-pay-vat/,can’t pay VAT,anchor_absent_from_copy
https://www.companydebt.com/advice/what-is-the-companies-act-2006/,/liquidation/how-much-does-liquidation-cost/,liquidation costs,anchor_absent_from_copy
https://www.companydebt.com/advice/what-is-the-companies-act-2006/,/director-redundancy/,director redundancy pay,anchor_absent_from_copy
https://www.companydebt.com/advice/what-is-the-companies-act-2006/,/advice/are-directors-personally-liable-for-company-debts/,directors personally liable for company debts,anchor_absent_from_copy
https://www.companydebt.com/bounce-back-loan-support-hub/cant-pay-coronavirus-business-interruption-loan-cbils/,/liquidation/creditors-voluntary-liquidation/,Creditors’ Voluntary Liquidation,anchor_absent_from_copy
https://www.companydebt.com/bounce-back-loan-support-hub/cant-pay-coronavirus-business-interruption-loan-cbils/,/winding-up-petitions/,winding-up petition,anchor_absent_from_copy
https://www.companydebt.com/bounce-back-loan-support-hub/cant-pay-coronavirus-business-interruption-loan-cbils/,/liquidation/,company liquidation,anchor_absent_from_copy
https://www.companydebt.com/bounce-back-loan-support-hub/cant-pay-coronavirus-business-interruption-loan-cbils/,/hmrc/cant-pay-vat/,can’t pay VAT,anchor_absent_from_copy
https://www.companydebt.com/advice/personal-liability-for-cbils-loans/,/liquidation/creditors-voluntary-liquidation/,Creditors’ Voluntary Liquidation,anchor_absent_from_copy
https://www.companydebt.com/advice/personal-liability-for-cbils-loans/,/winding-up-petitions/,winding-up petition,anchor_absent_from_copy
https://www.companydebt.com/advice/personal-liability-for-cbils-loans/,/liquidation/,company liquidation,anchor_absent_from_copy
https://www.companydebt.com/advice/personal-liability-for-cbils-loans/,/hmrc/cant-pay-vat/,can’t pay VAT,anchor_absent_from_copy
https://www.companydebt.com/insolvency/creditors-meeting/,/winding-up-petitions/,winding-up petition,placement_forbidden
https://www.companydebt.com/insolvency/creditors-meeting/,/liquidation/,company liquidation,anchor_absent_from_copy
https://www.companydebt.com/insolvency/creditors-meeting/,/hmrc/cant-pay-vat/,can’t pay VAT,anchor_absent_from_copy
https://www.companydebt.com/insolvency/creditors-meeting/,/hmrc/cant-pay-paye/,can’t pay PAYE,anchor_absent_from_copy
https://www.companydebt.com/insolvency/creditors-meeting/,/liquidation/how-much-does-liquidation-cost/,liquidation costs,anchor_absent_from_copy
https://www.companydebt.com/insolvency/creditors-meeting/,/director-redundancy/,director redundancy pay,anchor_absent_from_copy
https://www.companydebt.com/charge-out-rates/,/advice/are-directors-personally-liable-for-company-debts/,directors personally liable for company debts,anchor_absent_from_copy
https://www.companydebt.com/charge-out-rates/,/advice/directors-personal-guarantees/,directors’ personal guarantees,anchor_absent_from_copy
https://www.companydebt.com/legal/,/hmrc/time-to-pay-hmrc/,HMRC Time to Pay arrangement,anchor_absent_from_copy
https://www.companydebt.com/legal/,/hmrc/,HMRC tax debt,anchor_absent_from_copy
https://www.companydebt.com/complaints-procedure/,/insolvency/,company insolvency,anchor_absent_from_copy
https://www.companydebt.com/complaints-procedure/,/insolvency/check-if-a-company-is-insolvent/,check if a company is insolvent,anchor_absent_from_copy
https://www.companydebt.com/insolvency/creditors-guides-to-insolvency-practitioners-fees/,/winding-up-petitions/,winding-up petition,anchor_absent_from_copy
https://www.companydebt.com/insolvency/creditors-guides-to-insolvency-practitioners-fees/,/liquidation/,company liquidation,anchor_absent_from_copy
https://www.companydebt.com/insolvency/creditors-guides-to-insolvency-practitioners-fees/,/hmrc/cant-pay-vat/,can’t pay VAT,anchor_absent_from_copy
https://www.companydebt.com/insolvency/creditors-guides-to-insolvency-practitioners-fees/,/liquidation/how-much-does-liquidation-cost/,liquidation costs,anchor_absent_from_copy
https://www.companydebt.com/insolvency/creditors-guides-to-insolvency-practitioners-fees/,/director-redundancy/,director redundancy pay,anchor_absent_from_copy
https://www.companydebt.com/insolvency/creditors-guides-to-insolvency-practitioners-fees/,/advice/overdrawn-directors-loan-accounts/,overdrawn director’s loan account,anchor_absent_from_copy
https://www.companydebt.com/insolvency/insolvency-act-1986/,/liquidation/,company liquidation,anchor_absent_from_copy
https://www.companydebt.com/insolvency/insolvency-act-1986/,/hmrc/cant-pay-vat/,can’t pay VAT,anchor_absent_from_copy
https://www.companydebt.com/insolvency/insolvency-act-1986/,/hmrc/cant-pay-paye/,can’t pay PAYE,anchor_absent_from_copy
https://www.companydebt.com/insolvency/insolvency-act-1986/,/hmrc/problems-paying-corporation-tax-hmrc/,can’t pay Corporation Tax,anchor_absent_from_copy
https://www.companydebt.com/insolvency/insolvency-act-1986/,/liquidation/how-much-does-liquidation-cost/,liquidation costs,anchor_absent_from_copy
https://www.companydebt.com/insolvency/what-is-the-insolvency-service/,/liquidation/creditors-voluntary-liquidation/,Creditors’ Voluntary Liquidation,anchor_absent_from_copy
https://www.companydebt.com/insolvency/what-is-the-insolvency-service/,/winding-up-petitions/,winding-up petition,anchor_absent_from_copy
https://www.companydebt.com/insolvency/what-is-the-insolvency-service/,/liquidation/,company liquidation,anchor_absent_from_copy
https://www.companydebt.com/insolvency/what-is-the-insolvency-service/,/hmrc/cant-pay-vat/,can’t pay VAT,anchor_absent_from_copy
https://www.companydebt.com/insolvency/what-is-the-insolvency-service/,/liquidation/how-much-does-liquidation-cost/,liquidation costs,anchor_absent_from_copy
https://www.companydebt.com/insolvency/what-is-the-insolvency-service/,/director-redundancy/,director redundancy pay,anchor_absent_from_copy
https://www.companydebt.com/insolvency/what-is-the-insolvency-service/,/advice/overdrawn-directors-loan-accounts/,overdrawn director’s loan account,anchor_absent_from_copy
https://www.companydebt.com/liquidation/creditors-voluntary-liquidation/,/liquidation/,company liquidation,anchor_already_linked
https://www.companydebt.com/liquidation/creditors-voluntary-liquidation/,/hmrc/cant-pay-vat/,can’t pay VAT,anchor_absent_from_copy
https://www.companydebt.com/liquidation/creditors-voluntary-liquidation/,/hmrc/cant-pay-paye/,can’t pay PAYE,anchor_absent_from_copy
https://www.companydebt.com/liquidation/creditors-voluntary-liquidation/,/liquidation/how-much-does-liquidation-cost/,liquidation costs,anchor_already_linked
https://www.companydebt.com/liquidation/creditors-voluntary-liquidation/,/director-redundancy/,director redundancy pay,anchor_absent_from_copy
https://www.companydebt.com/insolvency/what-is-a-creditor/,/winding-up-petitions/,winding-up petition,anchor_absent_from_copy
https://www.companydebt.com/insolvency/what-is-a-creditor/,/liquidation/,company liquidation,anchor_absent_from_copy
https://www.companydebt.com/insolvency/what-is-a-creditor/,/hmrc/cant-pay-vat/,can’t pay VAT,anchor_absent_from_copy
https://www.companydebt.com/insolvency/what-is-a-creditor/,/hmrc/cant-pay-paye/,can’t pay PAYE,anchor_absent_from_copy
https://www.companydebt.com/insolvency/what-is-a-creditor/,/hmrc/problems-paying-corporation-tax-hmrc/,can’t pay Corporation Tax,anchor_absent_from_copy
https://www.companydebt.com/insolvency/what-is-a-creditor/,/liquidation/how-much-does-liquidation-cost/,liquidation costs,anchor_absent_from_copy
https://www.companydebt.com/bounce-back-loan-support-hub/bounce-back-loan-fraud/,/winding-up-petitions/,winding-up petition,anchor_absent_from_copy
https://www.companydebt.com/bounce-back-loan-support-hub/bounce-back-loan-fraud/,/liquidation/,company liquidation,anchor_absent_from_copy
https://www.companydebt.com/bounce-back-loan-support-hub/bounce-back-loan-fraud/,/hmrc/cant-pay-vat/,can’t pay VAT,anchor_absent_from_copy
https://www.companydebt.com/bounce-back-loan-support-hub/bounce-back-loan-fraud/,/hmrc/cant-pay-paye/,can’t pay PAYE,anchor_absent_from_copy
https://www.companydebt.com/bounce-back-loan-support-hub/bounce-back-loan-fraud/,/liquidation/how-much-does-liquidation-cost/,liquidation costs,anchor_absent_from_copy
https://www.companydebt.com/bounce-back-loan-support-hub/bounce-back-loan-fraud/,/director-redundancy/,director redundancy pay,anchor_absent_from_copy
https://www.companydebt.com/liquidation/what-happens-to-directors-in-liquidation/,/liquidation/creditors-voluntary-liquidation/,CVL,anchor_already_linked
https://www.companydebt.com/liquidation/what-happens-to-directors-in-liquidation/,/winding-up-petitions/,winding-up petition,anchor_absent_from_copy
https://www.companydebt.com/liquidation/what-happens-to-directors-in-liquidation/,/liquidation/,company liquidation,anchor_already_linked
https://www.companydebt.com/liquidation/what-happens-to-directors-in-liquidation/,/hmrc/cant-pay-vat/,can’t pay VAT,anchor_absent_from_copy
https://www.companydebt.com/liquidation/what-happens-to-directors-in-liquidation/,/hmrc/cant-pay-paye/,can’t pay PAYE,anchor_absent_from_copy
https://www.companydebt.com/liquidation/what-happens-to-directors-in-liquidation/,/liquidation/how-much-does-liquidation-cost/,liquidation costs,anchor_absent_from_copy
https://www.companydebt.com/liquidation/what-happens-to-directors-in-liquidation/,/director-redundancy/,director redundancy pay,anchor_absent_from_copy
https://www.companydebt.com/company-cash-flow-problems/cant-pay-staff-wages/,/winding-up-petitions/,winding-up petition,anchor_absent_from_copy
https://www.companydebt.com/company-cash-flow-problems/cant-pay-staff-wages/,/liquidation/,company liquidation,anchor_absent_from_copy
https://www.companydebt.com/company-cash-flow-problems/cant-pay-staff-wages/,/hmrc/cant-pay-vat/,can’t pay VAT,anchor_absent_from_copy
https://www.companydebt.com/company-cash-flow-problems/cant-pay-staff-wages/,/liquidation/how-much-does-liquidation-cost/,liquidation costs,anchor_absent_from_copy
https://www.companydebt.com/company-cash-flow-problems/cant-pay-staff-wages/,/director-redundancy/,director redundancy pay,anchor_absent_from_copy
https://www.companydebt.com/company-cash-flow-problems/cant-afford-to-repay-business-loan/,/liquidation/,company liquidation,anchor_absent_from_copy
https://www.companydebt.com/company-cash-flow-problems/cant-afford-to-repay-business-loan/,/hmrc/cant-pay-vat/,can’t pay VAT,anchor_absent_from_copy
https://www.companydebt.com/company-cash-flow-problems/cant-afford-to-repay-business-loan/,/hmrc/cant-pay-paye/,can’t pay PAYE,anchor_absent_from_copy
https://www.companydebt.com/company-cash-flow-problems/cant-afford-to-repay-business-loan/,/liquidation/how-much-does-liquidation-cost/,liquidation costs,anchor_absent_from_copy
https://www.companydebt.com/company-cash-flow-problems/cant-afford-to-repay-business-loan/,/director-redundancy/,director redundancy pay,anchor_absent_from_copy
https://www.companydebt.com/bounce-back-loan-support-hub/,/liquidation/can-i-liquidate-my-company-with-a-bounce-back-loan/,liquidate a company with a Bounce Back Loan,anchor_absent_from_copy
https://www.companydebt.com/bounce-back-loan-support-hub/,/bounce-back-loan-support-hub/what-happens-if-i-default/,default on a Bounce Back Loan,anchor_already_linked
https://www.companydebt.com/bounce-back-loan-support-hub/,/bounce-back-loan-support-hub/directors-liability-for-bounce-back-loans/,directors’ liability for Bounce Back Loans,anchor_already_linked
https://www.companydebt.com/bounce-back-loan-support-hub/,/bounce-back-loan-support-hub/dissolving-a-company-with-bounce-back-loan/,dissolve a company with a Bounce Back Loan,anchor_already_linked
https://www.companydebt.com/bounce-back-loan-support-hub/,/liquidation/creditors-voluntary-liquidation/,Creditors’ Voluntary Liquidation,anchor_absent_from_copy
https://www.companydebt.com/bounce-back-loan-support-hub/dissolving-a-company-with-bounce-back-loan/,/liquidation/,company liquidation,anchor_absent_from_copy
https://www.companydebt.com/bounce-back-loan-support-hub/dissolving-a-company-with-bounce-back-loan/,/liquidation/how-much-does-liquidation-cost/,liquidation costs,anchor_absent_from_copy
https://www.companydebt.com/bounce-back-loan-support-hub/dissolving-a-company-with-bounce-back-loan/,/director-redundancy/,director redundancy pay,anchor_absent_from_copy
https://www.companydebt.com/bounce-back-loan-support-hub/dissolving-a-company-with-bounce-back-loan/,/advice/overdrawn-directors-loan-accounts/,overdrawn director’s loan account,anchor_absent_from_copy
https://www.companydebt.com/bounce-back-loan-support-hub/dissolving-a-company-with-bounce-back-loan/,/closing-a-limited-company/,close a limited company with debts,anchor_absent_from_copy
https://www.companydebt.com/bounce-back-loan-support-hub/what-happens-if-i-default/,/liquidation/,company liquidation,anchor_absent_from_copy
https://www.companydebt.com/bounce-back-loan-support-hub/what-happens-if-i-default/,/liquidation/how-much-does-liquidation-cost/,liquidation costs,anchor_absent_from_copy
https://www.companydebt.com/bounce-back-loan-support-hub/what-happens-if-i-default/,/director-redundancy/,director redundancy pay,anchor_absent_from_copy
https://www.companydebt.com/bounce-back-loan-support-hub/what-happens-if-i-default/,/advice/overdrawn-directors-loan-accounts/,overdrawn director’s loan account,anchor_absent_from_copy
https://www.companydebt.com/bounce-back-loan-support-hub/what-happens-if-i-default/,/advice/directors-personal-guarantees/,personal guarantees,anchor_absent_from_copy
https://www.companydebt.com/bounce-back-loan-support-hub/what-happens-if-i-default/,/closing-a-limited-company/,close a limited company with debts,anchor_absent_from_copy
https://www.companydebt.com/bounce-back-loan-support-hub/directors-liability-for-bounce-back-loans/,/liquidation/,company liquidation,anchor_absent_from_copy
https://www.companydebt.com/bounce-back-loan-support-hub/directors-liability-for-bounce-back-loans/,/hmrc/cant-pay-vat/,can’t pay VAT,anchor_absent_from_copy
https://www.companydebt.com/bounce-back-loan-support-hub/directors-liability-for-bounce-back-loans/,/liquidation/how-much-does-liquidation-cost/,liquidation costs,anchor_absent_from_copy
https://www.companydebt.com/bounce-back-loan-support-hub/directors-liability-for-bounce-back-loans/,/director-redundancy/,director redundancy pay,anchor_absent_from_copy
https://www.companydebt.com/bounce-back-loan-support-hub/directors-liability-for-bounce-back-loans/,/advice/overdrawn-directors-loan-accounts/,overdrawn director’s loan account,anchor_absent_from_copy
https://www.companydebt.com/advice/unenforceable-personal-guarantee/,/liquidation/creditors-voluntary-liquidation/,Creditors’ Voluntary Liquidation,anchor_absent_from_copy
https://www.companydebt.com/advice/unenforceable-personal-guarantee/,/liquidation/how-much-does-liquidation-cost/,liquidation costs,anchor_absent_from_copy
https://www.companydebt.com/advice/unenforceable-personal-guarantee/,/director-redundancy/,director redundancy pay,anchor_absent_from_copy
https://www.companydebt.com/advice/unenforceable-personal-guarantee/,/advice/are-directors-personally-liable-for-company-debts/,directors personally liable for company debts,anchor_absent_from_copy
https://www.companydebt.com/advice/unenforceable-personal-guarantee/,/closing-a-limited-company/,close a limited company with debts,anchor_absent_from_copy
https://www.companydebt.com/advice/unenforceable-personal-guarantee/,/debt-creditor-pressure-hub/,creditor pressure,anchor_absent_from_copy
https://www.companydebt.com/advice/unenforceable-personal-guarantee/,/winding-up-petitions/,winding-up petition,anchor_absent_from_copy
https://www.companydebt.com/insolvency/what-happens-if-a-company-cannot-pay-its-debts/,/liquidation/,company liquidation,anchor_absent_from_copy
https://www.companydebt.com/insolvency/what-happens-if-a-company-cannot-pay-its-debts/,/hmrc/cant-pay-vat/,can’t pay VAT,anchor_absent_from_copy
https://www.companydebt.com/insolvency/what-happens-if-a-company-cannot-pay-its-debts/,/hmrc/cant-pay-paye/,can’t pay PAYE,anchor_absent_from_copy
https://www.companydebt.com/insolvency/what-happens-if-a-company-cannot-pay-its-debts/,/liquidation/how-much-does-liquidation-cost/,liquidation costs,anchor_absent_from_copy
https://www.companydebt.com/insolvency/what-happens-if-a-company-cannot-pay-its-debts/,/director-redundancy/,director redundancy pay,anchor_absent_from_copy
https://www.companydebt.com/advice/can-personal-assets-of-directors-be-seized-from-a-ltd-company/,/liquidation/creditors-voluntary-liquidation/,Creditors’ Voluntary Liquidation,anchor_absent_from_copy
https://www.companydebt.com/advice/can-personal-assets-of-directors-be-seized-from-a-ltd-company/,/winding-up-petitions/,winding-up petition,anchor_absent_from_copy
https://www.companydebt.com/advice/can-personal-assets-of-directors-be-seized-from-a-ltd-company/,/liquidation/,company liquidation,anchor_absent_from_copy
https://www.companydebt.com/advice/can-personal-assets-of-directors-be-seized-from-a-ltd-company/,/hmrc/cant-pay-paye/,can’t pay PAYE,anchor_absent_from_copy
https://www.companydebt.com/advice/can-personal-assets-of-directors-be-seized-from-a-ltd-company/,/liquidation/how-much-does-liquidation-cost/,liquidation costs,anchor_absent_from_copy
https://www.companydebt.com/advice/can-personal-assets-of-directors-be-seized-from-a-ltd-company/,/director-redundancy/,director redundancy pay,anchor_absent_from_copy
https://www.companydebt.com/advice/can-personal-assets-of-directors-be-seized-from-a-ltd-company/,/advice/are-directors-personally-liable-for-company-debts/,directors personally liable for company debts,anchor_absent_from_copy
https://www.companydebt.com/insolvency/what-is-a-high-court-writ/,/liquidation/,company liquidation,anchor_absent_from_copy
https://www.companydebt.com/insolvency/what-is-a-high-court-writ/,/liquidation/how-much-does-liquidation-cost/,liquidation costs,anchor_absent_from_copy
https://www.companydebt.com/insolvency/what-is-a-high-court-writ/,/director-redundancy/,director redundancy pay,anchor_absent_from_copy
https://www.companydebt.com/insolvency/what-is-a-high-court-writ/,/advice/overdrawn-directors-loan-accounts/,overdrawn director’s loan account,anchor_absent_from_copy
https://www.companydebt.com/insolvency/what-is-a-high-court-writ/,/advice/directors-personal-guarantees/,personal guarantees,anchor_absent_from_copy
https://www.companydebt.com/advice/losing-house-if-company-goes-bust/,/liquidation/creditors-voluntary-liquidation/,Creditors’ Voluntary Liquidation,anchor_absent_from_copy
https://www.companydebt.com/advice/losing-house-if-company-goes-bust/,/winding-up-petitions/,winding-up petition,anchor_absent_from_copy
https://www.companydebt.com/advice/losing-house-if-company-goes-bust/,/liquidation/,company liquidation,anchor_absent_from_copy
https://www.companydebt.com/advice/losing-house-if-company-goes-bust/,/hmrc/cant-pay-vat/,can’t pay VAT,anchor_absent_from_copy
https://www.companydebt.com/advice/losing-house-if-company-goes-bust/,/hmrc/cant-pay-paye/,can’t pay PAYE,anchor_absent_from_copy
https://www.companydebt.com/advice/losing-house-if-company-goes-bust/,/hmrc/problems-paying-corporation-tax-hmrc/,can’t pay Corporation Tax,anchor_absent_from_copy
https://www.companydebt.com/advice/losing-house-if-company-goes-bust/,/liquidation/how-much-does-liquidation-cost/,liquidation costs,anchor_absent_from_copy
https://www.companydebt.com/company-cash-flow-problems/cant-pay-a-commercial-lease-or-rent/,/liquidation/,company liquidation,anchor_absent_from_copy
https://www.companydebt.com/company-cash-flow-problems/cant-pay-a-commercial-lease-or-rent/,/hmrc/cant-pay-paye/,can’t pay PAYE,anchor_absent_from_copy
https://www.companydebt.com/company-cash-flow-problems/cant-pay-a-commercial-lease-or-rent/,/liquidation/how-much-does-liquidation-cost/,liquidation costs,anchor_absent_from_copy
https://www.companydebt.com/company-cash-flow-problems/cant-pay-a-commercial-lease-or-rent/,/director-redundancy/,director redundancy pay,anchor_absent_from_copy
https://www.companydebt.com/company-cash-flow-problems/cant-pay-a-commercial-lease-or-rent/,/advice/overdrawn-directors-loan-accounts/,overdrawn director’s loan account,anchor_absent_from_copy
https://www.companydebt.com/advice/business-restructuring/,/liquidation/,company liquidation,anchor_absent_from_copy
https://www.companydebt.com/advice/business-restructuring/,/liquidation/how-much-does-liquidation-cost/,liquidation costs,anchor_absent_from_copy
https://www.companydebt.com/advice/business-restructuring/,/director-redundancy/,director redundancy pay,anchor_absent_from_copy
https://www.companydebt.com/advice/business-restructuring/,/advice/overdrawn-directors-loan-accounts/,overdrawn director’s loan account,anchor_absent_from_copy
https://www.companydebt.com/advice/business-restructuring/,/advice/directors-personal-guarantees/,personal guarantees,anchor_absent_from_copy
https://www.companydebt.com/insolvency/lpa-receivership/,/liquidation/creditors-voluntary-liquidation/,Creditors’ Voluntary Liquidation,anchor_absent_from_copy
https://www.companydebt.com/insolvency/lpa-receivership/,/winding-up-petitions/,winding-up petition,anchor_absent_from_copy
https://www.companydebt.com/insolvency/lpa-receivership/,/liquidation/,company liquidation,anchor_absent_from_copy
https://www.companydebt.com/insolvency/lpa-receivership/,/hmrc/cant-pay-vat/,can’t pay VAT,anchor_absent_from_copy
https://www.companydebt.com/insolvency/lpa-receivership/,/liquidation/how-much-does-liquidation-cost/,liquidation costs,anchor_absent_from_copy
https://www.companydebt.com/insolvency/lpa-receivership/,/director-redundancy/,director redundancy pay,anchor_absent_from_copy
https://www.companydebt.com/insolvency/lpa-receivership/,/advice/are-directors-personally-liable-for-company-debts/,directors personally liable for company debts,anchor_absent_from_copy
https://www.companydebt.com/hmrc/corporation-tax-penalties/,/liquidation/creditors-voluntary-liquidation/,Creditors’ Voluntary Liquidation,anchor_absent_from_copy
https://www.companydebt.com/hmrc/corporation-tax-penalties/,/liquidation/,company liquidation,anchor_absent_from_copy
https://www.companydebt.com/hmrc/corporation-tax-penalties/,/hmrc/cant-pay-paye/,can’t pay PAYE,anchor_absent_from_copy
https://www.companydebt.com/hmrc/corporation-tax-penalties/,/hmrc/problems-paying-corporation-tax-hmrc/,can’t pay Corporation Tax,anchor_absent_from_copy
https://www.companydebt.com/hmrc/corporation-tax-penalties/,/liquidation/how-much-does-liquidation-cost/,liquidation costs,anchor_absent_from_copy
https://www.companydebt.com/hmrc/corporation-tax-penalties/,/director-redundancy/,director redundancy pay,anchor_absent_from_copy
https://www.companydebt.com/insolvency/personally-liabilty-of-company-secretary/,/liquidation/creditors-voluntary-liquidation/,Creditors’ Voluntary Liquidation,anchor_absent_from_copy
https://www.companydebt.com/insolvency/personally-liabilty-of-company-secretary/,/winding-up-petitions/,winding-up petition,anchor_absent_from_copy
https://www.companydebt.com/insolvency/personally-liabilty-of-company-secretary/,/liquidation/,company liquidation,anchor_absent_from_copy
https://www.companydebt.com/insolvency/personally-liabilty-of-company-secretary/,/hmrc/cant-pay-vat/,can’t pay VAT,anchor_absent_from_copy
https://www.companydebt.com/insolvency/personally-liabilty-of-company-secretary/,/hmrc/cant-pay-paye/,can’t pay PAYE,anchor_absent_from_copy
https://www.companydebt.com/insolvency/personally-liabilty-of-company-secretary/,/liquidation/how-much-does-liquidation-cost/,liquidation costs,anchor_absent_from_copy
https://www.companydebt.com/insolvency/personally-liabilty-of-company-secretary/,/director-redundancy/,director redundancy pay,anchor_absent_from_copy
https://www.companydebt.com/insolvency/personal-liability-spouses-business-debts/,/liquidation/creditors-voluntary-liquidation/,Creditors’ Voluntary Liquidation,anchor_absent_from_copy
https://www.companydebt.com/insolvency/personal-liability-spouses-business-debts/,/winding-up-petitions/,winding-up petition,anchor_absent_from_copy
https://www.companydebt.com/insolvency/personal-liability-spouses-business-debts/,/liquidation/how-much-does-liquidation-cost/,liquidation costs,anchor_absent_from_copy
https://www.companydebt.com/insolvency/personal-liability-spouses-business-debts/,/director-redundancy/,director redundancy pay,anchor_absent_from_copy
https://www.companydebt.com/insolvency/personal-liability-spouses-business-debts/,/advice/are-directors-personally-liable-for-company-debts/,directors personally liable for company debts,anchor_absent_from_copy
https://www.companydebt.com/insolvency/personal-liability-spouses-business-debts/,/closing-a-limited-company/,close a limited company with debts,anchor_absent_from_copy
https://www.companydebt.com/company-cash-flow-problems/biggest-struggles-for-small-business-owners/,/liquidation/,company liquidation,anchor_absent_from_copy
https://www.companydebt.com/company-cash-flow-problems/biggest-struggles-for-small-business-owners/,/hmrc/cant-pay-vat/,can’t pay VAT,anchor_absent_from_copy
https://www.companydebt.com/company-cash-flow-problems/biggest-struggles-for-small-business-owners/,/hmrc/cant-pay-paye/,can’t pay PAYE,anchor_absent_from_copy
https://www.companydebt.com/company-cash-flow-problems/biggest-struggles-for-small-business-owners/,/hmrc/problems-paying-corporation-tax-hmrc/,can’t pay Corporation Tax,anchor_absent_from_copy
https://www.companydebt.com/company-cash-flow-problems/biggest-struggles-for-small-business-owners/,/liquidation/how-much-does-liquidation-cost/,liquidation costs,anchor_absent_from_copy
https://www.companydebt.com/insolvency/stop-or-avoid-insolvency/,/winding-up-petitions/,winding-up petition,anchor_absent_from_copy
https://www.companydebt.com/insolvency/stop-or-avoid-insolvency/,/liquidation/,company liquidation,anchor_absent_from_copy
https://www.companydebt.com/insolvency/stop-or-avoid-insolvency/,/hmrc/cant-pay-vat/,can’t pay VAT,anchor_absent_from_copy
https://www.companydebt.com/insolvency/stop-or-avoid-insolvency/,/hmrc/problems-paying-corporation-tax-hmrc/,can’t pay Corporation Tax,anchor_absent_from_copy
https://www.companydebt.com/insolvency/stop-or-avoid-insolvency/,/liquidation/how-much-does-liquidation-cost/,liquidation costs,anchor_absent_from_copy
https://www.companydebt.com/company-cash-flow-problems/cant-pay-business-rates/,/liquidation/,company liquidation,anchor_absent_from_copy
https://www.companydebt.com/company-cash-flow-problems/cant-pay-business-rates/,/hmrc/cant-pay-paye/,can’t pay PAYE,anchor_absent_from_copy
https://www.companydebt.com/company-cash-flow-problems/cant-pay-business-rates/,/liquidation/how-much-does-liquidation-cost/,liquidation costs,anchor_absent_from_copy
https://www.companydebt.com/company-cash-flow-problems/cant-pay-business-rates/,/director-redundancy/,director redundancy pay,anchor_absent_from_copy
https://www.companydebt.com/advice/misfeasance/,/liquidation/creditors-voluntary-liquidation/,Creditors’ Voluntary Liquidation,anchor_absent_from_copy
https://www.companydebt.com/advice/misfeasance/,/liquidation/how-much-does-liquidation-cost/,liquidation costs,anchor_absent_from_copy
https://www.companydebt.com/advice/misfeasance/,/director-redundancy/,director redundancy pay,anchor_absent_from_copy
https://www.companydebt.com/advice/misfeasance/,/advice/are-directors-personally-liable-for-company-debts/,directors personally liable for company debts,anchor_absent_from_copy
https://www.companydebt.com/advice/misfeasance/,/closing-a-limited-company/,close a limited company with debts,anchor_absent_from_copy
https://www.companydebt.com/advice/misfeasance/,/debt-creditor-pressure-hub/,creditor pressure,anchor_absent_from_copy
https://www.companydebt.com/advice/misfeasance/,/winding-up-petitions/,winding-up petition,anchor_absent_from_copy
https://www.companydebt.com/insolvency/cease-trading/,/liquidation/,company liquidation,anchor_absent_from_copy
https://www.companydebt.com/insolvency/cease-trading/,/hmrc/cant-pay-vat/,can’t pay VAT,anchor_absent_from_copy
https://www.companydebt.com/insolvency/cease-trading/,/hmrc/cant-pay-paye/,can’t pay PAYE,anchor_absent_from_copy
https://www.companydebt.com/insolvency/cease-trading/,/hmrc/problems-paying-corporation-tax-hmrc/,can’t pay Corporation Tax,anchor_absent_from_copy
https://www.companydebt.com/insolvency/cease-trading/,/liquidation/how-much-does-liquidation-cost/,liquidation costs,anchor_absent_from_copy
https://www.companydebt.com/advice/debt-management-guide/,/liquidation/creditors-voluntary-liquidation/,Creditors’ Voluntary Liquidation,anchor_absent_from_copy
https://www.companydebt.com/advice/debt-management-guide/,/liquidation/,company liquidation,anchor_absent_from_copy
https://www.companydebt.com/advice/debt-management-guide/,/hmrc/cant-pay-vat/,can’t pay VAT,anchor_absent_from_copy
https://www.companydebt.com/advice/debt-management-guide/,/hmrc/cant-pay-paye/,can’t pay PAYE,anchor_absent_from_copy
https://www.companydebt.com/advice/debt-management-guide/,/hmrc/problems-paying-corporation-tax-hmrc/,can’t pay Corporation Tax,anchor_absent_from_copy
https://www.companydebt.com/advice/debt-management-guide/,/liquidation/how-much-does-liquidation-cost/,liquidation costs,anchor_absent_from_copy
https://www.companydebt.com/business-debt-advice/,/liquidation/creditors-voluntary-liquidation/,Creditors’ Voluntary Liquidation,anchor_absent_from_copy
https://www.companydebt.com/business-debt-advice/,/liquidation/,company liquidation,anchor_absent_from_copy
https://www.companydebt.com/business-debt-advice/,/hmrc/cant-pay-vat/,can’t pay VAT,anchor_absent_from_copy
https://www.companydebt.com/business-debt-advice/,/hmrc/cant-pay-paye/,can’t pay PAYE,anchor_absent_from_copy
https://www.companydebt.com/business-debt-advice/,/liquidation/how-much-does-liquidation-cost/,liquidation costs,anchor_absent_from_copy
https://www.companydebt.com/business-debt-advice/,/director-redundancy/,director redundancy pay,anchor_absent_from_copy
https://www.companydebt.com/company-cash-flow-problems/,/liquidation/,company liquidation,anchor_absent_from_copy
https://www.companydebt.com/company-cash-flow-problems/,/hmrc/cant-pay-vat/,can’t pay VAT,anchor_absent_from_copy
https://www.companydebt.com/company-cash-flow-problems/,/hmrc/cant-pay-paye/,can’t pay PAYE,anchor_absent_from_copy
https://www.companydebt.com/company-cash-flow-problems/,/hmrc/problems-paying-corporation-tax-hmrc/,can’t pay Corporation Tax,anchor_absent_from_copy
https://www.companydebt.com/company-cash-flow-problems/,/liquidation/how-much-does-liquidation-cost/,liquidation costs,anchor_absent_from_copy
https://www.companydebt.com/insolvency/validation-order/,/liquidation/,company liquidation,anchor_absent_from_copy
https://www.companydebt.com/insolvency/validation-order/,/hmrc/cant-pay-vat/,can’t pay VAT,anchor_absent_from_copy
https://www.companydebt.com/insolvency/validation-order/,/hmrc/cant-pay-paye/,can’t pay PAYE,anchor_absent_from_copy
https://www.companydebt.com/insolvency/validation-order/,/hmrc/problems-paying-corporation-tax-hmrc/,can’t pay Corporation Tax,anchor_absent_from_copy
https://www.companydebt.com/insolvency/validation-order/,/liquidation/how-much-does-liquidation-cost/,liquidation costs,anchor_absent_from_copy
https://www.companydebt.com/advice/personal-guarantee-insurance/,/liquidation/creditors-voluntary-liquidation/,Creditors’ Voluntary Liquidation,anchor_absent_from_copy
https://www.companydebt.com/advice/personal-guarantee-insurance/,/liquidation/how-much-does-liquidation-cost/,liquidation costs,anchor_absent_from_copy
https://www.companydebt.com/advice/personal-guarantee-insurance/,/director-redundancy/,director redundancy pay,anchor_absent_from_copy
https://www.companydebt.com/advice/personal-guarantee-insurance/,/advice/are-directors-personally-liable-for-company-debts/,directors personally liable for company debts,anchor_absent_from_copy
https://www.companydebt.com/advice/personal-guarantee-insurance/,/closing-a-limited-company/,close a limited company with debts,anchor_absent_from_copy
https://www.companydebt.com/advice/personal-guarantee-insurance/,/debt-creditor-pressure-hub/,creditor pressure,anchor_absent_from_copy
https://www.companydebt.com/advice/personal-guarantee-insurance/,/winding-up-petitions/,winding-up petition,anchor_absent_from_copy
https://www.companydebt.com/hmrc/time-to-pay-hmrc/,/liquidation/creditors-voluntary-liquidation/,Creditors’ Voluntary Liquidation,anchor_absent_from_copy
https://www.companydebt.com/hmrc/time-to-pay-hmrc/,/liquidation/,company liquidation,anchor_absent_from_copy
https://www.companydebt.com/hmrc/time-to-pay-hmrc/,/hmrc/cant-pay-vat/,can’t pay VAT,anchor_absent_from_copy
https://www.companydebt.com/hmrc/time-to-pay-hmrc/,/hmrc/cant-pay-paye/,can’t pay PAYE,anchor_absent_from_copy
https://www.companydebt.com/hmrc/time-to-pay-hmrc/,/hmrc/problems-paying-corporation-tax-hmrc/,can’t pay Corporation Tax,anchor_absent_from_copy
https://www.companydebt.com/hmrc/time-to-pay-hmrc/,/liquidation/how-much-does-liquidation-cost/,liquidation costs,anchor_absent_from_copy
https://www.companydebt.com/advice/what-are-fixed-and-floating-charges/,/liquidation/creditors-voluntary-liquidation/,Creditors’ Voluntary Liquidation,anchor_absent_from_copy
https://www.companydebt.com/advice/what-are-fixed-and-floating-charges/,/winding-up-petitions/,winding-up petition,anchor_absent_from_copy
https://www.companydebt.com/advice/what-are-fixed-and-floating-charges/,/liquidation/,company liquidation,anchor_absent_from_copy
https://www.companydebt.com/advice/what-are-fixed-and-floating-charges/,/hmrc/cant-pay-vat/,can’t pay VAT,anchor_absent_from_copy
https://www.companydebt.com/advice/what-are-fixed-and-floating-charges/,/hmrc/cant-pay-paye/,can’t pay PAYE,anchor_absent_from_copy
https://www.companydebt.com/advice/what-are-fixed-and-floating-charges/,/director-redundancy/,director redundancy pay,anchor_absent_from_copy
https://www.companydebt.com/insolvency/what-is-a-freezing-order-or-injunction/,/liquidation/,company liquidation,anchor_absent_from_copy
https://www.companydebt.com/insolvency/what-is-a-freezing-order-or-injunction/,/hmrc/cant-pay-vat/,can’t pay VAT,anchor_absent_from_copy
https://www.companydebt.com/insolvency/what-is-a-freezing-order-or-injunction/,/hmrc/cant-pay-paye/,can’t pay PAYE,anchor_absent_from_copy
https://www.companydebt.com/insolvency/what-is-a-freezing-order-or-injunction/,/hmrc/problems-paying-corporation-tax-hmrc/,can’t pay Corporation Tax,anchor_absent_from_copy
https://www.companydebt.com/insolvency/what-is-a-freezing-order-or-injunction/,/liquidation/how-much-does-liquidation-cost/,liquidation costs,anchor_absent_from_copy
https://www.companydebt.com/advice/what-are-the-duties-and-responsibilities-of-a-company-director/,/liquidation/creditors-voluntary-liquidation/,Creditors’ Voluntary Liquidation,anchor_absent_from_copy
https://www.companydebt.com/advice/what-are-the-duties-and-responsibilities-of-a-company-director/,/liquidation/how-much-does-liquidation-cost/,liquidation costs,anchor_absent_from_copy
https://www.companydebt.com/advice/what-are-the-duties-and-responsibilities-of-a-company-director/,/director-redundancy/,director redundancy pay,anchor_absent_from_copy
https://www.companydebt.com/advice/what-are-the-duties-and-responsibilities-of-a-company-director/,/advice/are-directors-personally-liable-for-company-debts/,directors personally liable for company debts,anchor_absent_from_copy
https://www.companydebt.com/advice/what-are-the-duties-and-responsibilities-of-a-company-director/,/closing-a-limited-company/,close a limited company with debts,anchor_absent_from_copy
https://www.companydebt.com/advice/what-are-the-duties-and-responsibilities-of-a-company-director/,/debt-creditor-pressure-hub/,creditor pressure,anchor_absent_from_copy
https://www.companydebt.com/advice/what-are-the-duties-and-responsibilities-of-a-company-director/,/winding-up-petitions/,winding-up petition,anchor_absent_from_copy
https://www.companydebt.com/winding-up-petitions/,/liquidation/,company liquidation,anchor_absent_from_copy
https://www.companydebt.com/winding-up-petitions/,/hmrc/cant-pay-paye/,can’t pay PAYE,anchor_absent_from_copy
https://www.companydebt.com/winding-up-petitions/,/liquidation/how-much-does-liquidation-cost/,liquidation costs,anchor_absent_from_copy
https://www.companydebt.com/winding-up-petitions/,/director-redundancy/,director redundancy pay,anchor_absent_from_copy
https://www.companydebt.com/winding-up-petitions/,/advice/overdrawn-directors-loan-accounts/,overdrawn director’s loan account,anchor_absent_from_copy
https://www.companydebt.com/insolvency/can-we-trade-out-of-insolvency/,/liquidation/,company liquidation,anchor_absent_from_copy
https://www.companydebt.com/insolvency/can-we-trade-out-of-insolvency/,/hmrc/cant-pay-vat/,can’t pay VAT,anchor_absent_from_copy
https://www.companydebt.com/insolvency/can-we-trade-out-of-insolvency/,/hmrc/cant-pay-paye/,can’t pay PAYE,anchor_absent_from_copy
https://www.companydebt.com/insolvency/can-we-trade-out-of-insolvency/,/liquidation/how-much-does-liquidation-cost/,liquidation costs,anchor_absent_from_copy
https://www.companydebt.com/insolvency/can-we-trade-out-of-insolvency/,/director-redundancy/,director redundancy pay,anchor_absent_from_copy
https://www.companydebt.com/insolvency/,/liquidation/,company liquidation,anchor_absent_from_copy
https://www.companydebt.com/insolvency/,/hmrc/cant-pay-paye/,can’t pay PAYE,anchor_absent_from_copy
https://www.companydebt.com/insolvency/,/liquidation/how-much-does-liquidation-cost/,liquidation costs,anchor_absent_from_copy
https://www.companydebt.com/insolvency/,/director-redundancy/,director redundancy pay,anchor_absent_from_copy
https://www.companydebt.com/insolvency/,/advice/overdrawn-directors-loan-accounts/,overdrawn director’s loan account,anchor_absent_from_copy
https://www.companydebt.com/insolvency/,/closing-a-limited-company/,close a limited company with debts,anchor_absent_from_copy
https://www.companydebt.com/hmrc/cant-pay-vat/,/liquidation/creditors-voluntary-liquidation/,Creditors’ Voluntary Liquidation,anchor_absent_from_copy
https://www.companydebt.com/hmrc/cant-pay-vat/,/liquidation/,company liquidation,anchor_absent_from_copy
https://www.companydebt.com/hmrc/cant-pay-vat/,/hmrc/cant-pay-paye/,can’t pay PAYE,anchor_absent_from_copy
https://www.companydebt.com/hmrc/cant-pay-vat/,/hmrc/problems-paying-corporation-tax-hmrc/,can’t pay Corporation Tax,anchor_absent_from_copy
https://www.companydebt.com/hmrc/cant-pay-vat/,/liquidation/how-much-does-liquidation-cost/,liquidation costs,anchor_absent_from_copy
https://www.companydebt.com/liquidation/how-much-does-liquidation-cost/,/winding-up-petitions/,winding-up petition,anchor_absent_from_copy
https://www.companydebt.com/liquidation/how-much-does-liquidation-cost/,/liquidation/,company liquidation,anchor_absent_from_copy
https://www.companydebt.com/liquidation/how-much-does-liquidation-cost/,/hmrc/cant-pay-vat/,can’t pay VAT,anchor_absent_from_copy
https://www.companydebt.com/liquidation/how-much-does-liquidation-cost/,/hmrc/cant-pay-paye/,can’t pay PAYE,anchor_absent_from_copy
https://www.companydebt.com/case-studies-hub/,/debt-creditor-pressure-hub/,creditor pressure,anchor_absent_from_copy
https://www.companydebt.com/case-studies-hub/,/winding-up-petitions/,winding-up petition,anchor_absent_from_copy
https://www.companydebt.com/case-studies-hub/,/liquidation/creditors-voluntary-liquidation/,Creditors’ Voluntary Liquidation,anchor_absent_from_copy
https://www.companydebt.com/case-studies-hub/,/advice/are-directors-personally-liable-for-company-debts/,director personal liability,anchor_absent_from_copy
https://www.companydebt.com/case-studies-hub/,/advice/directors-personal-guarantees/,directors’ personal guarantees,anchor_absent_from_copy
https://www.companydebt.com/case-studies-hub/,/advice/overdrawn-directors-loan-accounts/,overdrawn director’s loan account,anchor_absent_from_copy
https://www.companydebt.com/case-studies-hub/,/advice/losing-house-if-company-goes-bust/,losing your house if the company goes bust,anchor_absent_from_copy
https://www.companydebt.com/case-studies-hub/,/company-rescue-solutions/,company rescue solutions,anchor_absent_from_copy
https://www.companydebt.com/case-studies-hub/,/hmrc/,HMRC tax debt,anchor_absent_from_copy
https://www.companydebt.com/advice/the-risks-of-signing-a-personal-guarantee/,/liquidation/creditors-voluntary-liquidation/,Creditors’ Voluntary Liquidation,anchor_absent_from_copy
https://www.companydebt.com/advice/the-risks-of-signing-a-personal-guarantee/,/winding-up-petitions/,winding-up petition,anchor_absent_from_copy
https://www.companydebt.com/advice/the-risks-of-signing-a-personal-guarantee/,/liquidation/,company liquidation,anchor_absent_from_copy
https://www.companydebt.com/advice/the-risks-of-signing-a-personal-guarantee/,/hmrc/cant-pay-vat/,can’t pay VAT,anchor_absent_from_copy
https://www.companydebt.com/advice/the-risks-of-signing-a-personal-guarantee/,/hmrc/problems-paying-corporation-tax-hmrc/,can’t pay Corporation Tax,anchor_absent_from_copy
https://www.companydebt.com/advice/the-risks-of-signing-a-personal-guarantee/,/liquidation/how-much-does-liquidation-cost/,liquidation costs,anchor_absent_from_copy
https://www.companydebt.com/advice/the-risks-of-signing-a-personal-guarantee/,/director-redundancy/,director redundancy pay,anchor_absent_from_copy
https://www.companydebt.com/insolvency/limited-company-bankruptcy/,/hmrc/cant-pay-paye/,can’t pay PAYE,anchor_absent_from_copy
https://www.companydebt.com/insolvency/limited-company-bankruptcy/,/liquidation/how-much-does-liquidation-cost/,liquidation costs,anchor_absent_from_copy
https://www.companydebt.com/insolvency/limited-company-bankruptcy/,/director-redundancy/,director redundancy pay,anchor_absent_from_copy
https://www.companydebt.com/insolvency/insolvent-company-owes-me-money/,/liquidation/creditors-voluntary-liquidation/,Creditors’ Voluntary Liquidation,anchor_absent_from_copy
https://www.companydebt.com/insolvency/insolvent-company-owes-me-money/,/winding-up-petitions/,winding-up petition,anchor_absent_from_copy
https://www.companydebt.com/insolvency/insolvent-company-owes-me-money/,/liquidation/,company liquidation,anchor_absent_from_copy
https://www.companydebt.com/insolvency/insolvent-company-owes-me-money/,/hmrc/cant-pay-vat/,can’t pay VAT,anchor_absent_from_copy
https://www.companydebt.com/insolvency/insolvent-company-owes-me-money/,/hmrc/cant-pay-paye/,can’t pay PAYE,anchor_absent_from_copy
https://www.companydebt.com/insolvency/insolvent-company-owes-me-money/,/hmrc/problems-paying-corporation-tax-hmrc/,can’t pay Corporation Tax,anchor_absent_from_copy
https://www.companydebt.com/insolvency/insolvent-company-owes-me-money/,/liquidation/how-much-does-liquidation-cost/,liquidation costs,anchor_absent_from_copy
https://www.companydebt.com/liquidation/liquidation-hub/,/liquidation/creditors-voluntary-liquidation/,Creditors’ Voluntary Liquidation,anchor_absent_from_copy
https://www.companydebt.com/liquidation/liquidation-hub/,/liquidation/how-much-does-liquidation-cost/,liquidation costs,anchor_absent_from_copy
https://www.companydebt.com/liquidation/liquidation-hub/,/director-redundancy/,director redundancy pay,anchor_absent_from_copy
https://www.companydebt.com/liquidation/liquidation-hub/,/advice/are-directors-personally-liable-for-company-debts/,directors personally liable for company debts,anchor_absent_from_copy
https://www.companydebt.com/insolvency/shareholders-liable-company-debts/,/liquidation/creditors-voluntary-liquidation/,Creditors’ Voluntary Liquidation,anchor_absent_from_copy
https://www.companydebt.com/insolvency/shareholders-liable-company-debts/,/winding-up-petitions/,winding-up petition,anchor_absent_from_copy
https://www.companydebt.com/insolvency/shareholders-liable-company-debts/,/liquidation/,company liquidation,anchor_absent_from_copy
https://www.companydebt.com/insolvency/shareholders-liable-company-debts/,/hmrc/cant-pay-paye/,can’t pay PAYE,anchor_absent_from_copy
https://www.companydebt.com/insolvency/shareholders-liable-company-debts/,/liquidation/how-much-does-liquidation-cost/,liquidation costs,anchor_absent_from_copy
https://www.companydebt.com/insolvency/shareholders-liable-company-debts/,/director-redundancy/,director redundancy pay,anchor_absent_from_copy
https://www.companydebt.com/insolvency/shareholders-liable-company-debts/,/advice/are-directors-personally-liable-for-company-debts/,directors personally liable for company debts,anchor_absent_from_copy
https://www.companydebt.com/advice/what-is-limited-liability/,/liquidation/,company liquidation,anchor_absent_from_copy
https://www.companydebt.com/advice/what-is-limited-liability/,/hmrc/cant-pay-paye/,can’t pay PAYE,anchor_absent_from_copy
https://www.companydebt.com/advice/what-is-limited-liability/,/liquidation/how-much-does-liquidation-cost/,liquidation costs,anchor_absent_from_copy
https://www.companydebt.com/advice/what-is-limited-liability/,/director-redundancy/,director redundancy pay,anchor_absent_from_copy
https://www.companydebt.com/liquidation/,/liquidation/how-much-does-liquidation-cost/,liquidation costs,anchor_absent_from_copy
https://www.companydebt.com/liquidation/,/liquidation/compulsory-liquidation/,compulsory liquidation,anchor_already_linked
https://www.companydebt.com/liquidation/,/liquidation/company-strike-off-and-dissolution/,company strike off,anchor_absent_from_copy
https://www.companydebt.com/liquidation/,/liquidation/members-voluntary-liquidation/,Members’ Voluntary Liquidation,anchor_already_linked
https://www.companydebt.com/liquidation/,/director-redundancy/,redundancy payments for directors,anchor_already_linked
https://www.companydebt.com/advice/can-director-criminal-record/,/liquidation/,company liquidation,anchor_absent_from_copy
https://www.companydebt.com/advice/can-director-criminal-record/,/liquidation/how-much-does-liquidation-cost/,liquidation costs,anchor_absent_from_copy
https://www.companydebt.com/advice/can-director-criminal-record/,/director-redundancy/,director redundancy pay,anchor_absent_from_copy
https://www.companydebt.com/advice/can-director-criminal-record/,/advice/overdrawn-directors-loan-accounts/,overdrawn director’s loan account,anchor_absent_from_copy
https://www.companydebt.com/advice/can-director-criminal-record/,/advice/directors-personal-guarantees/,personal guarantees,anchor_absent_from_copy
https://www.companydebt.com/advice/can-director-criminal-record/,/closing-a-limited-company/,close a limited company with debts,anchor_absent_from_copy
https://www.companydebt.com/company-rescue-solutions/partnership-voluntary-arrangements/,/liquidation/creditors-voluntary-liquidation/,Creditors’ Voluntary Liquidation,anchor_absent_from_copy
https://www.companydebt.com/company-rescue-solutions/partnership-voluntary-arrangements/,/liquidation/how-much-does-liquidation-cost/,liquidation costs,anchor_absent_from_copy
https://www.companydebt.com/company-rescue-solutions/partnership-voluntary-arrangements/,/director-redundancy/,director redundancy pay,anchor_absent_from_copy
https://www.companydebt.com/company-rescue-solutions/partnership-voluntary-arrangements/,/advice/are-directors-personally-liable-for-company-debts/,directors personally liable for company debts,anchor_absent_from_copy
https://www.companydebt.com/company-rescue-solutions/partnership-voluntary-arrangements/,/closing-a-limited-company/,close a limited company with debts,anchor_absent_from_copy
https://www.companydebt.com/company-rescue-solutions/partnership-voluntary-arrangements/,/debt-creditor-pressure-hub/,creditor pressure,anchor_absent_from_copy
https://www.companydebt.com/company-rescue-solutions/partnership-voluntary-arrangements/,/winding-up-petitions/,winding-up petition,anchor_absent_from_copy
https://www.companydebt.com/company-rescue-solutions/company-voluntary-arrangement/vs-liquidation/,/winding-up-petitions/,winding-up petition,anchor_absent_from_copy
https://www.companydebt.com/company-rescue-solutions/company-voluntary-arrangement/vs-liquidation/,/liquidation/,company liquidation,anchor_absent_from_copy
https://www.companydebt.com/company-rescue-solutions/company-voluntary-arrangement/vs-liquidation/,/hmrc/cant-pay-vat/,can’t pay VAT,anchor_absent_from_copy
https://www.companydebt.com/company-rescue-solutions/company-voluntary-arrangement/vs-liquidation/,/hmrc/cant-pay-paye/,can’t pay PAYE,anchor_absent_from_copy
https://www.companydebt.com/company-rescue-solutions/company-voluntary-arrangement/vs-liquidation/,/liquidation/how-much-does-liquidation-cost/,liquidation costs,anchor_absent_from_copy
https://www.companydebt.com/company-rescue-solutions/company-voluntary-arrangement/vs-liquidation/,/director-redundancy/,director redundancy pay,anchor_absent_from_copy
https://www.companydebt.com/company-rescue-solutions/company-voluntary-arrangement/making-employees-redundant-cva/,/liquidation/creditors-voluntary-liquidation/,Creditors’ Voluntary Liquidation,anchor_absent_from_copy
https://www.companydebt.com/company-rescue-solutions/company-voluntary-arrangement/making-employees-redundant-cva/,/liquidation/how-much-does-liquidation-cost/,liquidation costs,anchor_absent_from_copy
https://www.companydebt.com/company-rescue-solutions/company-voluntary-arrangement/making-employees-redundant-cva/,/director-redundancy/,director redundancy pay,anchor_absent_from_copy
https://www.companydebt.com/company-rescue-solutions/company-voluntary-arrangement/making-employees-redundant-cva/,/advice/are-directors-personally-liable-for-company-debts/,directors personally liable for company debts,anchor_absent_from_copy
https://www.companydebt.com/company-rescue-solutions/company-voluntary-arrangement/making-employees-redundant-cva/,/closing-a-limited-company/,close a limited company with debts,anchor_absent_from_copy
https://www.companydebt.com/company-rescue-solutions/company-voluntary-arrangement/making-employees-redundant-cva/,/debt-creditor-pressure-hub/,creditor pressure,anchor_absent_from_copy
https://www.companydebt.com/company-rescue-solutions/company-voluntary-arrangement/making-employees-redundant-cva/,/winding-up-petitions/,winding-up petition,anchor_absent_from_copy
https://www.companydebt.com/insolvency/retail-industry-insolvency-trends/,/liquidation/,company liquidation,anchor_absent_from_copy
https://www.companydebt.com/insolvency/retail-industry-insolvency-trends/,/hmrc/cant-pay-vat/,can’t pay VAT,anchor_absent_from_copy
https://www.companydebt.com/insolvency/retail-industry-insolvency-trends/,/hmrc/cant-pay-paye/,can’t pay PAYE,anchor_absent_from_copy
https://www.companydebt.com/insolvency/retail-industry-insolvency-trends/,/hmrc/problems-paying-corporation-tax-hmrc/,can’t pay Corporation Tax,anchor_absent_from_copy
https://www.companydebt.com/insolvency/retail-industry-insolvency-trends/,/liquidation/how-much-does-liquidation-cost/,liquidation costs,anchor_absent_from_copy
https://www.companydebt.com/liquidation/timeline/,/winding-up-petitions/,winding-up petition,anchor_absent_from_copy
https://www.companydebt.com/liquidation/timeline/,/liquidation/,company liquidation,anchor_absent_from_copy
https://www.companydebt.com/liquidation/timeline/,/hmrc/cant-pay-vat/,can’t pay VAT,anchor_absent_from_copy
https://www.companydebt.com/liquidation/timeline/,/hmrc/cant-pay-paye/,can’t pay PAYE,anchor_absent_from_copy
https://www.companydebt.com/liquidation/timeline/,/hmrc/problems-paying-corporation-tax-hmrc/,can’t pay Corporation Tax,anchor_absent_from_copy
https://www.companydebt.com/liquidation/timeline/,/liquidation/how-much-does-liquidation-cost/,liquidation costs,anchor_absent_from_copy
https://www.companydebt.com/insolvency/what-is-an-individual-voluntary-arrangement/,/liquidation/creditors-voluntary-liquidation/,Creditors’ Voluntary Liquidation,anchor_absent_from_copy
https://www.companydebt.com/insolvency/what-is-an-individual-voluntary-arrangement/,/winding-up-petitions/,winding-up petition,anchor_absent_from_copy
https://www.companydebt.com/insolvency/what-is-an-individual-voluntary-arrangement/,/liquidation/,company liquidation,anchor_absent_from_copy
https://www.companydebt.com/insolvency/what-is-an-individual-voluntary-arrangement/,/liquidation/how-much-does-liquidation-cost/,liquidation costs,anchor_absent_from_copy
https://www.companydebt.com/insolvency/what-is-an-individual-voluntary-arrangement/,/director-redundancy/,director redundancy pay,anchor_absent_from_copy
https://www.companydebt.com/insolvency/what-is-an-individual-voluntary-arrangement/,/advice/are-directors-personally-liable-for-company-debts/,directors personally liable for company debts,anchor_absent_from_copy
https://www.companydebt.com/insolvency/what-is-an-individual-voluntary-arrangement/,/closing-a-limited-company/,close a limited company with debts,anchor_absent_from_copy
https://www.companydebt.com/hmrc/hmrc-offices-contact-guide/,/liquidation/creditors-voluntary-liquidation/,Creditors’ Voluntary Liquidation,anchor_absent_from_copy
https://www.companydebt.com/hmrc/hmrc-offices-contact-guide/,/liquidation/,company liquidation,anchor_absent_from_copy
https://www.companydebt.com/hmrc/hmrc-offices-contact-guide/,/hmrc/cant-pay-vat/,can’t pay VAT,anchor_absent_from_copy
https://www.companydebt.com/hmrc/hmrc-offices-contact-guide/,/hmrc/cant-pay-paye/,can’t pay PAYE,anchor_absent_from_copy
https://www.companydebt.com/hmrc/hmrc-offices-contact-guide/,/hmrc/problems-paying-corporation-tax-hmrc/,can’t pay Corporation Tax,anchor_absent_from_copy
https://www.companydebt.com/hmrc/hmrc-offices-contact-guide/,/closing-a-limited-company/,close a limited company with debts,anchor_absent_from_copy
https://www.companydebt.com/hmrc/hmrc-follower-notice/,/liquidation/creditors-voluntary-liquidation/,Creditors’ Voluntary Liquidation,anchor_absent_from_copy
https://www.companydebt.com/hmrc/hmrc-follower-notice/,/liquidation/,company liquidation,anchor_absent_from_copy
https://www.companydebt.com/hmrc/hmrc-follower-notice/,/hmrc/cant-pay-vat/,can’t pay VAT,anchor_absent_from_copy
https://www.companydebt.com/hmrc/hmrc-follower-notice/,/hmrc/cant-pay-paye/,can’t pay PAYE,anchor_absent_from_copy
https://www.companydebt.com/hmrc/hmrc-follower-notice/,/hmrc/problems-paying-corporation-tax-hmrc/,can’t pay Corporation Tax,anchor_absent_from_copy
https://www.companydebt.com/hmrc/hmrc-follower-notice/,/liquidation/how-much-does-liquidation-cost/,liquidation costs,anchor_absent_from_copy
https://www.companydebt.com/company-administration/vs-administrative-receivership/,/liquidation/creditors-voluntary-liquidation/,Creditors’ Voluntary Liquidation,anchor_absent_from_copy
https://www.companydebt.com/company-administration/vs-administrative-receivership/,/liquidation/how-much-does-liquidation-cost/,liquidation costs,anchor_absent_from_copy
https://www.companydebt.com/company-administration/vs-administrative-receivership/,/director-redundancy/,director redundancy pay,anchor_absent_from_copy
https://www.companydebt.com/company-administration/vs-administrative-receivership/,/advice/are-directors-personally-liable-for-company-debts/,directors personally liable for company debts,anchor_absent_from_copy
https://www.companydebt.com/company-administration/vs-administrative-receivership/,/closing-a-limited-company/,close a limited company with debts,anchor_absent_from_copy
https://www.companydebt.com/company-administration/vs-administrative-receivership/,/debt-creditor-pressure-hub/,creditor pressure,anchor_absent_from_copy
https://www.companydebt.com/company-administration/vs-administrative-receivership/,/winding-up-petitions/,winding-up petition,anchor_absent_from_copy
https://www.companydebt.com/insolvency/check-if-a-company-is-insolvent/,/liquidation/creditors-voluntary-liquidation/,Creditors’ Voluntary Liquidation,anchor_absent_from_copy
https://www.companydebt.com/insolvency/check-if-a-company-is-insolvent/,/winding-up-petitions/,winding-up petition,anchor_absent_from_copy
https://www.companydebt.com/insolvency/check-if-a-company-is-insolvent/,/liquidation/,company liquidation,anchor_absent_from_copy
https://www.companydebt.com/insolvency/check-if-a-company-is-insolvent/,/hmrc/problems-paying-corporation-tax-hmrc/,can’t pay Corporation Tax,anchor_absent_from_copy
https://www.companydebt.com/insolvency/check-if-a-company-is-insolvent/,/liquidation/how-much-does-liquidation-cost/,liquidation costs,anchor_absent_from_copy
https://www.companydebt.com/company-administration/vs-cva/,/liquidation/creditors-voluntary-liquidation/,Creditors’ Voluntary Liquidation,anchor_absent_from_copy
https://www.companydebt.com/company-administration/vs-cva/,/liquidation/how-much-does-liquidation-cost/,liquidation costs,anchor_absent_from_copy
https://www.companydebt.com/company-administration/vs-cva/,/director-redundancy/,director redundancy pay,anchor_absent_from_copy
https://www.companydebt.com/company-administration/vs-cva/,/advice/are-directors-personally-liable-for-company-debts/,directors personally liable for company debts,anchor_absent_from_copy
https://www.companydebt.com/company-administration/vs-cva/,/closing-a-limited-company/,close a limited company with debts,anchor_absent_from_copy
https://www.companydebt.com/company-administration/vs-cva/,/debt-creditor-pressure-hub/,creditor pressure,anchor_absent_from_copy
https://www.companydebt.com/company-administration/vs-cva/,/winding-up-petitions/,winding-up petition,anchor_absent_from_copy
https://www.companydebt.com/hmrc/problems-paying-corporation-tax-hmrc/,/liquidation/creditors-voluntary-liquidation/,Creditors’ Voluntary Liquidation,anchor_absent_from_copy
https://www.companydebt.com/hmrc/problems-paying-corporation-tax-hmrc/,/liquidation/,company liquidation,anchor_absent_from_copy
https://www.companydebt.com/hmrc/problems-paying-corporation-tax-hmrc/,/hmrc/cant-pay-vat/,can’t pay VAT,anchor_absent_from_copy
https://www.companydebt.com/hmrc/problems-paying-corporation-tax-hmrc/,/hmrc/cant-pay-paye/,can’t pay PAYE,anchor_absent_from_copy
https://www.companydebt.com/hmrc/problems-paying-corporation-tax-hmrc/,/liquidation/how-much-does-liquidation-cost/,liquidation costs,anchor_absent_from_copy
https://www.companydebt.com/liquidation/members-voluntary-liquidation/,/winding-up-petitions/,winding-up petition,anchor_absent_from_copy
https://www.companydebt.com/liquidation/members-voluntary-liquidation/,/liquidation/,company liquidation,anchor_absent_from_copy
https://www.companydebt.com/liquidation/members-voluntary-liquidation/,/hmrc/cant-pay-vat/,can’t pay VAT,anchor_absent_from_copy
https://www.companydebt.com/liquidation/members-voluntary-liquidation/,/hmrc/problems-paying-corporation-tax-hmrc/,can’t pay Corporation Tax,anchor_absent_from_copy
https://www.companydebt.com/liquidation/members-voluntary-liquidation/,/liquidation/how-much-does-liquidation-cost/,liquidation costs,anchor_already_linked
https://www.companydebt.com/liquidation/members-voluntary-liquidation/,/director-redundancy/,director redundancy pay,anchor_absent_from_copy
https://www.companydebt.com/liquidation/what-happens-to-employees/,/winding-up-petitions/,winding-up petition,anchor_absent_from_copy
https://www.companydebt.com/liquidation/what-happens-to-employees/,/liquidation/,company liquidation,anchor_absent_from_copy
https://www.companydebt.com/liquidation/what-happens-to-employees/,/hmrc/cant-pay-paye/,can’t pay PAYE,anchor_absent_from_copy
https://www.companydebt.com/liquidation/what-happens-to-employees/,/liquidation/how-much-does-liquidation-cost/,liquidation costs,anchor_absent_from_copy
https://www.companydebt.com/liquidation/what-happens-to-employees/,/director-redundancy/,redundancy payments for directors,anchor_already_linked
https://www.companydebt.com/liquidation/what-happens-to-employees/,/advice/overdrawn-directors-loan-accounts/,overdrawn director’s loan account,anchor_absent_from_copy
https://www.companydebt.com/director-redundancy/,/liquidation/creditors-voluntary-liquidation/,CVL,anchor_already_linked
https://www.companydebt.com/director-redundancy/,/winding-up-petitions/,winding-up petition,anchor_absent_from_copy
https://www.companydebt.com/director-redundancy/,/liquidation/,company liquidation,anchor_absent_from_copy
https://www.companydebt.com/director-redundancy/,/hmrc/cant-pay-paye/,can’t pay PAYE,anchor_absent_from_copy
https://www.companydebt.com/director-redundancy/,/liquidation/how-much-does-liquidation-cost/,liquidation costs,anchor_absent_from_copy
https://www.companydebt.com/director-redundancy/,/advice/overdrawn-directors-loan-accounts/,overdrawn director’s loan account,anchor_absent_from_copy
https://www.companydebt.com/hmrc/vat-penalties/,/liquidation/,company liquidation,anchor_absent_from_copy
https://www.companydebt.com/hmrc/vat-penalties/,/hmrc/cant-pay-paye/,can’t pay PAYE,anchor_absent_from_copy
https://www.companydebt.com/hmrc/vat-penalties/,/liquidation/how-much-does-liquidation-cost/,liquidation costs,anchor_absent_from_copy
https://www.companydebt.com/hmrc/vat-penalties/,/director-redundancy/,director redundancy pay,anchor_absent_from_copy
https://www.companydebt.com/hmrc/tax-penalties/,/winding-up-petitions/,winding-up petition,anchor_absent_from_copy
https://www.companydebt.com/hmrc/tax-penalties/,/liquidation/,company liquidation,anchor_absent_from_copy
https://www.companydebt.com/hmrc/tax-penalties/,/hmrc/cant-pay-vat/,can’t pay VAT,anchor_absent_from_copy
https://www.companydebt.com/hmrc/tax-penalties/,/hmrc/cant-pay-paye/,can’t pay PAYE,anchor_absent_from_copy
https://www.companydebt.com/hmrc/tax-penalties/,/hmrc/problems-paying-corporation-tax-hmrc/,can’t pay Corporation Tax,anchor_absent_from_copy
https://www.companydebt.com/hmrc/tax-penalties/,/liquidation/how-much-does-liquidation-cost/,liquidation costs,anchor_absent_from_copy
https://www.companydebt.com/advice/hmrcs-ir35-investigations-different/,/hmrc/time-to-pay-hmrc/,HMRC Time to Pay arrangement,anchor_absent_from_copy
https://www.companydebt.com/advice/hmrcs-ir35-investigations-different/,/hmrc/,HMRC tax debt,anchor_absent_from_copy
https://www.companydebt.com/advice/hmrcs-ir35-investigations-different/,/hmrc/cant-pay-vat/,can’t pay VAT,anchor_absent_from_copy
https://www.companydebt.com/advice/hmrcs-ir35-investigations-different/,/hmrc/cant-pay-paye/,can’t pay PAYE,anchor_absent_from_copy
https://www.companydebt.com/advice/hmrcs-ir35-investigations-different/,/closing-a-limited-company/,close a limited company with debts,anchor_absent_from_copy
https://www.companydebt.com/advice/hmrcs-ir35-investigations-different/,/liquidation/creditors-voluntary-liquidation/,Creditors’ Voluntary Liquidation,anchor_absent_from_copy
https://www.companydebt.com/hmrc/hmrc-criminal-investigations/,/hmrc/time-to-pay-hmrc/,HMRC Time to Pay arrangement,anchor_absent_from_copy
https://www.companydebt.com/hmrc/hmrc-criminal-investigations/,/hmrc/,HMRC tax debt,anchor_absent_from_copy
https://www.companydebt.com/hmrc/hmrc-criminal-investigations/,/company-rescue-solutions/company-voluntary-arrangement/,Company Voluntary Arrangement,anchor_absent_from_copy
https://www.companydebt.com/hmrc/hmrc-criminal-investigations/,/hmrc/cant-pay-paye/,can’t pay PAYE,anchor_absent_from_copy
https://www.companydebt.com/hmrc/hmrc-criminal-investigations/,/liquidation/,company liquidation,anchor_absent_from_copy
https://www.companydebt.com/hmrc/hmrc-criminal-investigations/,/liquidation/how-much-does-liquidation-cost/,liquidation costs,anchor_absent_from_copy
https://www.companydebt.com/hmrc/hmrc-criminal-investigations/,/director-redundancy/,director redundancy pay,anchor_absent_from_copy
https://www.companydebt.com/hmrc/hmrc-fraud-investigations/,/hmrc/time-to-pay-hmrc/,HMRC Time to Pay arrangement,anchor_absent_from_copy
https://www.companydebt.com/hmrc/hmrc-fraud-investigations/,/hmrc/,HMRC tax debt,anchor_absent_from_copy
https://www.companydebt.com/hmrc/hmrc-fraud-investigations/,/hmrc/cant-pay-vat/,can’t pay VAT,anchor_absent_from_copy
https://www.companydebt.com/hmrc/hmrc-fraud-investigations/,/hmrc/cant-pay-paye/,can’t pay PAYE,anchor_absent_from_copy
https://www.companydebt.com/hmrc/hmrc-fraud-investigations/,/liquidation/,company liquidation,anchor_absent_from_copy
https://www.companydebt.com/hmrc/hmrc-fraud-investigations/,/liquidation/how-much-does-liquidation-cost/,liquidation costs,anchor_absent_from_copy
https://www.companydebt.com/complaints/,/company-rescue-solutions/company-voluntary-arrangement/,Company Voluntary Arrangement,anchor_absent_from_copy
https://www.companydebt.com/insolvency/preferential-non-preferential-creditors/,/liquidation/creditors-voluntary-liquidation/,Creditors’ Voluntary Liquidation,anchor_absent_from_copy
https://www.companydebt.com/insolvency/preferential-non-preferential-creditors/,/winding-up-petitions/,winding-up petition,anchor_absent_from_copy
https://www.companydebt.com/insolvency/preferential-non-preferential-creditors/,/liquidation/,company liquidation,anchor_absent_from_copy
https://www.companydebt.com/insolvency/preferential-non-preferential-creditors/,/hmrc/cant-pay-vat/,can’t pay VAT,anchor_absent_from_copy
https://www.companydebt.com/insolvency/preferential-non-preferential-creditors/,/hmrc/cant-pay-paye/,can’t pay PAYE,anchor_absent_from_copy
https://www.companydebt.com/insolvency/preferential-non-preferential-creditors/,/hmrc/problems-paying-corporation-tax-hmrc/,can’t pay Corporation Tax,anchor_absent_from_copy
https://www.companydebt.com/insolvency/preferential-non-preferential-creditors/,/liquidation/how-much-does-liquidation-cost/,liquidation costs,anchor_absent_from_copy
https://www.companydebt.com/advice/frozen-bank-account/,/liquidation/,company liquidation,anchor_absent_from_copy
https://www.companydebt.com/advice/frozen-bank-account/,/hmrc/cant-pay-paye/,can’t pay PAYE,anchor_absent_from_copy
https://www.companydebt.com/advice/frozen-bank-account/,/liquidation/how-much-does-liquidation-cost/,liquidation costs,anchor_absent_from_copy
https://www.companydebt.com/advice/frozen-bank-account/,/director-redundancy/,director redundancy pay,anchor_absent_from_copy
https://www.companydebt.com/advice/frozen-bank-account/,/advice/overdrawn-directors-loan-accounts/,overdrawn director’s loan account,anchor_absent_from_copy
https://www.companydebt.com/insolvency/insolvency-test/,/liquidation/,company liquidation,anchor_absent_from_copy
https://www.companydebt.com/insolvency/insolvency-test/,/hmrc/cant-pay-vat/,can’t pay VAT,anchor_absent_from_copy
https://www.companydebt.com/insolvency/insolvency-test/,/hmrc/cant-pay-paye/,can’t pay PAYE,anchor_absent_from_copy
https://www.companydebt.com/insolvency/insolvency-test/,/liquidation/how-much-does-liquidation-cost/,liquidation costs,anchor_absent_from_copy
https://www.companydebt.com/insolvency/insolvency-test/,/director-redundancy/,director redundancy pay,anchor_absent_from_copy
https://www.companydebt.com/insolvency/statement-of-affairs/,/winding-up-petitions/,winding-up petition,anchor_absent_from_copy
https://www.companydebt.com/insolvency/statement-of-affairs/,/liquidation/,company liquidation,anchor_absent_from_copy
https://www.companydebt.com/insolvency/statement-of-affairs/,/hmrc/cant-pay-vat/,can’t pay VAT,anchor_absent_from_copy
https://www.companydebt.com/insolvency/statement-of-affairs/,/hmrc/cant-pay-paye/,can’t pay PAYE,anchor_absent_from_copy
https://www.companydebt.com/insolvency/statement-of-affairs/,/hmrc/problems-paying-corporation-tax-hmrc/,can’t pay Corporation Tax,anchor_absent_from_copy
https://www.companydebt.com/insolvency/statement-of-affairs/,/liquidation/how-much-does-liquidation-cost/,liquidation costs,anchor_absent_from_copy
https://www.companydebt.com/careers/,/liquidation/creditors-voluntary-liquidation/,Creditors’ Voluntary Liquidation,anchor_absent_from_copy
https://www.companydebt.com/careers/,/liquidation/how-much-does-liquidation-cost/,liquidation costs,anchor_absent_from_copy
https://www.companydebt.com/about-us/,/advice/are-directors-personally-liable-for-company-debts/,directors personally liable for company debts,anchor_absent_from_copy
https://www.companydebt.com/about-us/,/advice/directors-personal-guarantees/,directors’ personal guarantees,anchor_absent_from_copy
https://www.companydebt.com/hmrc/understanding-hmrc-debt-collection/,/liquidation/,company liquidation,anchor_absent_from_copy
https://www.companydebt.com/hmrc/understanding-hmrc-debt-collection/,/hmrc/cant-pay-vat/,can’t pay VAT,anchor_absent_from_copy
https://www.companydebt.com/hmrc/understanding-hmrc-debt-collection/,/hmrc/cant-pay-paye/,can’t pay PAYE,anchor_absent_from_copy
https://www.companydebt.com/hmrc/understanding-hmrc-debt-collection/,/liquidation/how-much-does-liquidation-cost/,liquidation costs,anchor_absent_from_copy
https://www.companydebt.com/hmrc/understanding-hmrc-debt-collection/,/director-redundancy/,director redundancy pay,anchor_absent_from_copy
https://www.companydebt.com/hmrc/what-can-hmrc-bailiffs-take/,/winding-up-petitions/,winding-up petition,anchor_absent_from_copy
https://www.companydebt.com/hmrc/what-can-hmrc-bailiffs-take/,/liquidation/,company liquidation,anchor_absent_from_copy
https://www.companydebt.com/hmrc/what-can-hmrc-bailiffs-take/,/hmrc/cant-pay-vat/,can’t pay VAT,anchor_absent_from_copy
https://www.companydebt.com/hmrc/what-can-hmrc-bailiffs-take/,/liquidation/how-much-does-liquidation-cost/,liquidation costs,anchor_absent_from_copy
https://www.companydebt.com/hmrc/what-can-hmrc-bailiffs-take/,/director-redundancy/,director redundancy pay,anchor_absent_from_copy
https://www.companydebt.com/hmrc/what-can-hmrc-bailiffs-take/,/advice/overdrawn-directors-loan-accounts/,overdrawn director’s loan account,anchor_absent_from_copy
https://www.companydebt.com/hmrc/controlled-goods-agreement/,/winding-up-petitions/,winding-up petition,anchor_absent_from_copy
https://www.companydebt.com/hmrc/controlled-goods-agreement/,/liquidation/,company liquidation,anchor_absent_from_copy
https://www.companydebt.com/hmrc/controlled-goods-agreement/,/liquidation/how-much-does-liquidation-cost/,liquidation costs,anchor_absent_from_copy
https://www.companydebt.com/hmrc/controlled-goods-agreement/,/director-redundancy/,director redundancy pay,anchor_absent_from_copy
https://www.companydebt.com/hmrc/controlled-goods-agreement/,/advice/overdrawn-directors-loan-accounts/,overdrawn director’s loan account,anchor_absent_from_copy
https://www.companydebt.com/hmrc/controlled-goods-agreement/,/advice/directors-personal-guarantees/,personal guarantees,anchor_absent_from_copy
https://www.companydebt.com/insolvency/what-is-an-insolvency-practitioner/,/liquidation/,company liquidation,anchor_absent_from_copy
https://www.companydebt.com/insolvency/what-is-an-insolvency-practitioner/,/hmrc/cant-pay-vat/,can’t pay VAT,anchor_absent_from_copy
https://www.companydebt.com/insolvency/what-is-an-insolvency-practitioner/,/hmrc/cant-pay-paye/,can’t pay PAYE,anchor_absent_from_copy
https://www.companydebt.com/insolvency/what-is-an-insolvency-practitioner/,/liquidation/how-much-does-liquidation-cost/,liquidation costs,anchor_absent_from_copy
https://www.companydebt.com/insolvency/what-is-an-insolvency-practitioner/,/director-redundancy/,director redundancy pay,anchor_absent_from_copy
https://www.companydebt.com/hmrc/notice-of-enforcement/,/liquidation/,company liquidation,anchor_absent_from_copy
https://www.companydebt.com/hmrc/notice-of-enforcement/,/hmrc/cant-pay-paye/,can’t pay PAYE,anchor_absent_from_copy
https://www.companydebt.com/hmrc/notice-of-enforcement/,/liquidation/how-much-does-liquidation-cost/,liquidation costs,anchor_absent_from_copy
https://www.companydebt.com/hmrc/notice-of-enforcement/,/director-redundancy/,director redundancy pay,anchor_absent_from_copy
https://www.companydebt.com/hmrc/notice-of-enforcement/,/advice/overdrawn-directors-loan-accounts/,overdrawn director’s loan account,anchor_absent_from_copy
https://www.companydebt.com/hmrc/joint-and-several-liability-for-unpaid-vat/,/liquidation/,company liquidation,anchor_absent_from_copy
https://www.companydebt.com/hmrc/joint-and-several-liability-for-unpaid-vat/,/hmrc/cant-pay-paye/,can’t pay PAYE,anchor_absent_from_copy
https://www.companydebt.com/hmrc/joint-and-several-liability-for-unpaid-vat/,/liquidation/how-much-does-liquidation-cost/,liquidation costs,anchor_absent_from_copy
https://www.companydebt.com/hmrc/joint-and-several-liability-for-unpaid-vat/,/director-redundancy/,director redundancy pay,anchor_absent_from_copy
https://www.companydebt.com/hmrc/hmrc-tax-investigations/,/liquidation/creditors-voluntary-liquidation/,Creditors’ Voluntary Liquidation,anchor_absent_from_copy
https://www.companydebt.com/hmrc/hmrc-tax-investigations/,/winding-up-petitions/,winding-up petition,anchor_absent_from_copy
https://www.companydebt.com/hmrc/hmrc-tax-investigations/,/liquidation/,company liquidation,anchor_absent_from_copy
https://www.companydebt.com/hmrc/hmrc-tax-investigations/,/hmrc/cant-pay-vat/,can’t pay VAT,anchor_absent_from_copy
https://www.companydebt.com/hmrc/hmrc-tax-investigations/,/hmrc/cant-pay-paye/,can’t pay PAYE,anchor_absent_from_copy
https://www.companydebt.com/hmrc/hmrc-tax-investigations/,/hmrc/problems-paying-corporation-tax-hmrc/,can’t pay Corporation Tax,anchor_absent_from_copy
https://www.companydebt.com/hmrc/hmrc-tax-investigations/,/closing-a-limited-company/,close a limited company with debts,anchor_absent_from_copy
https://www.companydebt.com/hmrc/security-bonds/,/liquidation/,company liquidation,anchor_absent_from_copy
https://www.companydebt.com/hmrc/security-bonds/,/hmrc/cant-pay-vat/,can’t pay VAT,anchor_absent_from_copy
https://www.companydebt.com/hmrc/security-bonds/,/hmrc/cant-pay-paye/,can’t pay PAYE,anchor_absent_from_copy
https://www.companydebt.com/hmrc/security-bonds/,/liquidation/how-much-does-liquidation-cost/,liquidation costs,anchor_absent_from_copy
https://www.companydebt.com/hmrc/security-bonds/,/director-redundancy/,director redundancy pay,anchor_absent_from_copy
https://www.companydebt.com/advice/what-are-phoenix-companies/,/liquidation/creditors-voluntary-liquidation/,Creditors’ Voluntary Liquidation,anchor_absent_from_copy
https://www.companydebt.com/advice/what-are-phoenix-companies/,/winding-up-petitions/,winding-up petition,anchor_absent_from_copy
https://www.companydebt.com/advice/what-are-phoenix-companies/,/liquidation/,company liquidation,anchor_absent_from_copy
https://www.companydebt.com/advice/what-are-phoenix-companies/,/liquidation/how-much-does-liquidation-cost/,liquidation costs,anchor_absent_from_copy
https://www.companydebt.com/advice/what-are-phoenix-companies/,/director-redundancy/,director redundancy pay,anchor_absent_from_copy
https://www.companydebt.com/advice/what-are-phoenix-companies/,/advice/are-directors-personally-liable-for-company-debts/,directors personally liable for company debts,anchor_absent_from_copy
https://www.companydebt.com/advice/what-are-phoenix-companies/,/closing-a-limited-company/,close a limited company with debts,anchor_absent_from_copy
https://www.companydebt.com/hmrc/hmrc-compliance-checks/,/winding-up-petitions/,winding-up petition,anchor_absent_from_copy
https://www.companydebt.com/hmrc/hmrc-compliance-checks/,/liquidation/,company liquidation,anchor_absent_from_copy
https://www.companydebt.com/hmrc/hmrc-compliance-checks/,/hmrc/cant-pay-vat/,can’t pay VAT,anchor_absent_from_copy
https://www.companydebt.com/hmrc/hmrc-compliance-checks/,/hmrc/cant-pay-paye/,can’t pay PAYE,anchor_absent_from_copy
https://www.companydebt.com/hmrc/hmrc-compliance-checks/,/hmrc/problems-paying-corporation-tax-hmrc/,can’t pay Corporation Tax,anchor_absent_from_copy
https://www.companydebt.com/hmrc/hmrc-compliance-checks/,/liquidation/how-much-does-liquidation-cost/,liquidation costs,anchor_absent_from_copy
https://www.companydebt.com/hmrc/distraint-order-notice/,/liquidation/,company liquidation,anchor_absent_from_copy
https://www.companydebt.com/hmrc/distraint-order-notice/,/hmrc/cant-pay-vat/,can’t pay VAT,anchor_absent_from_copy
https://www.companydebt.com/hmrc/distraint-order-notice/,/hmrc/cant-pay-paye/,can’t pay PAYE,anchor_absent_from_copy
https://www.companydebt.com/hmrc/distraint-order-notice/,/liquidation/how-much-does-liquidation-cost/,CVL costs,placement_forbidden
https://www.companydebt.com/hmrc/distraint-order-notice/,/director-redundancy/,director redundancy pay,anchor_absent_from_copy
https://www.companydebt.com/hmrc/security-bond-notices/,/liquidation/creditors-voluntary-liquidation/,Creditors’ Voluntary Liquidation,anchor_absent_from_copy
https://www.companydebt.com/hmrc/security-bond-notices/,/winding-up-petitions/,winding-up petition,anchor_absent_from_copy
https://www.companydebt.com/hmrc/security-bond-notices/,/liquidation/,company liquidation,anchor_absent_from_copy
https://www.companydebt.com/hmrc/security-bond-notices/,/hmrc/cant-pay-vat/,can’t pay VAT,anchor_absent_from_copy
https://www.companydebt.com/hmrc/security-bond-notices/,/hmrc/cant-pay-paye/,can’t pay PAYE,anchor_absent_from_copy
https://www.companydebt.com/hmrc/security-bond-notices/,/liquidation/how-much-does-liquidation-cost/,liquidation costs,anchor_absent_from_copy
https://www.companydebt.com/hmrc/security-bond-notices/,/director-redundancy/,director redundancy pay,anchor_absent_from_copy
https://www.companydebt.com/hmrc/personal-liability-notices/,/liquidation/creditors-voluntary-liquidation/,Creditors’ Voluntary Liquidation,anchor_absent_from_copy
https://www.companydebt.com/hmrc/personal-liability-notices/,/winding-up-petitions/,winding-up petition,anchor_absent_from_copy
https://www.companydebt.com/hmrc/personal-liability-notices/,/liquidation/,company liquidation,anchor_absent_from_copy
https://www.companydebt.com/hmrc/personal-liability-notices/,/hmrc/cant-pay-vat/,can’t pay VAT,anchor_absent_from_copy
https://www.companydebt.com/hmrc/personal-liability-notices/,/hmrc/cant-pay-paye/,can’t pay PAYE,anchor_absent_from_copy
https://www.companydebt.com/hmrc/personal-liability-notices/,/hmrc/problems-paying-corporation-tax-hmrc/,can’t pay Corporation Tax,anchor_absent_from_copy
https://www.companydebt.com/hmrc/personal-liability-notices/,/liquidation/how-much-does-liquidation-cost/,liquidation costs,anchor_absent_from_copy
https://www.companydebt.com/receivership-mean-business/,/liquidation/creditors-voluntary-liquidation/,Creditors’ Voluntary Liquidation,anchor_absent_from_copy
https://www.companydebt.com/receivership-mean-business/,/winding-up-petitions/,winding-up petition,anchor_absent_from_copy
https://www.companydebt.com/receivership-mean-business/,/liquidation/,company liquidation,anchor_absent_from_copy
https://www.companydebt.com/receivership-mean-business/,/hmrc/cant-pay-paye/,can’t pay PAYE,anchor_absent_from_copy
https://www.companydebt.com/receivership-mean-business/,/liquidation/how-much-does-liquidation-cost/,liquidation costs,anchor_absent_from_copy
https://www.companydebt.com/receivership-mean-business/,/director-redundancy/,director redundancy pay,anchor_absent_from_copy
https://www.companydebt.com/receivership-mean-business/,/advice/are-directors-personally-liable-for-company-debts/,directors personally liable for company debts,anchor_absent_from_copy
https://www.companydebt.com/company-rescue-solutions/pre-packs/,/winding-up-petitions/,winding-up petition,anchor_absent_from_copy
https://www.companydebt.com/company-rescue-solutions/pre-packs/,/liquidation/,company liquidation,anchor_absent_from_copy
https://www.companydebt.com/company-rescue-solutions/pre-packs/,/hmrc/cant-pay-vat/,can’t pay VAT,anchor_absent_from_copy
https://www.companydebt.com/company-rescue-solutions/pre-packs/,/hmrc/cant-pay-paye/,can’t pay PAYE,anchor_absent_from_copy
https://www.companydebt.com/company-rescue-solutions/pre-packs/,/liquidation/how-much-does-liquidation-cost/,liquidation costs,anchor_absent_from_copy
https://www.companydebt.com/company-rescue-solutions/pre-packs/,/director-redundancy/,director redundancy pay,anchor_absent_from_copy
https://www.companydebt.com/hmrc/hmrc-threatening-letters/,/liquidation/,company liquidation,anchor_absent_from_copy
https://www.companydebt.com/hmrc/hmrc-threatening-letters/,/hmrc/cant-pay-vat/,can’t pay VAT,anchor_absent_from_copy
https://www.companydebt.com/hmrc/hmrc-threatening-letters/,/hmrc/cant-pay-paye/,can’t pay PAYE,anchor_absent_from_copy
https://www.companydebt.com/hmrc/hmrc-threatening-letters/,/hmrc/problems-paying-corporation-tax-hmrc/,can’t pay Corporation Tax,anchor_absent_from_copy
https://www.companydebt.com/hmrc/hmrc-threatening-letters/,/liquidation/how-much-does-liquidation-cost/,liquidation costs,anchor_absent_from_copy
https://www.companydebt.com/hmrc/cant-pay-paye/,/liquidation/creditors-voluntary-liquidation/,Creditors’ Voluntary Liquidation,anchor_absent_from_copy
https://www.companydebt.com/hmrc/cant-pay-paye/,/liquidation/,company liquidation,anchor_absent_from_copy
https://www.companydebt.com/hmrc/cant-pay-paye/,/hmrc/cant-pay-vat/,can’t pay VAT,anchor_absent_from_copy
https://www.companydebt.com/hmrc/cant-pay-paye/,/hmrc/problems-paying-corporation-tax-hmrc/,can’t pay Corporation Tax,anchor_absent_from_copy
https://www.companydebt.com/hmrc/cant-pay-paye/,/liquidation/how-much-does-liquidation-cost/,liquidation costs,anchor_absent_from_copy
https://www.companydebt.com/company-rescue-solutions/company-voluntary-arrangement/,/winding-up-petitions/,winding-up petition,anchor_absent_from_copy
https://www.companydebt.com/company-rescue-solutions/company-voluntary-arrangement/,/liquidation/,company liquidation,anchor_absent_from_copy
https://www.companydebt.com/company-rescue-solutions/company-voluntary-arrangement/,/hmrc/cant-pay-vat/,can’t pay VAT,anchor_absent_from_copy
https://www.companydebt.com/company-rescue-solutions/company-voluntary-arrangement/,/hmrc/cant-pay-paye/,can’t pay PAYE,anchor_absent_from_copy
https://www.companydebt.com/company-rescue-solutions/company-voluntary-arrangement/,/liquidation/how-much-does-liquidation-cost/,liquidation costs,anchor_absent_from_copy
https://www.companydebt.com/company-rescue-solutions/company-voluntary-arrangement/,/director-redundancy/,director redundancy pay,anchor_absent_from_copy
https://www.companydebt.com/liquidation/compulsory-liquidation/,/hmrc/cant-pay-vat/,can’t pay VAT,anchor_absent_from_copy
https://www.companydebt.com/liquidation/compulsory-liquidation/,/hmrc/cant-pay-paye/,can’t pay PAYE,anchor_absent_from_copy
https://www.companydebt.com/liquidation/compulsory-liquidation/,/liquidation/how-much-does-liquidation-cost/,liquidation costs,anchor_absent_from_copy
https://www.companydebt.com/liquidation/compulsory-liquidation/,/director-redundancy/,director redundancy pay,anchor_absent_from_copy
https://www.companydebt.com/company-rescue-solutions/,/company-administration/,company administration,anchor_absent_from_copy
https://www.companydebt.com/company-rescue-solutions/,/company-rescue-recovery-hub/,company rescue and recovery,anchor_absent_from_copy
